median_income,nb_households,median_price_m2,predicted_price,residual_error,insee_code,commune,dept_code
21660.0,6855.0,2409.090909090909,2418.2356968864897,-9.144787795580669,01004,AMBERIEU-EN-BUGEY,01
24610.0,800.0,3170.2127659574467,2849.470379718587,320.7423862388596,01005,AMBERIEUX-EN-DOMBES,01
24860.0,1184.0,2181.818181818182,2448.961176317211,-267.1429944990291,01007,AMBRONAY,01
24700.0,481.0,2716.8021680216802,2456.6727687360385,260.12939928564174,01010,ANGLEFORT,01
26430.0,565.0,2261.7354196301567,2309.213008691648,-47.47758906149147,01021,ARS-SUR-FORMANS,01
22000.0,574.0,1666.6666666666667,1781.6199200783208,-114.95325341165403,01022,ARTEMARE,01
24460.0,1406.0,2473.1182795698924,2561.5526445977744,-88.434365027882,01024,ATTIGNAT,01
24880.0,1628.0,2365.3734449621434,2457.4458437702574,-92.07239880811403,01025,BAGE-DOMMARTIN,01
22860.0,434.0,1983.1932773109243,1965.5044336452813,17.688843665642935,01026,BAGE-LE-CHATEL,01
25770.0,712.0,3142.601787487587,2806.1354548763966,336.4663326111904,01027,BALAN,01
20550.0,1479.0,2012.135844940426,1906.3174216672812,105.81842327314484,01031,BELLIGNAT,01
23060.0,1184.0,3305.0,2731.510864870426,573.4891351295742,01032,BELIGNEUX,01
23780.0,6545.0,3320.625,3318.6400773382043,1.9849226617957356,01033,VALSERHONE,01
21180.0,4073.0,1909.090909090909,1977.7509054808127,-68.65999638990365,01034,BELLEY,01
23820.0,592.0,1716.4179104477612,1972.36516659272,-255.94725614495883,01036,VALROMEY-SUR-SERAN,01
25150.0,336.0,1693.5483870967741,1747.3932732158507,-53.84488611907659,01041,BETTANT,01
28730.0,1963.0,3673.0093676814986,3429.6550172223565,243.3543504591421,01043,BEYNOST,01
27110.0,484.0,2700.0,3116.964021424178,-416.9640214241781,01047,BLYES,01
26780.0,1279.0,3505.855855855856,2941.1020988697105,564.7537569861456,01049,LA BOISSE,01
20210.0,18870.0,2156.9444444444443,1921.6895626118164,235.25488183262792,01053,BOURG-EN-BRESSE,01
27320.0,573.0,2723.5772357723577,2534.383016755599,189.19421901675878,01054,BOURG-SAINT-CHRISTOPHE,01
26810.0,794.0,2593.75,2538.4423163141014,55.30768368589861,01065,BUELLAS,01
25320.0,1392.0,2504.587155963303,2638.609784661237,-134.02262869793412,01072,CEYZERIAT,01
23720.0,1029.0,2446.808510638298,2116.15179676352,330.6567138747778,01074,CHALAMONT,01
25580.0,384.0,2266.9082125603863,2189.7293261918803,77.17888636850603,01083,CHANEINS,01
25170.0,896.0,2336.842105263158,2349.176397037008,-12.334291773850055,01089,CHATEAU-GAILLARD,01
25470.0,674.0,2868.607462402437,2355.14843679503,513.4590256074066,01092,CHATILLON-LA-PALUD,01
23430.0,2349.0,2829.5454545454545,2595.3386566224485,234.20679792300598,01093,CHATILLON-SUR-CHALARONNE,01
22520.0,460.0,2562.5,2235.4669643984075,327.0330356015925,01098,CHAZEY-BONS,01
26780.0,674.0,2649.5726495726494,2531.045606041244,118.52704353140552,01099,CHAZEY-SUR-AIN,01
21090.0,74.0,2405.6524738813323,2057.953133745484,347.69934013584816,01100,CHEIGNIEU-LA-BALME,01
23750.0,399.0,1757.8947368421052,1999.2298352119617,-241.3350983698565,01102,CHEVROUX,01
28920.0,728.0,2917.506828362286,2985.087625167345,-67.58079680505898,01105,CIVRIEUX,01
23750.0,554.0,1902.6515151515152,1802.9653070000886,99.68620815142663,01108,COLIGNY,01
33820.0,814.0,4214.971306923362,3944.738706128464,270.2326007948982,01109,COLLONGES,01
24350.0,562.0,2522.174688057041,2552.9118033352242,-30.73711527818341,01115,CONFRANCON,01
21560.0,1260.0,2062.0689655172414,2019.1018739257515,42.96709159148986,01138,CULOZ-BEON,01
25320.0,1856.0,3009.7087378640776,2760.7971689031297,248.911568960948,01142,DAGNEUX,01
24100.0,514.0,2463.9804639804643,2262.7047363829774,201.27572759748682,01145,DOMPIERRE-SUR-VEYLE,01
23960.0,802.0,2183.9080459770116,2182.7300980808486,1.1779478961630048,01148,DORTAN,01
27070.0,977.0,2492.285714285714,2594.9264637014435,-102.64074941572926,01157,FAREINS,01
37990.0,383.0,3974.7747747747744,3768.624469797073,206.15030497770158,01158,FARGES,01
24360.0,1497.0,1655.7096625057789,2215.6945465555686,-559.9848840497898,01159,FEILLENS,01
23810.0,865.0,1991.270178419711,2169.46546794608,-178.19528952636892,01163,FOISSIAT,01
26140.0,593.0,3091.1111111111113,2684.248513105012,406.86259800609923,01165,FRANCHELEINS,01
27060.0,1011.0,3018.75,3028.9630238283844,-10.213023828384394,01166,FRANS,01
35280.0,5068.0,3609.1946248196246,3786.3663946145716,-177.17176979494707,01173,GEX,01
24460.0,846.0,2459.6153846153848,2485.5592719880074,-25.943887372622612,01179,GRIEGES,01
25240.0,573.0,2804.1237113402062,2027.126321204225,776.9973901359813,01183,GUEREINS,01
24580.0,364.0,1779.0109034267912,1873.752236721379,-94.74133329458778,01184,HAUTECOURT-ROMANECHE,01
23080.0,1978.0,2288.135593220339,2554.531570326964,-266.39597710662474,01185,PLATEAU D'HAUTEVILLE,01
23500.0,934.0,2441.6442883701716,2570.7272478547266,-129.08295948455498,01192,IZERNORE,01
24030.0,2598.0,2993.575,2924.8433072966377,68.73169270336211,01194,JASSANS-RIOTTIER,01
25630.0,716.0,1920.2898550724638,2179.0194421023048,-258.729587029841,01195,JASSERON,01
23050.0,979.0,2423.582089552239,2267.036671884129,156.54541766810962,01199,JUJURIEUX,01
23820.0,3302.0,2551.7241379310344,2518.930490198302,32.79364773273255,01202,LAGNIEU,01
24780.0,635.0,1892.6315789473683,2543.015944132718,-650.3843651853495,01211,LENT,01
24160.0,542.0,2246.4985994397757,2318.8615683633675,-72.36296892359178,01213,LEYMENT,01
23420.0,1328.0,2866.8741988646766,2045.081123803455,821.7930750612215,01224,LOYETTES,01
25260.0,834.0,1456.818181818182,1711.5881470895672,-254.76996527138522,01231,MANZIAT,01
24540.0,973.0,2365.5913978494623,2222.6240666177778,142.9673312316845,01232,MARBOZ,01
24430.0,409.0,1809.090909090909,2017.165896329344,-208.07498723843491,01236,MARSONNAS,01
28590.0,1060.0,3149.509605662285,3146.583909824725,2.9256958375599424,01238,MASSIEUX,01
23900.0,257.0,2461.327737949525,2405.3005952571616,56.02714269236321,01239,MASSIGNIEU-DE-RIVES,01
24890.0,3395.0,2742.5271739130435,2780.799161528458,-38.27198761541467,01244,MEXIMIEUX,01
25140.0,392.0,2212.5,1719.0811734715448,493.41882652845516,01245,BOHAS-MEYRIAT-RIGNAT,01
23740.0,936.0,2079.646017699115,2132.5388158696474,-52.89279817053239,01246,MEZERIAT,01
26720.0,4028.0,3741.217391304348,3718.970525175537,22.24686612881078,01249,MIRIBEL,01
27460.0,716.0,3607.6555023923447,3281.8133167569817,325.84218563536297,01250,MISERIEUX,01
26260.0,327.0,2500.0,2117.081218073468,382.9187819265321,01252,MOGNENEINS,01
27200.0,859.0,1867.6687396351576,2229.3052221604235,-361.6364825252658,01254,MONTAGNAT,01
30110.0,145.0,1489.6827586206898,2066.203362383948,-576.5206037632581,01257,MONTANGES,01
23590.0,2980.0,3416.378205128205,2883.6622214487247,532.7159836794804,01262,MONTLUEL,01
25970.0,1651.0,2605.2463409606266,2560.6896510229585,44.556689937668125,01263,MONTMERLE-SUR-SAONE,01
25180.0,409.0,2380.9523809523807,2199.5081496466055,181.44423130577525,01264,MONTRACOL,01
21010.0,1522.0,1654.1353383458647,1610.4885399346647,43.64679841120005,01265,MONTREAL LA CLUSE,01
22720.0,1256.0,1966.9473684210527,1919.2021257921206,47.74524262893215,01266,MONTREVEL-EN-BRESSE,01
18370.0,1398.0,1157.0048309178744,1186.364194451184,-29.359363533309534,01269,NANTUA,01
23200.0,686.0,2232.4590163934427,2003.4191736607745,229.03984273266815,01272,NEUVILLE-LES-DAMES,01
23060.0,747.0,2731.4814814814813,1737.2067479669859,994.2747335144954,01273,NEUVILLE-SUR-AIN,01
18340.0,9011.0,2182.5396825396824,2757.5085642027157,-574.9688816630332,01283,OYONNAX,01
26600.0,404.0,2273.9010989010985,2122.591308291024,151.30979061007474,01286,PARVES ET NATTAGES,01
24100.0,2786.0,1987.598235765838,2100.3206862731076,-112.72245050726974,01289,PERONNAS,01
23600.0,347.0,1335.7142857142858,1615.5431192543804,-279.8288335400946,01294,PEYRIEU,01
24570.0,227.0,2449.718045112782,1913.86537856134,535.8526665514419,01295,PEYZIEUX-SUR-SAONE,01
25060.0,1140.0,2225.791920953211,2472.0248285709945,-246.23290761778344,01301,POLLIAT,01
22810.0,1191.0,2047.244094488189,1938.126941468441,109.117153019748,01304,PONT-D AIN,01
21070.0,1095.0,1973.9440710314498,2060.4721219647895,-86.52805093333973,01305,PONT-DE-VAUX,01
25110.0,739.0,2312.0,2534.011007972612,-222.01100797261188,01314,PRIAY,01
24890.0,1629.0,2451.25,2465.991623801878,-14.741623801878177,01320,REPLONGES,01
29130.0,1858.0,3363.6363636363635,3359.229694351712,4.406669284651343,01322,REYRIEUX,01
25800.0,328.0,2190.4736842105262,2495.1843406286953,-304.71065641816904,01332,SAINT-ANDRE-DE-BAGE,01
26550.0,1429.0,3405.281668222845,3301.8619245182067,103.41974370463822,01333,SAINT-ANDRE-DE-CORCY,01
24070.0,492.0,2480.6201550387595,1948.6009775277455,532.019177511014,01336,SAINT-ANDRE-SUR-VIEUX-JONC,01
32220.0,603.0,3142.8571428571427,3049.33890693455,93.5182359225928,01339,SAINT-BERNARD,01
24170.0,737.0,2411.4285714285716,2160.117710006982,251.31086142158938,01343,SAINT-CYR-SUR-MENTHON,01
25580.0,2613.0,2401.2155353685775,2328.3561773312226,72.85935803735492,01344,SAINT-DENIS-LES-BOURG,01
23670.0,981.0,2253.521126760563,2197.419486658767,56.10164010179642,01345,SAINT-DENIS-EN-BUGEY,01
24190.0,347.0,2012.1951219512196,1887.4884545258892,124.70666742533035,01346,SAINT-DIDIER-D AUSSIAT,01
23560.0,1226.0,2033.649601410087,2077.7614310783397,-44.11182966825277,01348,SAINT-DIDIER-SUR-CHALARONNE,01
24380.0,1125.0,2343.75,2458.6567670467507,-114.9067670467507,01350,SAINT-ETIENNE-DU-BOIS,01
23960.0,643.0,2561.904761904762,2062.64629690779,499.2584649969717,01351,ST-ETIENNE-SUR-CHALARONNE,01
27390.0,385.0,2745.098039215686,2448.586137048299,296.51190216738723,01369,SAINT-JUST,01
25350.0,328.0,1279.0697674418604,1567.7114838522784,-288.641716410418,01375,SAINT-MARTIN-LE-CHATEL,01
23570.0,1633.0,3343.5294117647063,2990.30386015955,353.2255516051564,01376,SAINT-MAURICE-DE-BEYNOST,01
24110.0,308.0,2059.3406593406594,1921.215645866035,138.12501347462444,01379,SAINT-MAURICE-DE-REMENS,01
22400.0,273.0,1319.4444444444443,1483.1363073368389,-163.6918628923945,01380,SAINT-NIZIER-LE-BOUCHOUX,01
23200.0,600.0,2505.050505050505,2414.7071580349466,90.34334701555827,01383,SAINT-PAUL-DE-VARAX,01
20170.0,974.0,1842.9487179487178,1721.6414131737502,121.30730477496763,01384,SAINT-RAMBERT-EN-BUGEY,01
26690.0,491.0,2299.5726495726494,2364.5944083901354,-65.02175881748599,01386,SAINT-SORLIN-EN-BUGEY,01
27660.0,263.0,2086.5384615384614,2193.342587477594,-106.80412593913252,01392,SAMOGNAT,01
25970.0,219.0,3402.4229691876753,3194.364291786191,208.05867740148415,01393,SANDRANS,01
26370.0,560.0,2393.2645897323387,2315.57714598683,77.68744374550852,01398,SAVIGNEUX,01
23780.0,434.0,3333.3333333333335,2785.542583445862,547.7907498874715,01407,SEYSSEL,01
23210.0,280.0,1047.2582972582973,1290.6290294772814,-243.37073221898413,01408,SIMANDRE-SUR-SURAN,01
31610.0,658.0,3700.996835443038,3353.8657027841728,347.1311326588652,01424,TRAMOYES,01
24280.0,1058.0,2147.7988878591286,2070.672307231604,77.12658062752462,01426,VAL-REVERMONT,01
23920.0,2941.0,3264.3724696356276,3262.557624845273,1.8148447903545275,01427,TREVOUX,01
25240.0,532.0,2278.481012658228,2333.2199876002833,-54.73897494205539,01431,VAUX-EN-BUGEY,01
24480.0,2154.0,2672.5,2624.765258589557,47.73474141044289,01443,VILLARS-LES-DOMBES,01
22700.0,536.0,2166.6666666666665,1989.8638725233918,176.8027941432747,01444,VILLEBOIS,01
26440.0,598.0,2249.1496598639455,2292.4625678558923,-43.31290799194676,01446,VILLENEUVE,01
23600.0,566.0,1719.356796116505,1766.5154811726054,-47.15868505610047,01447,VILLEREVERSURE,01
26810.0,1488.0,2867.12447176335,2763.2246239383785,103.8998478249714,01450,VILLIEU-LOYES-MOLLON,01
25470.0,2762.0,2547.701592193118,2875.570626986178,-327.8690347930601,01451,VIRIAT,01
20600.0,470.0,1956.5217391304348,1755.8972970020934,200.62444212834134,01452,VIRIEU-LE-GRAND,01
22000.0,1369.0,2504.6728971962616,2259.8653809631687,244.80751623309288,01457,VONNAS,01
23020.0,421.0,1360.0,1502.4176368217747,-142.41763682177475,02003,ACY,02
20610.0,1088.0,1282.051282051282,1505.960445975791,-223.9091639245089,02018,ANIZY LE GRAND,02
22820.0,1101.0,1513.5053954833684,1766.0950832344472,-252.58968775107883,02028,ATHIES SOUS LAON,02
21970.0,544.0,1358.7662337662337,1529.5092342946052,-170.74300052837157,02037,AULNOIS SOUS LAON,02
17760.0,1123.0,1213.582251082251,1078.2185208537599,135.36373022849125,02059,BEAUTOR,02
20140.0,1637.0,1601.098901098901,1782.077197825619,-180.97829672671787,02064,BELLEU,02
22590.0,492.0,1680.330290010741,1645.6403600371902,34.68992997355076,02089,BILLY SUR AISNE,02
16190.0,2347.0,805.0213675213676,1070.9473504893904,-265.9259829680228,02095,BOHAIN-EN-VERMANDOIS,02
20580.0,898.0,1474.025974025974,1432.980742461579,41.04523156439495,02110,BRAINE,02
22080.0,667.0,1784.1651812240048,1789.4657607695938,-5.300579545589017,02114,BRASLES,02
23910.0,686.0,1363.6363636363637,1848.2337803613402,-484.5974167249765,02128,BRUYERES ET MONTBERAULT,02
23900.0,775.0,1791.6666666666667,1957.1885459019404,-165.52187923527367,02131,BUCY LE LONG,02
21200.0,351.0,1563.913043478261,1468.3493779859525,95.56366549230847,02134,BUIRE,02
18690.0,759.0,1115.0085034013605,1155.7171178764193,-40.708614475058766,02141,LA CAPELLE,02
20900.0,717.0,1044.88011988012,1225.3629076647196,-180.48278778459962,02165,CHARMES,02
19150.0,6760.0,1868.6868686868686,1904.3622349159255,-35.67536622905686,02168,CHATEAU THIERRY,02
18580.0,5358.0,1127.659574468085,1359.9616962407156,-232.30212177263047,02173,CHAUNY,02
24080.0,558.0,2009.3406593406594,2104.477064734057,-95.13640539339758,02186,CHEZY SUR MARNE,02
22730.0,788.0,1713.4408602150538,1937.003914168485,-223.5630539534311,02226,COURMELLES,02
20740.0,722.0,1497.7896481856696,1463.8967987345438,33.89284945112581,02238,CREPY,02
20820.0,1292.0,1727.937940140845,1799.3009547731353,-71.36301463229029,02243,CROUY,02
21430.0,684.0,1225.0,1393.8918874847016,-168.89188748470156,02245,CUFFIES,02
24790.0,466.0,1454.2062415196744,2288.6510796767707,-834.4448381570962,02287,ESSIGNY LE GRAND,02
23660.0,1105.0,1676.056338028169,2054.5793343658675,-378.5229963376985,02290,ESSOMES SUR MARNE,02
16210.0,1178.0,1875.0,1545.825134268364,329.1748657316359,02304,LA FERE,02
22930.0,882.0,1697.6,1700.5853199888238,-2.9853199888239033,02307,LA FERTE-MILON,02
21460.0,261.0,939.8496240601504,1407.7035738199336,-467.8539497597832,02309,FESTIEUX,02
21150.0,642.0,1863.4868421052631,1799.9183388718538,63.568503233409274,02315,FLAVY LE MARTEL,02
19180.0,1237.0,1705.5142857142857,1608.2519402755966,97.26234543868918,02334,FRESNOY LE GRAND,02
20850.0,2298.0,1394.6143617021276,2110.5336361283694,-715.9192744262418,02340,GAUCHY,02
22150.0,523.0,1380.952380952381,1647.7563065031163,-266.80392555073536,02359,GRUGIES,02
23040.0,1152.0,2007.3684210526317,2033.7337379512894,-26.36531689865774,02360,VILLENEUVE SUR AISNE,02
17320.0,2067.0,1123.2078853046596,1164.1704937811737,-40.962608476514106,02361,GUISE,02
21470.0,767.0,1098.901098901099,1388.439601828945,-289.5385029278459,02371,HARLY,02
16460.0,3803.0,828.5714285714286,1164.6902079476595,-336.1187793762309,02381,HIRSON,02
23890.0,578.0,1649.20625,1778.2922011920673,-129.08595119206734,02382,HOLNON,02
25090.0,601.0,1086.9565217391305,1485.2638647921924,-398.3073430530619,02383,HOMBLIERES,02
22640.0,283.0,2045.1530612244896,2007.5915543140782,37.56150691041148,02389,JAULGONNE,02
20940.0,85.0,1153.7541846006695,1280.7903883284669,-127.03620372779733,02391,JEANTES,02
18000.0,11004.0,1238.7218045112782,1684.7673493872478,-446.04554487596965,02408,LAON,02
18670.0,936.0,1418.739155581261,1374.5205230192917,44.21863256196934,02468,MARLE,02
20690.0,327.0,1101.5838509316768,1638.19088647868,-536.6070355470033,02500,MONTBREHAIN,02
18140.0,545.0,1405.5555555555557,1881.6693347675932,-476.11377921203757,02502,MONTCORNET,02
22300.0,286.0,1353.0452083563614,1334.3994706958233,18.64573766053809,02520,MONT NOTRE DAME,02
24450.0,497.0,2386.3636363636365,2311.077696442974,75.28593992066271,02521,MONTREUIL AUX LIONS,02
20960.0,829.0,1213.5922330097087,1712.898056153498,-499.3058231437892,02543,NEUILLY SAINT FRONT,02
21670.0,860.0,2105.2631578947367,1904.1214514621338,201.14170643260286,02555,NOGENT L ARTAUD,02
19230.0,1126.0,1060.0,1147.848716197638,-87.84871619763794,02558,LE NOUVION-EN-THIERACHE,02
21090.0,334.0,1369.5176808696738,1305.088771116004,64.42890975366981,02580,OULCHY-LE-CHATEAU,02
20050.0,734.0,1457.142857142857,1227.8639029670962,229.27895417576087,02602,PINON,02
23300.0,246.0,1878.8995215311006,1714.2385066570566,164.66101487404399,02613,PONTAVERT,02
19520.0,843.0,978.1626506024097,1084.1198531992677,-105.957202596858,02648,RIBEMONT,02
21480.0,700.0,1432.9113924050635,1897.6254010835216,-464.7140086784582,02676,ST ERME OUTRE ET RAMECOURT,02
21840.0,903.0,906.25,1111.869232615513,-205.61923261551306,02680,SAINT GOBAIN,02
18600.0,1358.0,794.7542653425007,1224.6302781880547,-429.876012845554,02684,SAINT MICHEL,02
18400.0,24352.0,1150.0,1692.7705757614956,-542.7705757614956,02691,SAINT QUENTIN,02
21070.0,111.0,1820.6521739130435,1788.6672792051054,31.98489470793811,02699,SAPONAY,02
21890.0,889.0,1182.7380952380952,1313.867358767644,-131.12926352954878,02719,SINCENY,02
18280.0,12797.0,1718.072463768116,2585.221772216212,-867.1493084480958,02722,SOISSONS,02
18550.0,5933.0,1176.4705882352941,1581.3511206782548,-404.88053244296066,02738,TERGNIER,02
20750.0,973.0,1827.5862068965516,1723.1348161598935,104.45139073665814,02758,VAILLY-SUR-AISNE,02
18480.0,1171.0,1086.9565217391305,1132.8126010433473,-45.85607930421679,02789,VERVINS,02
21250.0,153.0,1348.0392156862745,1610.0476620597626,-262.00844637348814,02799,VIERZY,02
20260.0,4494.0,1946.3459759481962,2062.8515984426067,-116.50562249441055,02810,VILLERS-COTTERETS,02
23470.0,287.0,1235.284280936455,1290.5783753544454,-55.294094417990436,02821,VIVAISE,02
23170.0,1316.0,1836.5384615384614,1838.734113528043,-2.19565198958162,03001,ABREST,03
23560.0,1902.0,1727.891156462585,1963.680056277836,-235.78889981525094,03013,AVERMES,03
21660.0,772.0,1047.481796116505,1272.310719534066,-224.8289234175611,03019,BEAULON,03
23070.0,4233.0,2078.7011557512383,2251.2567171126557,-172.5555613614174,03023,BELLERIVE SUR ALLIER,03
21880.0,1122.0,1557.377049180328,1790.5613104438912,-233.18426126356326,03036,BOURBON-L ARCHAMBAULT,03
26380.0,485.0,1720.9302325581396,1802.223364879535,-81.29313232139543,03040,BRESSOLLES,03
21530.0,545.0,1448.75,1279.1550528840685,169.59494711593152,03043,BROUT-VERNET,03
20180.0,588.0,974.390243902439,1249.0386275198769,-274.64838361743784,03048,CERILLY,03
20330.0,3120.0,1000.0,1191.0362157590018,-191.03621575900183,03082,COMMENTRY,03
20910.0,1030.0,1131.5987933634992,1231.4097929827492,-99.81099961924997,03084,COSNE-D ALLIER,03
25400.0,1479.0,1803.5714285714287,2107.8071209098057,-304.235692338377,03094,CREUZIER-LE-VIEUX,03
20770.0,6315.0,1455.0824175824177,1646.4591097861103,-191.37669220369253,03095,CUSSET,03
22100.0,2143.0,1074.0740740740741,1472.307471336718,-398.23339726264385,03098,DESERTINES,03
22590.0,4065.0,1356.060606060606,1659.5866326668206,-303.5260266062146,03101,DOMERAT,03
21010.0,1465.0,1111.111111111111,1319.5024564108617,-208.39134529975058,03102,DOMPIERRE-SUR-BESBRE,03
21210.0,288.0,1333.989898989899,1495.5281822593188,-161.5382832694197,03112,ETROUSSAT,03
20770.0,2731.0,1357.9836829836831,2071.0637028839924,-713.0800199003093,03118,GANNAT,03
22750.0,556.0,1373.5714285714287,1454.2195344019792,-80.64810583055055,03126,HAUTERIVE,03
21930.0,274.0,1212.6438434982738,1457.4751652374969,-244.83132173922309,03127,HERISSON,03
22370.0,1202.0,1307.2232645403378,1706.9013635128451,-399.6780989725073,03128,HURIEL,03
20390.0,257.0,881.7829457364342,967.6774273503775,-85.8944816139433,03132,JALIGNY-SUR-BESBRE,03
20090.0,1459.0,1271.1374631268436,1292.4356260365594,-21.298162909715757,03138,LAPALISSE,03
23460.0,493.0,1146.8253968253966,1452.3616603132189,-305.5362634878222,03140,LAVAULT-SAINTE-ANNE,03
20010.0,860.0,847.6620370370371,1151.9228463113986,-304.2608092743616,03155,LURCY-LEVIS,03
22870.0,707.0,1633.6803272700708,1616.222766127344,17.457561142726945,03156,LUSIGNY,03
19350.0,665.0,1640.345238095238,1452.550360546131,187.794877549107,03165,LE MAYET DE MONTAGNE,03
21490.0,436.0,1024.0740740740741,1184.0128865776162,-159.93881250354207,03168,MEAULNE-VITRAY,03
21720.0,269.0,1082.0112994350284,1429.6929574648807,-347.6816580298523,03180,MONTBEUGNY,03
19420.0,17670.0,1155.852417302799,1717.3823059363622,-561.5298886335631,03185,MONTLUCON,03
19010.0,685.0,662.5,888.0021883717757,-225.50218837177567,03186,MONTMARAULT,03
19880.0,9844.0,1327.3107692307694,1969.1446850559985,-641.833915825229,03190,MOULINS,03
23450.0,1188.0,1044.4444444444443,1349.7181080171786,-305.2736635727342,03195,NERIS-LES-BAINS,03
23230.0,652.0,1288.888888888889,1618.039788742776,-329.15089985388704,03197,NEUILLY-LE-REAL,03
25570.0,672.0,1582.2974321749389,1962.5328002967692,-380.23536812183033,03200,NEUVY,03
24280.0,1093.0,1200.0,1617.5697991289726,-417.5697991289726,03211,PREMILHAT,03
23880.0,631.0,1458.623693379791,1912.5243975305486,-453.90070415075775,03212,QUINSSAINES,03
20830.0,357.0,1445.673076923077,1920.8497395683103,-475.17666264523336,03221,SAINT-BONNET-TRONCAIS,03
20490.0,1693.0,1078.4964068546158,1308.7882507813647,-230.29184392674892,03236,SAINT-GERMAIN-DES-FOSSES,03
21770.0,265.0,1298.3323494687131,1420.519470423661,-122.18712095494789,03242,SAINT-LOUP,03
20970.0,2401.0,1438.3561643835617,1927.4602873408805,-489.10412295731885,03254,ST POURCAIN SUR SIOULE,03
21180.0,1286.0,1492.5373134328358,1584.0084027853381,-91.4710893525023,03264,SAINT-YORRE,03
21640.0,794.0,760.1634997790543,1867.0019634875405,-1106.8384637084862,03275,SOUVIGNY,03
25010.0,663.0,1765.432098765432,2018.3545249034235,-252.92242613799135,03290,TREVOL,03
20790.0,747.0,886.6666666666666,1142.3260426924342,-255.65937602576753,03297,VALLON-EN-SULLY,03
20200.0,1786.0,1371.212121212121,1485.9221508285948,-114.71002961647378,03298,VARENNES SUR ALLIER,03
25620.0,798.0,1150.0,1690.4310152522605,-540.4310152522605,03306,LE VERNET,03
20190.0,14598.0,2098.9814814814813,2044.7379299760164,54.24355150546489,03310,VICHY,03
24770.0,549.0,1847.5468975468975,2673.785258789876,-826.2383612429785,03314,VILLEBRET,03
23540.0,5955.0,1612.162162162162,2475.1818682694284,-863.0197061072663,03321,YZEURE,03
19910.0,347.0,1217.2272727272727,1313.6622743142989,-96.43500158702614,04018,BANON,04
21210.0,246.0,1381.8181818181818,1416.8802679448045,-35.06208612662272,04031,BRAS-D ASSE,04
21120.0,646.0,1762.111111111111,1802.3524960563561,-40.241384945245045,04039,CASTELLANE,04
21080.0,2432.0,2733.8129496402876,2504.2062895578633,229.60666008242424,04049,CHATEAU-ARNOUX-SAINT-AUBAN,04
23770.0,225.0,2400.4629629629626,1884.910870390894,515.5520925720687,04053,CHATEAUNEUF VAL ST DONAT,04
24550.0,498.0,2333.3333333333335,2282.0560790433315,51.27725429000202,04063,CORBIERES-EN-PROVENCE,04
20490.0,284.0,1970.8387942332897,1460.5672043863308,510.27158984695893,04065,CRUIS,04
21480.0,7885.0,2770.6521739130435,1942.270430990336,828.3817429227074,04070,DIGNE-LES-BAINS,04
23060.0,231.0,1922.4183350895678,1904.2499299726505,18.168405116917256,04084,ESTOUBLON,04
20570.0,2141.0,3043.478260869565,2577.9918383484646,465.4864225211004,04088,FORCALQUIER,04
22240.0,1413.0,3392.9591836734694,1879.3977456747475,1513.5614379987219,04094,GREOUX-LES-BAINS,04
23980.0,135.0,2456.1403508771928,2270.5649900148715,185.5753608623213,04109,MALLEFOUGASSE-AUGES,04
23800.0,472.0,2372.354651162791,2021.662645082033,350.6920060807581,04110,MALLEMOISSON,04
21170.0,10029.0,2887.4722838137473,2562.5688926101425,324.90339120360477,04112,MANOSQUE,04
21460.0,1685.0,1916.1496350364964,1725.447630351077,190.70200468541952,04116,LES MEES,04
21240.0,208.0,3386.484375,2657.343492523624,729.1408824763762,04126,MONTCLAR,04
23050.0,2646.0,2314.814814814815,2723.8713484655564,-409.0565336507416,04143,ORAISON,04
22080.0,1250.0,2305.357142857143,2052.4925620618114,252.86458079533168,04149,PEYRUIS,04
21770.0,335.0,2111.4728682170544,1822.328321217948,289.1445469991063,04157,PUIMOISSON,04
21480.0,735.0,3333.3333333333335,2764.4669509488717,568.8663823844618,04160,REILLANNE,04
20130.0,820.0,2122.8070175438597,2035.592995462596,87.21402208126369,04166,RIEZ,04
23120.0,458.0,2435.047720042418,2204.4625971575047,230.5851228849133,04173,SAINT-ANDRE-LES-ALPES,04
20660.0,557.0,2223.867890889642,1221.3203095489043,1002.5475813407375,04178,SAINT-ETIENNE-LES-ORGUES,04
22180.0,1395.0,2461.3844393592676,2223.5514097358346,237.83302962343305,04197,SAINTE-TULLE,04
20830.0,662.0,2375.9615384615386,2026.4192896910295,349.5422487705091,04205,SEYNE,04
21840.0,272.0,2375.387931034483,2095.5205247889694,279.8674062455134,04208,SIMIANE-LA-ROTONDE,04
20900.0,3450.0,2745.065789473684,2562.021534150437,183.04425532324694,04209,SISTERON,04
21900.0,1407.0,2210.5263157894738,2098.230765806411,112.29554998306276,04230,VALENSOLE,04
22910.0,1616.0,3049.9313725490197,2749.771845879811,300.15952666920884,04242,VILLENEUVE,04
22980.0,768.0,1888.0837359098227,1955.0509574874884,-66.96722157766567,04244,VOLONNE,04
23570.0,1313.0,2719.3460975099397,2700.799214279358,18.546883230581898,04245,VOLX,04
20810.0,984.0,2659.574468085106,2231.2892107821926,428.2852573029136,05006,L'ARGENTIERE-LA-BESSEE,05
19610.0,182.0,3259.259259259259,2555.0572683918663,704.2019908673929,05007,ARVIEUX,05
19880.0,387.0,1530.3030303030303,1523.2579125200239,7.04511778300639,05010,ASPRES-SUR-BUECH,05
22770.0,1054.0,2841.160436137072,2636.8895993422843,204.27083679478756,05017,LA BATIE NEUVE,05
21630.0,5543.0,3895.3488372093025,3113.127664180556,782.2211730287463,05023,BRIANCON,05
21750.0,3336.0,3563.960481099656,3093.430474531193,470.53000656846325,05046,EMBRUN,05
19420.0,319.0,3128.5714285714284,2510.3804523503427,618.1909762210857,05050,ESPINASSES,05
22550.0,371.0,3306.8347423510468,2695.4799270416224,611.3548153094243,05052,EYGLIERS,05
22280.0,19093.0,3331.521739130435,3472.8609148034066,-141.33917567297158,05061,GAP,05
21330.0,1240.0,1427.1666666666665,1568.5949099622726,-141.42824329560608,05065,GUILLESTRE,05
21080.0,1634.0,2372.0502901353966,2210.6622416558184,161.38804847957817,05070,LARAGNE-MONTEGLIN,05
25840.0,315.0,3572.7250957854403,3177.282834753561,395.4422610318793,05092,NEFFES,05
21390.0,153.0,1760.5633802816901,1782.497891861425,-21.934511579734817,05097,ORPIERRE,05
21550.0,613.0,2881.4102564102564,2615.87315720615,265.5370992041062,05101,VALLOUISE-PELVOUX,05
22300.0,606.0,2144.578313253012,1634.0590822852207,510.51923096779115,05118,VAL BUECH-MEOUGE,05
23050.0,695.0,3137.373188405797,2635.8970747698213,501.4761136359757,05123,LA ROCHE DES ARNAUDS,05
23750.0,82.0,3022.051282051282,2702.924199753792,319.12708229749023,05130,SAINT APOLLINAIRE,05
22600.0,956.0,3244.7430830039525,2801.5004229090728,443.24266009487974,05132,SAINT-BONNET-EN-CHAMPSAUR,05
23280.0,730.0,2239.43661971831,2247.789784621445,-8.353164903135166,05133,SAINT-CHAFFREY,05
21670.0,450.0,3162.8205128205127,2688.7175627563465,474.1029500641662,05139,LE DEVOLUY,05
21280.0,180.0,3822.4882873503384,3084.999832978696,737.4884543716425,05153,SAINT-MICHEL-DE-CHAILLOL,05
20340.0,630.0,2295.977011494253,1350.1322443295462,945.8447671647068,05166,SERRES,05
22310.0,932.0,3329.5454545454545,2929.9096338433264,399.63582070212806,05170,TALLARD,05
20310.0,1597.0,2132.2115384615386,1946.5605089203045,185.65102954123404,05179,VEYNES,05
20000.0,301.0,2646.0449681701202,1756.276414845622,889.7685533244983,06003,ANDON,06
24410.0,40649.0,4562.5,4299.965875704298,262.534124295702,06004,ANTIBES,06
26870.0,1403.0,3918.1034482758623,3431.146865253351,486.9565830225115,06007,AURIBEAU-SUR-SIAGNE,06
25690.0,1246.0,3363.6363636363635,3093.9393964471697,269.69696718919386,06010,LE BAR-SUR-LOUP,06
21280.0,111.0,3201.3986013986014,2897.8051562931737,303.5934451054277,06017,BEZAUDUN-LES-ALPES,06
23940.0,24615.0,4248.366013071895,4034.489177882226,213.87683518966924,06027,CAGNES SUR MER,06
19050.0,220.0,2214.0858208955224,1985.2372341521914,228.848586743331,06028,CAILLE,06
21210.0,39423.0,4197.614529682842,3853.669605186791,343.9449244960506,06029,CANNES,06
23480.0,4935.0,4697.159090909091,4163.233958464104,533.925132444987,06033,CARROS,06
29230.0,1444.0,3849.2083438049763,3740.105064625831,109.10327917914537,06038,CHATEAUNEUF,06
23670.0,354.0,3440.0,3050.987300764874,389.0126992351261,06043,COARAZE,06
29030.0,3488.0,3600.0,3531.5166470408813,68.48335295911875,06044,LA COLLE SUR LOUP,06
24870.0,2955.0,3250.0,3058.7842665123894,191.21573348761058,06048,CONTES,06
27110.0,1761.0,2962.962962962963,3019.3340972838064,-56.37113432084334,06064,GATTIERES,06
29390.0,2751.0,4072.5806451612902,3968.758408455317,103.82223670597341,06065,LA GAUDE,06
24760.0,582.0,4019.961538461538,3358.1263586575956,661.8351798039425,06066,GILETTE,06
23380.0,22235.0,4264.851485148514,3957.555502911159,307.2959822373555,06069,GRASSE,06
21410.0,497.0,1664.5652173913045,1672.33008994384,-7.764872552535508,06074,LANTOSQUE,06
25260.0,2147.0,3902.5349650349654,3348.133150045997,554.4018149889685,06075,LEVENS,06
24180.0,13500.0,4193.134328358209,3803.215597078903,389.91873127930603,06079,MANDELIEU-LA-NAPOULE,06
22590.0,16751.0,3475.409836065574,3461.6490516861313,13.760784379442612,06083,MENTON,06
27840.0,4711.0,3370.3703703703704,3538.561199010258,-168.1908286398875,06084,MOUANS-SARTOUX,06
27390.0,8785.0,4126.984126984127,3930.8342648823177,196.1498621018095,06085,MOUGINS,06
21570.0,175096.0,4083.3333333333335,3765.5863913480594,317.74694198527413,06088,NICE,06
25540.0,3316.0,4409.937888198758,4081.5088175372603,328.42907066149746,06090,PEGOMAS,06
25440.0,4060.0,3992.5373134328356,3067.870471109749,924.6668423230867,06095,PEYMEINADE,06
21340.0,729.0,834.25,1399.7954884648489,-565.5454884648489,06103,ROQUEBILLIERE,06
34070.0,3073.0,4628.378378378378,3784.5596692658205,843.8187091125578,06105,ROQUEFORT-LES-PINS,06
27510.0,2253.0,4533.190687361419,3830.9616517869554,702.2290355744635,06108,LA ROQUETTE SUR SIAGNE,06
17360.0,59.0,3437.5,2640.802847574469,796.6971524255309,06110,ROUBION,06
30650.0,1739.0,3678.7564766839378,3509.2920496049587,169.46442707897904,06112,LE ROURET,06
25200.0,1793.0,3563.1558902598745,3184.5566897261974,378.59920053367705,06118,SAINT-CEZAIRE-SUR-SIAGNE,06
27840.0,1666.0,3321.5384615384614,3177.1298787839078,144.40858275455366,06122,SAINT-JEANNET,06
24360.0,15743.0,3438.7272727272725,3579.3910976107295,-140.66382488345698,06123,SAINT LAURENT DU VAR,06
24210.0,1273.0,3631.6176470588234,3109.4062946348736,522.2113524239498,06126,SAINT-MARTIN-DU-VAR,06
21270.0,555.0,3116.883116883117,2584.6970262884197,532.1860905946974,06127,SAINT-MARTIN-VESUBIE,06
25090.0,1552.0,3595.3473945409432,1940.771937733883,1654.5754568070602,06130,SAINT-VALLIER-DE-THIEY,06
17390.0,219.0,1792.2222222222222,1585.5443662558878,206.6778559663344,06132,SAORGE,06
19730.0,256.0,3013.698630136986,1192.2473747742474,1821.4512553627387,06134,SERANON,06
26460.0,1421.0,4758.064516129032,4102.979612452168,655.0849036768641,06140,LE TIGNET,06
21910.0,251.0,3500.0,2565.0223401840512,934.9776598159488,06143,TOUET-SUR-VAR,06
26240.0,1866.0,2573.333333333333,2826.888587119165,-253.55525378583206,06147,TOURRETTE-LEVENS,06
22350.0,4126.0,4116.876310272537,3649.8322398219216,467.04407045061544,06149,LA TRINITE,06
20870.0,461.0,3747.802197802198,2835.653689307736,912.148508494462,06153,VALDEBLORE,06
22180.0,13590.0,4556.962025316456,4179.184109234306,377.7779160821501,06155,VALLAURIS,06
25120.0,9037.0,4587.008333333333,4268.893749994851,318.1145833384826,06157,VENCE,06
26260.0,8373.0,3074.1279069767443,3336.5334052727335,-262.4054982959892,06161,VILLENEUVE-LOUBET,06
19000.0,281.0,1966.6666666666667,1655.17011057289,311.4965560937767,06162,LA BRIGUE,06
22860.0,615.0,2743.0555555555557,2470.002656916832,273.0528986387235,07005,ALBA-LA-ROMAINE,07
19880.0,8112.0,2027.9569892473119,2037.6339879601555,-9.67699871284367,07010,ANNONAY,07
22290.0,516.0,1557.8231292517007,1518.623880223471,39.199249028229815,07013,ARDOIX,07
19710.0,5541.0,2116.161616161616,2155.939782758743,-39.77816659712698,07019,AUBENAS,07
22430.0,692.0,2289.393939393939,2215.0970838961252,74.2968554978138,07027,BEAUCHASTEL,07
19420.0,230.0,3368.409090909091,1909.3725527834197,1459.0365381256713,07028,BEAULIEU,07
23090.0,1044.0,2025.5511463844796,2041.2047658983554,-15.65361951387581,07041,BOULIEU LES ANNONAY,07
20350.0,3111.0,1717.948717948718,1237.1052132192701,480.8435047294479,07042,BOURG-SAINT-ANDEOL,07
22810.0,261.0,2304.7619047619046,2177.1847098365197,127.5771949253849,07051,CHAMPAGNE,07
24370.0,1211.0,2877.777777777778,2566.5341594672996,311.24361831047827,07055,CHARMES-SUR-RHONE,07
23760.0,356.0,1900.0,2208.031674114621,-308.0316741146212,07056,CHARNAS,07
22310.0,423.0,1804.3478260869565,1835.637820065949,-31.28999397899247,07058,CHASSIERS,07
22530.0,210.0,2059.8909657320874,1934.2408342088797,125.65013152320762,07061,CHAUZON,07
21880.0,1385.0,1824.031007751938,1874.4988099277298,-50.4678021757918,07064,LE CHEYLARD,07
23820.0,1358.0,2313.951612903226,2635.826433755665,-321.87482085243937,07066,CHOMERAC,07
21490.0,257.0,2730.289757412399,2197.7013932384098,532.5883641739892,07068,COLOMBIER-LE-JEUNE,07
24510.0,1024.0,3107.1428571428573,2817.7469031847536,289.39595395810375,07070,CORNAS,07
20350.0,307.0,2190.0,1880.0123074650721,309.9876925349279,07071,COUCOURON,07
22970.0,1176.0,2313.5593220338983,2264.221385653497,49.337936380401516,07076,CRUAS,07
23670.0,1471.0,2406.9871794871797,2413.8309173019343,-6.843737814754604,07078,DAVEZIEUX,07
21840.0,195.0,1754.3337510442775,1607.0964038576546,147.23734718662286,07083,DUNIERE-SUR-EYRIEUX,07
20980.0,176.0,2807.0099461251557,2312.0645674135017,494.94537871165403,07087,FABRAS,07
25570.0,790.0,2558.406862745098,2370.8994664954344,187.50739624966354,07089,FELINES,07
24110.0,5744.0,2634.6326530612246,3563.3776217899417,-928.7449687287171,07102,GUILHERAND-GRANGES,07
21110.0,526.0,2148.197238869863,2041.321912901655,106.87532596820824,07107,JAUJAC,07
20160.0,825.0,2482.7586206896553,2308.917633601282,173.84098708837337,07110,JOYEUSE,07
18390.0,697.0,1443.452380952381,1244.5791491528291,198.87323179955183,07116,LABEGUDE,07
21130.0,962.0,3085.1063829787236,2573.0398069908942,512.0665759878293,07117,LABLACHERE,07
19750.0,1091.0,1217.4615384615386,1361.934377900988,-144.47283943944944,07129,LAMASTRE,07
22530.0,921.0,2676.4044943820227,2026.5660092300045,649.8384851520182,07138,LAVILLEDIEU,07
23280.0,539.0,2101.5232108317214,2165.540817715014,-64.0176068832925,07152,MAUVES,07
19570.0,249.0,1816.6666666666665,1675.7463314449724,140.92033522169413,07165,BELSENTES,07
16940.0,118.0,1945.4887218045112,1694.1646736609414,251.32404814356983,07166,NOZIERES,07
24770.0,971.0,2260.1426388181353,2466.485776976244,-206.34313815810856,07172,PEAUGRES,07
19680.0,1175.0,2034.1273476866695,1648.4418411759843,385.6855065106852,07181,LE POUZIN,07
21990.0,482.0,2692.3076923076924,2384.7851675520474,307.522524755645,07182,PRADES,07
20510.0,3952.0,2050.0,2065.7485196254916,-15.748519625491554,07186,PRIVAS,07
22210.0,723.0,2212.409783480353,1730.9027983716576,481.5069851086953,07188,QUINTENAS,07
24000.0,924.0,2763.551401869159,2652.4830532819906,111.0683485871682,07191,ROCHEMAURE,07
17570.0,136.0,1248.1884057971015,1422.6553033215355,-174.466897524434,07192,ROCHEPAULE,07
24140.0,1184.0,1976.2396694214876,1965.3483551279105,10.891314293577125,07197,ROIFFIEUX,07
20610.0,533.0,2369.50146627566,1971.741362014477,397.76010426118273,07199,ROSIERES,07
21260.0,1074.0,2486.0833333333335,2261.8388000902205,224.24453324311298,07201,RUOMS,07
20580.0,1111.0,1918.2938802225372,1763.3623394192834,154.9315408032537,07204,SAINT-AGREVE,07
22240.0,509.0,2329.5454545454545,1906.598099687689,422.9473548577655,07207,SAINT-ALBAN-AURIOLLES,07
19450.0,233.0,2149.5454545454545,1893.4981066356718,256.04734790978273,07216,SAINT-BARTHELEMY-GROZON,07
22830.0,1208.0,1869.7101449275362,1832.1931553664465,37.51698956108976,07231,ST ETIENNE DE FONTBELLON,07
19090.0,141.0,1746.8944099378882,1640.5060810002014,106.38832893768677,07232,SAINT-ETIENNE-DE-LUGDARES,07
21220.0,508.0,2100.0,1928.4263709102418,171.57362908975824,07236,SAINT-FELICIEN,07
22370.0,327.0,2000.0,1716.7878286999858,283.21217130001423,07237,SAINT-FORTUNAT-SUR-EYRIEUX,07
25800.0,914.0,2346.1996336996335,2292.116133021226,54.083500678407745,07240,SAINT-GEORGES-LES-BAINS,07
22700.0,633.0,2681.6867469879517,2482.8726333506756,198.81411363727602,07255,ST JULIEN EN ST ALBAN,07
20990.0,680.0,3561.71524336928,2816.735273609492,744.9799697597878,07259,SAINT-JUST-D'ARDECHE,07
22930.0,668.0,2236.801242236025,1760.1980701017476,476.6031721342772,07261,SAINT-LAURENT-DU-PAPE,07
23660.0,872.0,2600.0,2458.207117988314,141.79288201168583,07264,SAINT-MARCEL-D' ARDECHE,07
20690.0,510.0,1805.2439024390244,1698.3328016804,106.91110075862434,07269,SAINT-MARTIN-DE-VALAMAS,07
24050.0,737.0,2291.0,2140.6846634029453,150.31533659705474,07279,SAINT-MONTAN,07
25790.0,3398.0,2317.169811320755,3450.4667856397887,-1133.2969743190338,07281,SAINT-PERAY,07
23400.0,390.0,2490.893162393162,2298.597927569188,192.29523482397417,07293,SAINT-ROMAIN-DE-LERPS,07
22470.0,732.0,2082.263814616756,1944.3573532197688,137.9064613969872,07296,SAINT-SERNIN,07
20800.0,431.0,1166.6666666666667,1332.837240456957,-166.1705737902903,07301,SAINT-VICTOR,07
20600.0,115.0,3702.75,2875.624522668432,827.1254773315682,07306,SAMPZON,07
22220.0,1014.0,1777.7777777777778,1912.0708256153341,-134.2930478375563,07308,SARRAS,07
21530.0,707.0,1683.25,1628.5632416660687,54.686758333931266,07309,SATILLIEU,07
21020.0,515.0,1283.076923076923,1633.718072400937,-350.6411493240139,07313,SERRIERES,07
26810.0,1004.0,2651.4423076923076,2738.7757602500105,-87.33345255770291,07316,SOYONS,07
19850.0,3477.0,1888.888888888889,1958.5409377001788,-69.65204881128989,07319,LE TEIL,07
20220.0,556.0,2031.5384615384614,1734.5030353527518,297.03542618570964,07322,THUEYTS,07
26640.0,681.0,2343.402777777778,2312.026459170715,31.376318607062785,07323,TOULAUD,07
21900.0,5155.0,2375.0,2352.584777998234,22.41522200176587,07324,TOURNON-SUR-RHONE,07
23150.0,922.0,1509.433962264151,1666.6690543814752,-157.23509211732426,07325,UCEL,07
21190.0,1069.0,2488.1720430107525,2224.2407671688725,263.93127584188005,07330,VALLON PONT D'ARC,07
20010.0,1919.0,1538.4615384615386,1568.4912400012774,-30.02970153973888,07331,VALS-LES-BAINS,07
19660.0,1328.0,2707.7380952380954,2363.1927736694265,344.5453215686689,07334,LES VANS,07
19810.0,867.0,1900.0,1078.1302349332227,821.8697650667773,07338,VERNOUX-EN-VIVARAIS,07
21920.0,1106.0,2622.5470779220777,2511.340517919583,111.20656000249483,07341,VILLENEUVE-DE-BERG,07
22190.0,397.0,1619.047619047619,2037.5230773774435,-418.4754583298245,07345,VION,07
21970.0,1515.0,1900.0,1894.7587075866988,5.241292413301153,07346,VIVIERS,07
19910.0,2229.0,2422.222222222222,2371.146181142624,51.076041079598326,07349,LA-VOULTE-SUR-RHONE,07
24160.0,748.0,1412.65756302521,1731.759314694283,-319.1017516690729,08003,AIGLEMONT,08
22450.0,470.0,2021.3483146067415,1773.8467134578275,247.501601148914,08024,ASFELD,08
20040.0,506.0,885.8173076923076,1127.5598400005752,-241.74253230826753,08025,ATTIGNY,08
19830.0,343.0,1227.2727272727273,1386.4143160022506,-159.1415887295234,08037,AUVILLERS LES FORGES,08
22950.0,715.0,1643.8078703703704,1553.7981933548037,90.0096770155667,08043,BALAN,08
22730.0,958.0,1402.8862012094557,1647.3092378855863,-244.42303667613055,08053,BAZEILLES,08
19480.0,497.0,1166.6666666666667,1366.1057882229643,-199.43912155629755,08067,BLAGNY,08
18880.0,2104.0,884.5454545454545,1066.1390055588158,-181.59355101336132,08081,BOGNY-SUR-MEUSE,08
19280.0,1275.0,1410.0,1503.016247149374,-93.01624714937407,08090,CARIGNAN,08
18380.0,22111.0,1757.5757575757575,1812.0004261611666,-54.42466858540911,08105,CHARLEVILLE-MEZIERES,08
20600.0,515.0,1369.4879089615931,1555.4835904008578,-185.99568143926467,08107,CHATEAU PORCIEN,08
21920.0,230.0,1175.4942993216914,1473.3132308100344,-297.81893148834297,08115,CHEMERY-CHEHERY,08
23380.0,361.0,1798.2456140350878,1904.0201180381262,-105.77450400303837,08122,CHOOZ,08
18890.0,436.0,878.7878787878788,1054.0586194194934,-175.27074063161467,08139,DEVILLE,08
20700.0,910.0,1871.6535868243618,1480.6121069676726,391.0414798566892,08142,DONCHERY,08
20830.0,899.0,1264.81178396072,1303.2688230934777,-38.4570391327577,08145,DOUZY,08
22990.0,720.0,1468.2926829268292,1615.3555627114008,-147.06287978457158,08173,FLIZE,08
22080.0,1018.0,1053.1179138321995,1189.104811639934,-135.98689780773452,08174,FLOING,08
23660.0,719.0,2207.070707070707,2188.6465475402006,18.424159530506586,08180,LA FRANCHEVILLE,08
22760.0,423.0,1513.157894736842,1747.2923684792997,-234.13447374245766,08183,FROMELENNES,08
18590.0,1424.0,931.8181818181819,1123.14106375967,-191.32288194148816,08185,FUMAY,08
19050.0,2753.0,1284.3676355066773,1487.5505595288168,-203.18292402213956,08190,GIVET,08
21430.0,243.0,872.2109533468561,1603.4783420601677,-731.2673887133117,08198,GRANDPRE,08
23760.0,319.0,1220.2813240577939,1526.8186447024755,-306.5373206446816,08199,LA GRANDVILLE,08
22670.0,504.0,2001.3175230566535,1598.1984872740763,403.11903578257716,08239,JUNIVILLE,08
26140.0,689.0,2050.7989156058466,2333.3009804527187,-282.50206484687214,08298,MONTCY NOTRE DAME,08
20730.0,1058.0,1385.9477124183006,1489.9324641353599,-103.98475171705923,08311,MOUZON,08
18570.0,2477.0,1530.2380952380952,1455.8994232093144,74.33867202878082,08328,NOUZONVILLE,08
25130.0,641.0,1654.910158334816,1854.299159472383,-199.389001137567,08346,PRIX LES MEZIERES,08
24590.0,279.0,1307.6923076923076,1557.1329259677289,-249.44061827542123,08353,RANCENNES,08
22160.0,330.0,1470.5882352941176,1556.2167499036773,-85.62851460955972,08357,REMILLY AILLICOURT,08
22930.0,673.0,1629.2255005268703,1678.4470421119515,-49.22154158508124,08361,RENWEZ,08
19790.0,3679.0,1563.4920634920636,1686.0053059618956,-122.513242469832,08362,RETHEL,08
18370.0,2556.0,1108.1081081081081,1234.5800536611987,-126.47194555309056,08363,REVIN,08
20130.0,539.0,1211.3970588235293,1510.2212266930896,-298.82416786956037,08365,RIMOGNE,08
18920.0,285.0,1254.2443064182196,1376.6178482975663,-122.3735418793467,08366,ROCQUIGNY,08
19430.0,970.0,1643.835616438356,1655.4352491879242,-11.599632749568173,08367,ROCROI,08
17180.0,8142.0,1500.0,1726.3161651137927,-226.31616511379275,08409,SEDAN,08
19230.0,481.0,1166.6666666666667,1285.5610482723525,-118.8943816056858,08420,SIGNY LE PETIT,08
21420.0,454.0,780.5555555555555,1012.0596273770452,-231.50407182148967,08448,THILAY,08
21750.0,1561.0,1838.8066604995374,1833.7191088938896,5.087551605647832,08480,VILLERS SEMEUSE,08
22360.0,796.0,1143.2748538011695,1428.5280438711964,-285.2531900700269,08487,VIREUX WALLERAND,08
20150.0,1122.0,1352.4590163934427,1613.615491725895,-261.1564753324524,08488,VIVIER AU COURT,08
20220.0,2004.0,1374.9018067556954,1527.5967736231573,-152.69496686746197,08490,VOUZIERS,08
20590.0,1553.0,1004.3378995433791,1148.788759887249,-144.45086034386986,08491,VRIGNE AUX BOIS,08
23460.0,207.0,1240.1818933443571,1285.8646639547603,-45.68277061040317,08494,WADELINCOURT,08
22110.0,290.0,1002.262443438914,1624.8226291967069,-622.5601857577929,09002,AIGUES-VIVES,09
14500.0,78.0,1451.3961038961038,1602.0478190363751,-150.65171514027134,09005,ALEU,09
19270.0,550.0,743.7827715355804,1154.4683132459093,-410.68554171032883,09047,BELESTA,09
15310.0,166.0,1930.4199475065616,1661.7918226024422,268.62812490411943,09057,BIERT,09
19230.0,363.0,1730.7692307692307,1914.5426688893579,-183.77343812012714,09105,DAUMAZAN-SUR-ARIZE,09
20950.0,5051.0,1745.5555555555557,1826.5720889972354,-81.01653344167971,09122,FOIX,09
20630.0,458.0,1258.0,1260.8343162009012,-2.834316200901185,09124,LE FOSSAT,09
18140.0,3002.0,759.0322580645161,1581.7533595240561,-822.72110145954,09160,LAVELANET,09
21870.0,1016.0,1605.7960321364158,1610.0370897346124,-4.241057598196676,09167,LEZAT-SUR-LEZE,09
18510.0,540.0,1428.5714285714287,1292.9342341988697,135.63719437255895,09181,LE MAS-D AZIL,09
14390.0,405.0,1289.2156862745098,1587.7015663636196,-298.48588008910974,09182,MASSAT,09
21990.0,1706.0,1906.25,1922.9562676757203,-16.706267675720255,09185,MAZERES,09
20190.0,1583.0,1442.3076923076924,1469.7392471936962,-27.431554886003823,09194,MIREPOIX,09
19410.0,295.0,1055.2206083858591,1159.5015361587746,-104.28092777291545,09206,MONTFERRIER,09
22580.0,722.0,1926.4264705882351,1616.8438239811214,309.5826466071137,09207,MONTGAILHARD,09
19410.0,7159.0,1734.6938775510205,1833.0695254971981,-98.37564794617765,09225,PAMIERS,09
20330.0,394.0,867.1918767507002,1076.2339821725632,-209.04210542186297,09235,PRAT-BONREPAUX,09
20320.0,3334.0,1708.860759493671,2060.7177028153674,-351.85694332169646,09261,SAINT-GIRONS,09
21830.0,1244.0,1790.1,1905.8981673258513,-115.79816732585141,09265,SAINT-JEAN-DU-FALGA,09
21990.0,601.0,1250.0,1609.9508034226506,-359.95080342265055,09272,ST-PAUL-DE-JARRAT,09
22050.0,300.0,2159.090909090909,2004.09061267485,155.00029641605897,09277,SAINT-YBARS,09
21960.0,2080.0,1632.3333333333335,1827.3979595639644,-195.0646262306309,09282,SAVERDUN,09
18830.0,381.0,1698.811475409836,1305.6022460849738,393.20922932486224,09285,SEIX,09
18950.0,1392.0,1598.125,1570.6582077089392,27.466792291060756,09306,TARASCON-SUR-ARIEGE,09
22710.0,1343.0,2165.3543307086616,2132.272629652471,33.08170105619047,09312,LA TOUR-DU-CRIEU,09
18700.0,162.0,2200.0703828828828,1902.727456370636,297.3429265122468,09322,USTOU,09
22180.0,1615.0,1859.5505617977528,1945.7390981219744,-86.18853632422156,09324,VARILHES,09
23440.0,990.0,1499.6598639455783,2143.5363048402564,-643.8764408946781,09332,VERNIOLLE,09
20860.0,1557.0,1284.3243243243244,1388.5732546744057,-104.24893035008131,10003,AIX-VILLEMAUR-PALIS,10
20470.0,1234.0,1428.5714285714287,1441.650039821812,-13.078611250383346,10006,ARCIS SUR AUBE,10
18970.0,2232.0,1083.3333333333333,1327.9403161070406,-244.6069827737074,10033,BAR SUR AUBE,10
19460.0,1221.0,1090.909090909091,1259.2966976114105,-168.38760670231954,10034,BAR SUR SEINE,10
23440.0,1271.0,2048.7804878048782,1967.1167691554192,81.66371864945904,10060,BREVIANDES,10
20220.0,1249.0,989.0109890109891,1155.5886131928403,-166.5776241818512,10064,BRIENNE LE CHATEAU,10
23170.0,822.0,1885.5172413793102,1842.129346363452,43.38789501585825,10067,BUCHERES,10
16420.0,4913.0,2114.3939393939395,1827.868723968764,286.5252154251755,10081,LA CHAPELLE ST LUC,10
22690.0,471.0,1842.3976608187136,1780.27462075405,62.123040064663655,10100,CLEREY,10
25060.0,851.0,1928.5714285714287,2229.885531462503,-301.3141028910743,10115,CRENEY PRES TROYES,10
21860.0,411.0,1257.7319587628865,1468.2599316918743,-210.52797292898777,10123,DIENVILLE,10
21010.0,791.0,1700.0,1699.9485216072808,0.05147839271921839,10142,ESTISSAC,10
22210.0,300.0,1253.6954915003696,1499.0426698252083,-245.34717832483875,10164,GELANNES,10
24050.0,831.0,2074.074074074074,2092.982746886562,-18.90867281248802,10209,LUSIGNY SUR BARSE,10
22670.0,683.0,1709.4216417910447,1838.30941113383,-128.8877693427853,10220,MAIZIERES LA GRANDE PAROISSE,10
22390.0,778.0,1392.8698752228165,1782.7423672301773,-389.87249200736073,10224,MARIGNY LE CHATEL,10
18750.0,1478.0,1954.5454545454545,1746.6532789486757,207.89217559677877,10265,LES NOES PRES TROYES,10
20620.0,2487.0,1680.0,1690.056143531392,-10.056143531392081,10268,NOGENT SUR SEINE,10
19740.0,2072.0,1959.3378607809846,1864.872500434291,94.46536034669361,10297,PONT SAINTE MARIE,10
21520.0,432.0,1392.0454545454545,1407.4099898565507,-15.364535311096233,10298,PONT SUR SEINE,10
25040.0,1530.0,2613.5459068294886,2511.695570213144,101.85033661634452,10321,LA RIVIERE DE CORPS,10
17610.0,6579.0,1238.6363636363637,1981.5884861106742,-742.9521224743105,10323,ROMILLY SUR SEINE,10
24100.0,1690.0,2481.4814814814813,2301.7238987161745,179.75758276530678,10325,ROSIERES PRES TROYES,10
21440.0,5788.0,1786.9747899159665,1964.4019364676,-177.42714655163354,10333,SAINT ANDRE LES VERGERS,10
23480.0,991.0,2151.5672782874617,2222.548957214286,-70.98167892682432,10340,SAINT GERMAIN,10
22370.0,3025.0,1947.453954496208,2080.1561666145076,-132.70221211829949,10343,SAINT JULIEN LES VILLAS,10
25270.0,1219.0,2007.936507936508,2250.2364530983773,-242.29994516186935,10349,SAINT LYE,10
23550.0,1301.0,2204.3010752688174,2474.5052004843096,-270.20412521549224,10357,SAINT PARRES AUX TERTRES,10
23100.0,447.0,1274.8135874067939,1674.3475418388857,-399.53395443209183,10358,SAINT PARRES LES VAUDES,10
26560.0,364.0,1743.0662557781202,1845.3205419834173,-102.25428620529715,10360,SAINT POUANGE,10
21590.0,5276.0,1909.4202898550725,2143.8128997212757,-234.3926098662032,10362,SAINTE SAVINE,10
23310.0,268.0,1331.8042813455659,1623.8693736379116,-292.06509229234575,10367,LA SAULSOTTE,10
18260.0,26820.0,1786.2068965517242,2043.370598749948,-257.16370219822375,10387,TROYES,10
23440.0,175.0,1801.8115942028985,1380.5150926194494,421.29650158344907,10423,LA VILLENEUVE AU CHENE,10
19590.0,242.0,1279.4348508634223,1449.6607081106197,-170.22585724719738,11001,AIGUES VIVES,11
19430.0,222.0,1924.6436825885978,1701.763976710597,222.87970587800078,11008,ALET-LES-BAINS,11
19640.0,687.0,1875.0,1080.5790494672945,794.4209505327055,11009,ALZONNE,11
20310.0,145.0,1269.8380952380953,2513.1829969484406,-1243.3449017103453,11010,ANTUGNAC,11
20980.0,918.0,1963.5278514588858,1683.942949883611,279.5849015752749,11012,ARGELIERS,11
22960.0,664.0,2473.5897435897436,2177.5476216913303,296.04212189841337,11014,ARMISSAN,11
19630.0,551.0,998.5171568627452,1082.7924624911816,-84.2753056284364,11022,AZILLE,11
21520.0,392.0,1730.0,1396.1342527204529,333.8657472795471,11024,BAGES,11
19650.0,342.0,1311.0520094562648,1360.4552735197994,-49.40326406353461,11027,BARBAIRA,11
20740.0,591.0,1543.20987654321,1269.8829057712046,273.3269707720053,11033,BELPECH,11
17910.0,389.0,2056.6981651376145,1898.1224255957145,158.57573954190002,11037,BERRIAC,11
21900.0,713.0,2090.462918660287,2134.244072167049,-43.781153506762166,11040,BIZANET,11
20550.0,608.0,2012.3456790123457,1240.4393232479958,771.9063557643499,11041,BIZE-MINERVOIS,11
21660.0,331.0,981.4285714285714,1449.1403205637648,-467.7117491351934,11048,BOUTENAC,11
20940.0,1508.0,1492.7536231884058,1492.0146020825593,0.7390211058464047,11049,BRAM,11
20530.0,133.0,2036.736818785999,2144.155420509526,-107.41860172352676,11053,BRUGAIROLLES,11
19030.0,292.0,1698.11,1460.5408163347583,237.56918366524155,11063,CAMPAGNE SUR AUDE,11
21930.0,778.0,1683.254716981132,2054.527766854341,-371.2730498732087,11067,CANET,11
19240.0,22010.0,1676.4705882352941,2457.0675883578315,-780.5970001225373,11069,CARCASSONNE,11
19700.0,4936.0,1725.5769230769229,2269.1952030222074,-543.6182799452845,11076,CASTELNAUDARY,11
20980.0,228.0,1251.77304964539,1344.1051628834962,-92.3321132381061,11077,CASTELNAU D AUDE,11
19950.0,739.0,1160.7428571428572,1277.5686087338584,-116.82575159100111,11081,CAUNES MINERVOIS,11
22720.0,420.0,1268.75,1327.48217259652,-58.73217259652006,11085,CAVANAC,11
21390.0,364.0,2796.25,1551.0071031392583,1245.2428968607417,11086,CAVES,11
20060.0,192.0,1132.9978813559323,1300.6889691790554,-167.6910878231231,11089,CENNE MONESTIES,11
21440.0,1066.0,1178.8461538461538,1316.587744889153,-137.7415910429993,11099,CONQUES-SUR-ORBIEL,11
18500.0,506.0,1017.6991150442478,1063.130929913395,-45.43181486914716,11103,COUIZA,11
21970.0,302.0,1840.3525868178597,1828.2898733748484,12.062713443011262,11105,COURNANEL,11
20550.0,2709.0,1863.0790665273423,1792.2317479345263,70.84731859281601,11106,COURSAN,11
20190.0,340.0,2333.3333333333335,1998.6923034122565,334.641029921077,11111,CRUSCADES,11
20520.0,1854.0,1755.5059523809523,1503.698503023308,251.80744935764437,11116,CUXAC D AUDE,11
19750.0,305.0,2291.2,2096.1616140717774,195.0383859282224,11124,DURBAN-CORBIERES,11
17820.0,974.0,1587.5,1423.9843388796917,163.51566112030832,11129,ESPERAZA,11
20810.0,607.0,981.6666666666667,1057.6624904762168,-75.99582380955007,11132,FABREZAN,11
20570.0,586.0,1140.8250355618775,1215.3991641264845,-74.57412856460701,11140,FERRALS LES CORBIERES,11
20530.0,552.0,991.6666666666666,1158.628946205858,-166.9622795391914,11144,FITOU,11
21060.0,2348.0,2639.602053915276,2359.5750558867785,280.0269980284975,11145,FLEURY,11
20990.0,241.0,1256.4015151515152,1335.1413312532854,-78.7398161017702,11151,FONTIES D AUDE,11
21930.0,683.0,2500.0,2214.817942643149,285.18205735685115,11164,GINESTAS,11
21140.0,3098.0,4166.666666666667,3277.223636339747,889.44303032692,11170,GRUISSAN,11
21890.0,919.0,1497.1870604781998,1870.4751299240288,-373.288069445829,11188,LA PALME,11
19520.0,518.0,1042.857142857143,1184.4780634083163,-141.6209205511734,11190,LAREDORTE,11
21500.0,320.0,1150.2155172413793,1375.824512222553,-225.60899498117374,11192,LASBORDES,11
20430.0,272.0,1486.4864864864865,1378.5017587007733,107.98472778571318,11197,LAURAGUEL,11
19840.0,465.0,1074.2857142857142,1174.5277990170837,-100.24208473136946,11198,LAURE MINERVOIS,11
22290.0,628.0,1971.1538461538462,1928.2739383514954,42.87990780235077,11199,LAVALETTE,11
21620.0,2736.0,3000.0,2705.5065494635546,294.4934505364454,11202,LEUCATE,11
19390.0,4398.0,1820.3125,1751.4866232034356,68.82587679656444,11203,LEZIGNAN-CORBIERES,11
19790.0,4654.0,1685.3932584269662,1833.9227673897974,-148.5295089628312,11206,LIMOUX,11
20630.0,498.0,1617.9411764705883,1487.2331431001887,130.70803337039956,11210,LUC SUR ORBIEU,11
22020.0,574.0,2701.0309278350514,2352.1940478007264,348.8368800343251,11217,MARCORIGNAN,11
21260.0,342.0,1730.773169482847,1579.7747914184456,150.99837806440132,11233,MIREPEISSET,11
21150.0,266.0,1395.1347797501644,1467.2160866246738,-72.08130687450944,11240,MONTAZELS,11
19600.0,379.0,1842.1052631578948,1760.9588108374903,81.14645232040448,11253,MONTOLIEU,11
21190.0,851.0,1759.2592592592594,1603.6730205185124,155.58623874074692,11254,MONTREAL,11
21540.0,606.0,1394.458103855232,2187.1266077040195,-792.6685038487876,11255,MONTREDON-DES-CORBIERES,11
22710.0,871.0,1899.8125,1926.8112512234472,-26.998751223447243,11258,MOUSSAN,11
20000.0,314.0,1428.5714285714287,1601.6088732608614,-173.03744468943273,11261,MOUX,11
19850.0,26310.0,2482.2317351598176,3040.211666878107,-557.9799317182892,11262,NARBONNE,11
22270.0,537.0,1279.8520249221183,1469.1110205391897,-189.25899561707138,11264,NEVIAN,11
19610.0,2953.0,2888.8888888888887,2472.118887116312,416.7700017725765,11266,PORT-LA-NOUVELLE,11
21760.0,540.0,1318.1818181818182,1596.426809216487,-278.24499103466883,11267,ORNAISONS,11
20530.0,1138.0,2192.3076923076924,1887.3050325966124,305.00265971108,11269,OUVEILLAN,11
25100.0,1107.0,2024.7305529522023,2147.66859463705,-122.93804168484758,11272,PALAJA,11
20830.0,300.0,2148.60974025974,1851.576470743874,297.0332695158661,11273,PARAZA,11
17420.0,245.0,868.75,1223.82439738916,-355.0743973891599,11276,PAZIOLS,11
21860.0,1157.0,1600.0,1914.2670885015937,-314.26708850159366,11279,PENNAUTIER,11
19500.0,503.0,988.780487804878,1077.4819759159464,-88.70148811106833,11281,PEXIORA,11
22410.0,537.0,2395.833333333333,1986.6116636784382,409.22166965489487,11285,PEYRIAC DE MER,11
19950.0,492.0,1262.6436781609195,1257.777437587635,4.8662405732845855,11286,PEYRIAC MINERVOIS,11
21210.0,675.0,1062.5,1180.556120647876,-118.05612064787601,11288,PEZENS,11
21400.0,574.0,3200.0,2591.0940308307686,608.9059691692314,11295,PORTEL-DES-CORBIERES,11
18320.0,525.0,1142.857142857143,1335.294508718274,-192.43736586113118,11301,PUICHERIC,11
18670.0,1614.0,1187.5,1298.6365763203946,-111.13657632039462,11304,QUILLAN,11
19800.0,863.0,909.0909090909091,997.960972274557,-88.87006318364786,11315,RIEUX MINERVOIS,11
21610.0,509.0,2023.8095238095239,1915.3921273103201,108.41739649920373,11322,ROQUEFORT DES CORBIERES,11
21090.0,631.0,1880.0,1761.2945562577106,118.70544374228939,11332,SAINT ANDRE DE ROQUELONGUE,11
18100.0,213.0,1176.608187134503,1288.3602396363922,-111.75205250188924,11336,SAINTE COLOMBE SUR L HERS,11
19900.0,362.0,1368.9705882352941,1371.5932156186868,-2.6226273833926825,11351,ST LAURENT DE LA CABRERISS,11
20990.0,790.0,1960.0,1868.105071847282,91.89492815271797,11353,SAINT MARCEL SUR AUDE,11
22230.0,455.0,1898.8764044943819,2140.048946517345,-241.17254202296317,11356,SAINT MARTIN LALANDE,11
21930.0,870.0,1764.2857142857142,1749.4010377794011,14.884676506313099,11360,SAINT NAZAIRE D AUDE,11
21480.0,388.0,1029.5673076923076,1346.2965094077774,-316.7292017154698,11361,SAINT PAPOUL,11
20560.0,252.0,1055.5555555555557,1120.5596537916967,-65.00409823614109,11366,SAINTE VALIERE,11
19390.0,414.0,1311.4446529080676,1382.1331324531482,-70.68847954508055,11367,SAISSAC,11
21870.0,1261.0,2532.876712328767,2295.5360650083617,237.34064732040542,11369,SALLELES D AUDE,11
23080.0,1486.0,2581.682843137255,2398.0722591502567,183.61058398699834,11370,SALLES D AUDE,11
21610.0,320.0,1499.388236053719,1427.6610294377992,71.72720661591984,11371,SALLES SUR L HERS,11
20690.0,2552.0,2032.4943873330972,1917.922898943466,114.57148838963121,11379,SIGEAN,11
20730.0,228.0,1062.8237684103606,1516.717467265537,-453.89369885517635,11393,TOUROUZELLE,11
19260.0,276.0,1318.4625668449198,1356.982167321192,-38.51960047627222,11396,TRAUSSE,11
19250.0,2417.0,1629.2735042735044,1604.4710579381897,24.8024463353147,11397,TREBES,11
22260.0,275.0,1666.6666666666667,1667.6699288394377,-1.0032621727709738,11405,VENTENAC EN MINERVOIS,11
21280.0,396.0,1512.820512820513,1771.7489963589815,-258.9284835384685,11410,VILLALIER,11
21270.0,489.0,1251.7857142857142,1665.8022118918793,-414.0164976061651,11418,VILLASAVARY,11
17280.0,255.0,2296.296296296296,1804.2632220975847,492.03307419871135,11421,VILLEDAIGNE,11
24050.0,148.0,1494.6125155408204,1804.9684474313908,-310.35593189057045,11422,VILLEDUBERT,11
21610.0,759.0,1481.4814814814815,1550.9287235632887,-69.44724208180719,11425,VILLEGAILHENC,11
23540.0,1907.0,2022.4611000832426,2111.374413876377,-88.9133137931342,11429,VILLEMOUSTAUSSOU,11
20090.0,534.0,1767.314049586777,1607.4504095451327,159.8636400416442,11434,VILLEPINTE,11
20760.0,184.0,1236.5079365079364,1465.68623216321,-229.1782956552736,11439,VILLESPY,11
23920.0,1185.0,2166.857585139319,2232.823294318109,-65.96570917879035,11441,VINASSAN,11
20090.0,1721.0,1066.6666666666667,1279.0173088015054,-212.3506421348386,12013,AUBIN,12
21330.0,366.0,1303.526936026936,1496.5674340549613,-193.04049802802524,12016,AUZITS,12
21800.0,414.0,1438.8489208633093,1496.821552410526,-57.97263154721668,12026,BERTHOLENE,12
23030.0,122.0,1682.6923076923076,1689.7885213142672,-7.096213621959578,12031,BOURNAZEL,12
23480.0,1312.0,2366.9458762886597,2371.890547308414,-4.9446710197544235,12033,BOZOULS,12
20440.0,297.0,1231.8840579710145,1223.9582331442464,7.925824826768121,12036,BROMMAT,12
19580.0,139.0,1105.863782051282,1296.8380644726162,-190.97428242133424,12039,BRUSQUE,12
20760.0,478.0,1304.0,1327.8879753677593,-23.88797536775928,12044,CAMARES,12
20860.0,2185.0,1655.0,1962.5274359453085,-307.5274359453085,12052,CAPDENAC-GARE,12
22810.0,1364.0,1557.9710144927535,2288.108445581066,-730.1374310883125,12056,BARAQUEVILLE,12
23940.0,423.0,1392.857142857143,1530.984077135203,-138.12693427806016,12066,CLAIRVAUX-D'AVEYRON,12
19990.0,409.0,1886.4197530864199,1646.16651216111,240.2532409253099,12068,COLOMBIES,12
18880.0,781.0,1262.1359223300972,1223.263829516279,38.8720928138182,12083,CRANSAC-LES-THERMES,12
19440.0,2482.0,1169.1037735849056,1404.3254826888972,-235.22170910399154,12089,DECAZEVILLE,12
26070.0,1222.0,2324.074074074074,2650.067854852638,-325.9937807785641,12090,DRUELLE BALSAC,12
21900.0,2204.0,2045.4545454545455,2085.3813873446406,-39.92684189009515,12096,ESPALION,12
22030.0,1108.0,1373.545397533273,1584.315371377758,-210.7699738444851,12100,FIRMI,12
24530.0,1020.0,1689.7435897435898,2054.976975593528,-365.23338584993826,12102,FLAVIN,12
20610.0,507.0,2109.2746265172736,1898.579678071899,210.69494844537462,12105,LA FOUILLADE,12
21860.0,993.0,1295.7994579945798,1431.9828706876326,-136.1834126930528,12120,LAISSAC-SEVERAC L'EGLISE,12
21080.0,330.0,1120.6896551724137,1177.9946758991516,-57.305020726737894,12127,LEDERGUES,12
21530.0,509.0,1605.8333333333333,1745.2271916268778,-139.39385829354455,12130,LIVINHAC-LE-HAUT,12
24070.0,2778.0,2217.34496124031,2385.8431369545888,-168.49817571427866,12133,LUC-LA-PRIMAUBE,12
19490.0,178.0,1095.7407407407409,1280.0625337582358,-184.32179301749488,12135,LUNAC,12
23410.0,714.0,1984.047619047619,1871.0972679405015,112.95035110711751,12138,MARCILLAC-VALLON,12
21240.0,10807.0,2437.5,2410.225464690342,27.27453530965795,12145,MILLAU,12
24580.0,1042.0,2544.0860215053763,2465.3194877056694,78.76653379970685,12146,LE MONASTERE,12
21740.0,228.0,1611.1111111111113,1581.6521162321174,29.458994878993963,12150,MONTEILS,12
20510.0,321.0,1632.5320512820513,1547.3387197236327,85.19333155841855,12164,MUR-DE-BARREZ,12
19390.0,385.0,1909.2414174972314,1883.3160529676338,25.925364529597573,12167,NAJAC,12
24910.0,1528.0,2410.5103739002934,2482.09177629374,-71.58140239344675,12174,OLEMPS,12
22100.0,5440.0,2109.756097560976,2347.5233586731893,-237.76726111221342,12176,ONET LE CHATEAU,12
22030.0,386.0,1970.2884955752213,1934.2006407911022,36.087854784119145,12177,PALMAS D'AVEYRON,12
22690.0,627.0,2060.2935222672068,2140.127245836459,-79.83372356925247,12185,PONT-DE-SALARS,12
17260.0,146.0,2129.4444444444443,1949.2178374906173,180.22660695382706,12187,PRADES-D AUBRAC,12
19790.0,903.0,1853.6764705882351,1829.284032768095,24.39243782014023,12197,REQUISTA,12
21040.0,914.0,1283.3333333333333,1395.8777371350336,-112.54440380170035,12198,RIEUPEYROUX,12
22590.0,873.0,1513.8541666666665,1682.4282441190794,-168.5740774524129,12199,RIGNAC,12
22210.0,12037.0,1839.3892303909515,2307.8235907182548,-468.43436032730324,12202,RODEZ,12
21480.0,3862.0,1693.811274509804,1689.6239361168302,4.187338392973743,12208,SAINT-AFFRIQUE,12
20170.0,205.0,1638.2978723404256,1594.3299453211177,43.96792701930781,12214,SAINT-CHELY-D AUBRAC,12
22570.0,606.0,1575.0621375310689,1679.803796782599,-104.74165925153011,12216,SAINT-COME-D'OLT,12
19910.0,728.0,1071.5641025641025,1197.9197938504499,-126.35569128634734,12223,ARGENCES EN AUBRAC,12
20860.0,944.0,2050.348646431501,1367.5515666332692,682.7970797982318,12224,SAINT GENIEZ D'OLT ET D'AUBRAC,12
22710.0,731.0,1742.857142857143,1712.1599759773069,30.697166879836004,12225,SAINT-GEORGES-DE-LUZENCON,12
19720.0,330.0,1880.3482587064677,1779.9694147955001,100.37884391096759,12231,SAINT-JEAN-DU-BRUEL,12
19620.0,182.0,1691.6666666666665,1979.978346012037,-288.3116793453705,12240,SAINT-PARTHEM,12
26930.0,732.0,2453.369565217391,2638.623486429582,-185.25392121219102,12241,SAINTE-RADEGONDE,12
22640.0,386.0,813.5382059800666,1762.9438638766828,-949.4056578966163,12243,SAINT-ROME-DE-CERNON,12
21130.0,211.0,1949.6146788990825,1304.332045670674,645.2826332284085,12248,SAINT-SERNIN-SUR-RANCE,12
20480.0,213.0,1697.3626373626375,1389.7874877448014,307.57514961783613,12252,SALLES-COURBATIES,12
20900.0,497.0,2637.3626373626375,2055.561118554482,581.8015188081554,12253,SALLES-CURAN,12
25940.0,925.0,2054.107026143791,2031.5402656761557,22.56676046763505,12254,SALLES-LA-SOURCE,12
21690.0,301.0,1549.2444326617178,1636.9640791056504,-87.71964644393256,12259,SANVENSA,12
21520.0,299.0,1215.886699507389,1199.0084546888584,16.878244818530675,12262,SAUVETERRE-DE-ROUERGUE,12
25330.0,1317.0,2068.643002028398,2289.2677086722224,-220.62470664382454,12264,SEBAZAC-CONCOURES,12
19700.0,176.0,1104.3123543123543,1252.338608379557,-148.02625406720267,12265,SEBRAZAC,12
20110.0,233.0,1598.8077403245943,1642.1567021926073,-43.34896186801302,12266,SEGUR,12
21410.0,1935.0,1845.2380952380952,1875.2063245548218,-29.968229316726593,12270,SEVERAC D AVEYRON,12
24470.0,665.0,2080.5555555555557,2180.268642031263,-99.71308647570731,12288,VALADY,12
22000.0,187.0,1878.3365384615386,1764.6459610193942,113.69057744214433,12292,VERSOLS-ET-LAPEYRE,12
20820.0,5359.0,1323.5294117647059,2099.1326258285753,-775.6032140638695,12300,VILLEFRANCHE-DE-ROUERGUE,12
22720.0,894.0,1869.1588785046729,1879.5568020060466,-10.397923501373725,12301,VILLENEUVE,12
19270.0,635.0,1250.0,1444.1993728761843,-194.19937287618427,12305,VIVIEZ,12
25810.0,63029.0,4198.717948717949,4238.819854334984,-40.10190561703439,13001,AIX EN PROVENCE,13
27620.0,8799.0,3977.2727272727275,3841.0551985949214,136.21752867780606,13002,ALLAUCH,13
26040.0,1131.0,3427.9825227963524,3350.4973667973595,77.48515599899292,13003,ALLEINS,13
20060.0,23795.0,2810.7443820224717,3004.921541641052,-194.1771596185804,13004,ARLES,13
22550.0,19034.0,3953.0615942028985,3460.625668557731,492.4359256451676,13005,AUBAGNE,13
26260.0,4780.0,3793.3739527798934,3792.0731405096144,1.3008122702790388,13007,AURIOL,13
24120.0,1884.0,1410.4166666666665,1758.9207163122,-348.50404964553354,13010,BARBENTANE,13
20370.0,5428.0,3463.157894736842,2796.0223936299376,667.1355011069045,13014,BERRE L'ETANG,13
30840.0,5858.0,4870.8997188378635,4700.32567950481,170.5740393330534,13015,BOUC-BEL-AIR,13
27220.0,2346.0,4097.5609756097565,3815.6351979409596,281.92577766879685,13016,LA BOUILLADISSE,13
24490.0,666.0,3225.0,2757.3855478148507,467.6144521851493,13017,BOULBON,13
21650.0,1897.0,2652.1739130434785,2376.544249088819,275.62966395465946,13018,CABANNES,13
32780.0,3863.0,4527.777777777777,4445.0672990028725,82.71047877490491,13019,CABRIES,13
28010.0,1986.0,4138.461538461538,3183.557442303017,954.904096158521,13023,CEYRESTE,13
23340.0,1151.0,2441.4186046511627,1961.9833387334895,479.4352659176732,13024,CHARLEVAL,13
23570.0,7252.0,3666.6666666666665,3903.8742635109206,-237.2075968442541,13026,CHATEAUNEUF-LES-MARTIGUES,13
21440.0,7557.0,2596.7672413793102,2357.0793449674793,239.68789641183093,13027,CHATEAURENARD,13
23580.0,18603.0,4726.255783212162,4280.010663001524,446.24512021063765,13028,LA CIOTAT,13
25090.0,2172.0,4010.1704918032788,3481.057280025827,529.1132117774519,13030,CUGES LES PINS,13
26120.0,1442.0,3889.79406037001,3487.054902601122,402.7391577688877,13031,LA DESTROUSSE,13
32090.0,3515.0,3435.374149659864,3568.6982800566448,-133.32413039678067,13032,EGUILLES,13
25680.0,3152.0,3354.1666666666665,3356.209602335223,-2.0429356685563107,13035,EYGUIERES,13
23990.0,1871.0,3586.9565217391305,3035.012042110806,551.9444796283246,13036,EYRAGUES,13
26620.0,3673.0,3614.102564102564,3324.241132280637,289.861431821927,13037,LA FARE LES OLIVIERS,13
24530.0,1721.0,4061.2244897959185,3338.724211439751,722.5002783561677,13038,FONTVIEILLE,13
23680.0,6644.0,3536.904761904762,3530.8091785752003,6.095583329561578,13039,FOS-SUR-MER,13
28140.0,4080.0,4437.124379409459,4062.513531965848,374.61084744361096,13040,FUVEAU,13
22780.0,9432.0,4382.558139534884,4009.8227999910964,372.7353395437872,13041,GARDANNE,13
28710.0,2598.0,4406.779661016949,3975.1864704112922,431.5931906056567,13042,GEMENOS,13
24490.0,4296.0,3846.153846153846,3534.7381531636042,311.41569299024195,13043,GIGNAC-LA-NERTHE,13
26790.0,2321.0,4101.490196078432,3860.9108043582637,240.57939172016813,13044,GRANS,13
23070.0,2082.0,3423.076923076923,2990.7422345449468,432.3346885319761,13045,GRAVESON,13
22710.0,18944.0,3134.749197431782,3191.3701358412172,-56.62093840943544,13047,ISTRES,13
25220.0,1838.0,4125.0,3504.9944591295684,620.0055408704316,13048,JOUQUES,13
26340.0,836.0,3934.4594594594596,3337.956206410882,596.5032530485778,13049,LAMANON,13
26100.0,4135.0,3424.8529411764703,3442.944471520676,-18.091530344205694,13050,LAMBESC,13
26720.0,3783.0,3681.333333333333,3667.9088841077296,13.42444922560344,13051,LANCON-PROVENCE,13
24450.0,1129.0,3240.0,2959.615475750298,280.3845242497018,13052,MAILLANE,13
24230.0,2897.0,2835.628227194492,2873.5984921507584,-37.97026495626642,13053,MALLEMORT,13
21690.0,14587.0,3557.62987012987,2822.8043118926644,734.8255582372058,13054,MARIGNANE,13
22570.0,22380.0,3675.1820728291314,3845.720310313702,-170.5382374845708,13056,MARTIGUES,13
26190.0,1135.0,4151.111111111111,3792.234473737019,358.8766373740923,13058,MAUSSANE-LES-ALPILLES,13
25340.0,1484.0,3269.230769230769,2799.429695135024,469.8010740957452,13059,MEYRARGUES,13
27130.0,2601.0,3791.9093851132684,3891.9075010717397,-99.99811595847132,13060,MEYREUIL,13
29340.0,1755.0,4632.170168067227,4257.106670312678,375.06349775454873,13062,MIMET,13
19810.0,10652.0,2986.9297334717894,1961.101012154605,1025.8287213171843,13063,MIRAMAS,13
24800.0,1105.0,3631.4145658263305,2426.9882853099316,1204.426280516399,13064,MOLLEGES,13
24110.0,1530.0,3407.0254506892898,2943.4383998696435,463.58705081964627,13065,MOURIES,13
23320.0,2376.0,3039.3382352941176,2693.3957194949926,345.942515799125,13066,NOVES,13
20490.0,1216.0,2528.731343283582,2242.389932344112,286.3414109394703,13067,ORGON,13
27170.0,4490.0,3886.235632183908,3489.3127908333413,396.9228413505666,13069,PELISSANNE,13
24300.0,2569.0,3086.462556005974,2420.65328260496,665.8092734010138,13070,LA PENNE SUR HUVEAUNE,13
26320.0,8937.0,4309.523809523809,4145.113035558729,164.4107739650799,13071,LES PENNES MIRABEAU,13
29250.0,1513.0,4207.310488058151,3797.5773226770475,409.73316538110384,13072,PEYNIER,13
27300.0,2259.0,3864.2514185945,3843.8772823180566,20.37413627644355,13073,PEYPIN,13
23830.0,2178.0,3547.782258064516,2693.663917282114,854.1183407824019,13074,PEYROLLES-EN-PROVENCE,13
26120.0,4918.0,4265.217391304348,3938.8611334623884,326.35625784195963,13075,PLAN DE CUQUES,13
22810.0,1413.0,2782.608695652174,2535.615718368282,246.99297728389183,13076,PLAN-D ORGON,13
20030.0,7229.0,2871.1984342065643,2508.532166255673,362.6662679508913,13077,PORT DE BOUC,13
20700.0,3783.0,2765.9574468085107,1522.8140067742265,1243.1434400342841,13078,PORT-SAINT-LOUIS,13
26760.0,2139.0,3256.916684199453,3056.815158028649,200.10152617080394,13080,LE PUY SAINTE REPARADE,13
24630.0,5257.0,3629.2134831460676,3563.041876603462,66.17160654260579,13081,ROGNAC,13
28820.0,1902.0,3359.375,3329.711063839863,29.663936160136927,13082,ROGNES,13
23980.0,1914.0,2860.8852583586627,2738.926361343096,121.95889701556689,13083,ROGNONAS,13
22940.0,1922.0,3271.0,2567.264173893531,703.7358261064692,13084,LA ROQUE D'ANTHERON,13
27130.0,2248.0,3827.5462962962965,3824.830197482669,2.716098813627468,13085,ROQUEFORT LA BEDOULE,13
26260.0,3709.0,3900.0,3568.8473834850283,331.15261651497167,13086,ROQUEVAIRE,13
25650.0,2165.0,4076.8958185683914,2816.274346252164,1260.6214723162275,13087,ROUSSET,13
25810.0,2297.0,4242.424242424242,3836.976601731988,405.447640692254,13088,LE ROVE,13
22550.0,1358.0,3142.8571428571427,2778.125416743943,364.7317261131998,13089,SAINT-ANDIOL,13
28080.0,2341.0,3843.4873949579833,3691.093573710126,152.39382124785743,13091,SAINT-CANNAT,13
24610.0,3753.0,3906.4164518900343,3578.5917034907743,327.82474839926,13092,SAINT CHAMAS,13
25960.0,1046.0,3355.5555555555557,3031.468471746821,324.08708380873486,13094,SAINT-ETIENNE-DU-GRES,13
20550.0,1457.0,2769.230769230769,2350.114797715646,419.11597151512296,13096,LES STES MARIES DE LA MER,13
23270.0,5937.0,2932.6923076923076,2832.418100398887,100.27420729342066,13097,SAINT MARTIN DE CRAU,13
26910.0,2619.0,3722.222222222222,3561.614860417933,160.6073618042892,13098,SAINT-MITRE-LES-REMPARTS,13
23350.0,352.0,2768.9655172413795,1811.6496447426343,957.3158724987452,13099,SAINT-PAUL-LEZ-DURANCE,13
23250.0,4717.0,3600.0,3465.7244810822863,134.27551891771373,13100,SAINT-REMY-DE-PROVENCE,13
27300.0,1323.0,3935.714285714286,3565.2441592617974,370.47012645248833,13101,SAINT SAVOURNIN,13
22680.0,2581.0,3587.777777777778,2891.7476299897303,696.0301477880475,13102,SAINT-VICTORET,13
22400.0,19467.0,3646.39116202946,3628.8354032721427,17.555758757317108,13103,SALON-DE-PROVENCE,13
28750.0,4068.0,4653.217654986523,4303.219872366918,349.99778261960455,13104,SAUSSET-LES-PINS,13
22230.0,2876.0,3126.0162601626016,2786.411500560325,339.6047596022768,13105,SENAS,13
22740.0,4440.0,3875.0,3201.1239824852405,673.8760175147595,13106,SEPTEMES LES VALLONS,13
28770.0,2284.0,3931.996855345912,3584.9519246929044,347.04493065300767,13107,SIMIANE-COLLONGUE,13
18190.0,5950.0,2382.0224719101125,2176.758228159745,205.2642437503673,13108,TARASCON,13
25260.0,4461.0,3984.186871673566,3576.653433354127,407.533438319439,13110,TRETS,13
28760.0,3621.0,3866.6666666666665,3866.4480110761506,0.21865559051593664,13112,VELAUX,13
29240.0,3737.0,4654.759737895886,4391.137128179983,263.6226097159033,13113,VENELLES,13
33710.0,2372.0,4263.311982570805,3469.6314250041537,793.6805575666517,13114,VENTABREN,13
22090.0,14988.0,3924.5014245014245,3601.2029599552584,323.2984645461661,13117,VITROLLES,13
29730.0,1463.0,4703.713235294117,4101.3493611943195,602.3638740997976,13118,COUDOUX,13
16390.0,10651.0,3033.3333333333335,1949.2682886751763,1084.0650446581571,13202,MARSEILLE 2EME,13
20220.0,23815.0,3815.7894736842104,3485.072700012536,330.7167736716742,13204,MARSEILLE 4EME,13
20740.0,21822.0,3391.731898238748,2796.0408744758834,595.6910237628645,13205,MARSEILLE 5EME,13
26900.0,17888.0,4071.8333333333335,3969.8776772423344,101.95565609099913,13207,MARSEILLE 7EME,13
27420.0,37643.0,3061.2244897959185,3522.708130558799,-461.48364076288044,13208,MARSEILLE 8EME,13
24450.0,32459.0,4892.399267399267,4056.234944083711,836.164323315556,13209,MARSEILLE 9EME,13
20440.0,25037.0,3909.090909090909,3633.1331191069103,275.95778998399874,13210,MARSEILLE 10EME,13
22400.0,23130.0,4065.934065934066,3946.373295989382,119.56076994468413,13211,MARSEILLE 11EME,13
25680.0,27559.0,4639.647413182141,4539.099771371726,100.54764181041446,13212,MARSEILLE 12EME,13
19930.0,35365.0,3934.333333333333,3024.967230054671,909.3661032786622,13213,MARSEILLE 13EME,13
15420.0,20326.0,2736.842105263158,2885.4869812084985,-148.64487594534057,13214,MARSEILLE 14EME,13
14890.0,26804.0,2951.7434210526317,2299.6854885457533,652.0579325068784,13215,MARSEILLE 15EME,13
19690.0,6595.0,3104.575163398693,2946.487810708379,158.08735269031376,13216,MARSEILLE 16EME,13
24480.0,493.0,2169.638882580059,2104.979674714997,64.65920786506194,14001,ABLON,14
26040.0,421.0,2583.098134212968,2355.3131211046903,227.78501310827778,14006,AMAYE-SUR-ORNE,14
29170.0,525.0,3012.8395784543327,3037.400807937526,-24.56122948319353,14014,COLOMBY-ANGUERNY,14
32490.0,308.0,2771.979865771812,2989.85755588877,-217.8776901169581,14015,ANISY,14
22060.0,1604.0,2280.3416149068325,2040.2625955617239,240.0790193451087,14020,ARGENCES,14
24790.0,463.0,2433.0,2365.520802411812,67.47919758818807,14026,AUDRIEU,14
21060.0,2017.0,1605.7692307692307,1706.493338830341,-100.7241080611102,14027,LES MONTS D'AUNAY,14
28000.0,687.0,3169.0478729075594,2969.7676358802732,199.28023702728615,14030,AUTHIE,14
21650.0,569.0,1475.2475247524753,1544.7469599393094,-69.49943518683403,14035,BALLEROY-SUR-DROME,14
24530.0,96.0,2512.9177218737486,1699.2167592313615,813.7009626423871,14036,BANNEVILLE-LA-CAMPAGNE,14
23890.0,220.0,1513.3757485029942,1526.4265671260164,-13.050818623022224,14037,MALHERBE-SUR-AJON,14
24820.0,317.0,2527.4725274725274,2276.1392249822,251.33330249032724,14038,BANVILLE,14
24310.0,277.0,2000.0,1993.392955473118,6.607044526881964,14039,BARBERY,14
24320.0,728.0,2774.8362748362747,2669.7475472728147,105.08872756346,14046,BAVENT,14
21430.0,6803.0,2746.8297101449275,2466.5965782056924,280.23313193923514,14047,BAYEUX,14
22520.0,592.0,2428.194092827004,2140.1295163328314,288.0645764941728,14057,BELLENGREVILLE,14
27550.0,853.0,2645.631067961165,2666.6600967117374,-21.02902875057225,14060,BENOUVILLE,14
21600.0,3692.0,1076.923076923077,1418.4977947914185,-341.5747178683416,14061,SOULEUVRE EN BOCAGE,14
24440.0,1155.0,2853.488372093023,2952.9253625728757,-99.43699047985274,14066,BERNIERES-SUR-MER,14
28530.0,1539.0,3264.4827586206898,3072.6845456481947,191.7982129724951,14068,BIEVILLE-BEUVILLE,14
22010.0,2702.0,2916.6666666666665,2561.6269730780386,355.03969358862787,14076,BLAINVILLE-SUR-ORNE,14
24290.0,151.0,2111.1111111111113,2051.0826838076905,60.02842730342081,14078,BLAY,14
23940.0,925.0,3687.5,3378.4503597487155,309.0496402512845,14079,BLONVILLE-SUR-MER,14
23920.0,866.0,2802.4691358024693,2665.557599267309,136.9115365351604,14092,BOURGUEBUS,14
25100.0,2454.0,2708.873873873874,2638.4513071455895,70.42256672828444,14098,THUE ET MUE,14
23220.0,738.0,2454.5454545454545,2356.070020474148,98.47543407130661,14100,BRETTEVILLE-SUR-LAIZE,14
26030.0,1973.0,2987.8676470588234,2786.7523904745653,201.11525658425808,14101,BRETTEVILLE-SUR-ODON,14
25140.0,422.0,1354.1666666666667,1410.599230446631,-56.43256377996431,14102,BREUIL-EN-AUGE (LE),14
22860.0,2181.0,3125.0,2892.469495366714,232.530504633286,14117,CABOURG,14
21600.0,48977.0,3137.536945812808,3101.4372398072433,36.09970600556471,14118,CAEN,14
21620.0,765.0,2442.3863636363635,2194.4004109188727,247.98595271749082,14119,CAGNY,14
22760.0,555.0,1808.974358974359,1981.1746050416987,-172.20024606733978,14120,CAHAGNES,14
30090.0,767.0,3636.3636363636365,3378.293343786947,258.07029257668955,14123,CAIRON,14
27960.0,793.0,3192.750677506775,2517.7118163213054,675.0388611854696,14125,CAMBES-EN-PLAINE,14
23690.0,541.0,2335.4192740926155,2168.8557364845465,166.56353760806905,14126,CAMBREMER,14
22140.0,1404.0,2866.6666666666665,2364.487876955437,502.17878971122946,14137,CARPIQUET,14
20370.0,1016.0,1151.9607843137255,1183.8339277967941,-31.87314348306859,14143,CAUMONT-SUR-AURE,14
22350.0,547.0,1730.5194805194806,1654.0594152379126,76.46006528156795,14150,CESNY-LES-SOURCES,14
21540.0,551.0,1379.3103448275863,1400.744370249468,-21.434025421881643,14162,CLECY,14
26130.0,1124.0,2589.285714285714,2779.1860059286487,-189.90029164293446,14166,COLLEVILLE-MONTGOMERY,14
19440.0,2987.0,2304.4444444444443,1886.6619562575215,417.7824881869228,14167,COLOMBELLES,14
25230.0,212.0,1866.6666666666667,1837.675225738256,28.99144092841084,14172,COMMES,14
20430.0,2891.0,1188.1512703430512,1398.3427481410583,-210.1914777980071,14174,CONDE-EN-NORMANDIE,14
23050.0,2196.0,2731.7796610169494,2574.06516990564,157.7144911113096,14181,CORMELLES-LE-ROYAL,14
23280.0,2512.0,3055.5555555555557,2626.3133556739717,429.24219988158393,14191,COURSEULLES-SUR-MER,14
22120.0,246.0,2130.011454753723,1680.0094600230389,450.0019947306839,14194,COURTONNE-LES-DEUX-EGLISES,14
24040.0,886.0,2158.9880952380954,2274.458999956887,-115.47090471879164,14200,CREULLY SUR SEULLES,14
23210.0,240.0,1819.2766619728748,1757.9546530865582,61.32200888631655,14207,CROISILLES,14
23550.0,859.0,2564.102564102564,2406.751701980127,157.35086212243687,14215,CUVERVILLE,14
23070.0,1326.0,2374.6470588235297,2242.649449155548,131.99760966798158,14221,DEMOUVILLE,14
19560.0,2485.0,2952.753623188406,1443.9288268342293,1508.8247963541767,14225,DIVES-SUR-MER,14
25920.0,2189.0,2824.2816091954023,2829.9061028534843,-5.624493658081974,14228,DOUVRES-LA-DELIVRANDE,14
20970.0,875.0,2651.5151515151515,2329.599913406841,321.9152381083104,14229,DOZULE,14
25200.0,242.0,1650.7575757575758,1763.8736282306118,-113.116052473036,14241,EPINAY-SUR-ODON,14
29720.0,669.0,2845.4198695550895,2756.8599776324054,88.55989192268407,14242,EPRON,14
25050.0,533.0,2667.589418777943,2389.797635226779,277.7917835511639,14249,ESQUAY-NOTRE-DAME,14
26560.0,640.0,2435.5670103092784,2527.5636669748333,-91.99665666555484,14254,ETERVILLE,14
25620.0,738.0,2661.1127724614566,2559.6805376390316,101.43223482242502,14257,EVRECY,14
20500.0,3690.0,1821.7821782178219,1905.0613450694075,-83.27916685158561,14258,FALAISE,14
26070.0,588.0,2862.627197039778,2714.9541604311876,147.67303660859034,14266,FEUGUEROLLES-BULLY,14
21780.0,2291.0,2652.8345864661655,2477.3370070344417,175.4975794317238,14271,FLEURY-SUR-ORNE,14
27940.0,1125.0,2794.037189343823,2880.444580209859,-86.40739086603617,14274,FONTAINE-ETOUPEFOUR,14
24430.0,204.0,2329.5318870122305,2113.677028553011,215.85485845921949,14275,FONTAINE-HENRY,14
23770.0,794.0,2350.491878288721,2266.400537978385,84.09134031033636,14277,FONTENAY-LE-MARMION,14
23250.0,778.0,2339.9375365996484,1859.6570063234922,480.28053027615624,14287,FRENOUVILLE,14
21510.0,2035.0,2560.810810810811,2259.1569433327827,301.65386747802813,14301,GIBERVILLE,14
22590.0,837.0,2390.0625381330083,2177.6691093167415,212.3934288162668,14312,GRANDCAMP-MAISY,14
26180.0,1463.0,3412.121212121212,3289.5899106208417,122.53130150037032,14325,HERMANVILLE-SUR-MER,14
24050.0,334.0,1619.502487562189,1629.7356763008654,-10.233188738676517,14326,HERMIVAL-LES-VAUX,14
18840.0,9516.0,3340.0625,2815.341511878259,524.7209881217409,14327,HEROUVILLE-SAINT-CLAIR,14
20840.0,3633.0,3214.285714285714,2795.1222416085943,419.1634726771199,14333,HONFLEUR,14
24440.0,1179.0,3678.1696955576267,3253.1511936827815,425.01850187484524,14338,HOULGATE,14
22310.0,4716.0,2832.8527062999115,2535.8945621920425,296.958144107869,14341,IFS,14
20930.0,1697.0,1250.0,1324.0245227395963,-74.02452273959625,14342,ISIGNY-SUR-MER,14
25140.0,770.0,2484.962009286619,2407.172485167293,77.78952411932596,14349,LAIZE-CLINCHAMPS,14
20550.0,373.0,1644.7368421052631,1389.1094735191573,255.62736858610583,14352,LANDELLES-ET-COUPIGNY,14
25310.0,1001.0,3375.0,3066.426402369502,308.57359763049817,14354,LANGRUNE-SUR-MER,14
25200.0,1235.0,3206.547550154321,2378.35855834604,828.1889918082811,14365,LION-SUR-MER,14
19440.0,9737.0,1978.2505910165485,1930.7840457476896,47.46654526885891,14366,LISIEUX,14
21230.0,1323.0,2098.7654320987654,1523.207665677311,575.5577664214543,14370,LE MOLAY LITTRY,14
20820.0,2679.0,1981.9212962962963,1948.4191332671273,33.50216302916897,14371,LIVAROT-PAYS-D'AUGE,14
25630.0,1111.0,2390.648286140089,2430.3590171843953,-39.71073104430616,14383,LOUVIGNY,14
26180.0,1638.0,3505.7471264367814,3056.5115488382608,449.23557759852065,14384,LUC-SUR-MER,14
26280.0,374.0,2705.8823529411766,2503.859387789411,202.02296515176567,14396,MALTOT,14
22970.0,299.0,2190.5972874282734,1894.9106897244142,295.6865977038592,14403,MAROLLES,14
25720.0,436.0,2990.0,2761.5994813440902,228.40051865590976,14406,MOULINS EN BESSIN,14
32520.0,964.0,3485.862936585782,3478.189266872628,7.673669713153686,14407,MATHIEU,14
25440.0,1184.0,3040.5405405405404,2877.77656327022,162.76397727032054,14409,MERVILLE FRANCEVILLE,14
21960.0,452.0,2126.7477203647413,2089.5719959864,37.17572437834133,14410,MERY-BISSIERES-EN-AUGE,14
20780.0,3916.0,1930.9782608695652,1819.8861107286168,111.09215014094843,14431,MEZIDON VALLEE D'AUGE,14
21760.0,4769.0,2577.5862068965516,2441.0678285762356,136.51837832031606,14437,MONDEVILLE,14
24660.0,693.0,2757.269619016607,2063.3183274592693,693.9512915573378,14454,MOUEN,14
22530.0,1220.0,2274.6478873239435,2071.8687890670785,202.77909825686493,14456,MOULT-CHICHEBOVILLE,14
21710.0,624.0,2183.3333333333335,1986.8671010539456,196.4662322793879,14460,MOYAUX,14
24700.0,929.0,2013.888888888889,1994.5252707133345,19.363618175554393,14475,VAL D'ARRY,14
19430.0,909.0,2333.3333333333335,2103.5275668061513,229.8057665271822,14478,ORBEC,14
24050.0,4873.0,3153.153153153153,3124.831083469561,28.322069683592417,14488,OUISTREHAM,14
21620.0,2229.0,2980.769230769231,2699.752559252256,281.01667151697484,14514,PONT-L EVEQUE,14
21460.0,966.0,2075.0,1935.5327344414443,139.4672655585557,14515,PORT-EN-BESSIN-HUPPAIN,14
21040.0,887.0,2425.677948286735,2037.5489071777972,388.1290411089378,14516,POTIGNY,14
23820.0,329.0,2106.1046511627906,2050.776960312743,55.327690850047475,14520,LE PRE D'AUGE,14
25260.0,884.0,2736.263736263736,2528.2591983154816,208.00453794825444,14530,RANVILLE,14
23480.0,1243.0,2435.8585858585857,2327.26024609719,108.59833976139589,14536,RIVIERE-SAINT-SAUVEUR (LA),14
24730.0,629.0,2860.1410658307213,2671.7833455654063,188.35772026531504,14538,CASTINE-EN-PLAINE,14
27800.0,991.0,2317.118226600985,2430.2826714197986,-113.16444481881354,14543,ROTS,14
24900.0,620.0,2209.6828609986505,2120.979477573535,88.70338342511559,14554,LE CASTELET,14
23330.0,177.0,1765.6394453004623,1269.6319761657462,496.0074691347161,14555,SAINT-ANDRE-D HEBERTOT,14
23600.0,667.0,2605.2631578947367,2478.3221789282643,126.94097896647236,14556,SAINT-ANDRE-SUR-ORNE,14
26690.0,450.0,2524.4343891402714,2439.1362805973336,85.29810854293783,14558,SAINT-AUBIN-D ARQUENAY,14
25140.0,1183.0,3351.8518518518517,3050.7401873772155,301.1116644746362,14562,SAINT-AUBIN-SUR-MER,14
21790.0,953.0,1751.0668630338732,1841.0417860276277,-89.97492299375449,14570,VALORBIQUET,14
21920.0,343.0,798.9468864468864,1069.0369032867927,-270.0900168399063,14572,SAINT-DENIS-DE-MERE,14
23520.0,684.0,2058.823529411765,1950.6377564577124,108.18577295405248,14574,SAINT-DESIR,14
25600.0,807.0,2684.7500151139593,2425.7869982136103,258.963016900349,14610,SAINT-MANVIEU-NORREY,14
23160.0,354.0,2277.212918660287,2025.0874757911633,252.12544286912362,14625,SAINT-MARTIN-DE-LA-LIEUE,14
23160.0,264.0,2439.541920216362,2289.630249087213,149.911671129149,14644,SAINT-PHILBERT-DES-CHAMPS,14
20720.0,3156.0,1777.6216216216217,1747.0236062933548,30.59801532826691,14654,SAINT-PIERRE-EN-AUGE,14
20960.0,476.0,1739.1304347826087,1689.5467778792618,49.58365690334699,14656,SAINT-REMY,14
20740.0,1912.0,1164.1089108910892,1325.7974852704167,-161.68857437932752,14658,NOUES DE SIENNE,14
23530.0,563.0,2361.904761904762,1702.4739460931303,659.4308158116316,14659,SAINT-SYLVAIN,14
25990.0,729.0,2611.1111111111113,2594.8982727362036,16.212838374907733,14685,THAON,14
22030.0,1550.0,1802.1475256769374,1799.313968287567,2.833557389370526,14689,THURY-HARCOURT-LE-HOM,14
22310.0,703.0,2415.7303370786517,2204.0029572260605,211.72737985259118,14692,TILLY-SUR-SEULLES,14
21760.0,2070.0,3944.4696488521913,3163.3249310689193,781.144717783272,14699,TOUQUES,14
25410.0,412.0,2235.1190476190477,2033.6529856070695,201.46606201197824,14707,TOURVILLE-SUR-ODON,14
19910.0,403.0,2142.8571428571427,1404.1677589523324,738.6893839048103,14711,TREVIERES,14
23510.0,1369.0,2457.6,2392.570342872235,65.02965712776495,14712,TROARN,14
21700.0,2573.0,4639.566395663956,3846.3732566902727,793.1931389736837,14715,TROUVILLE-SUR-MER,14
22480.0,358.0,1687.5,1681.0575826526474,6.4424173473526025,14720,USSY,14
20830.0,2494.0,1339.5833333333333,1531.5347731433444,-191.95143981001115,14726,VALDALLIERE,14
25240.0,1692.0,2905.590361445783,2627.801841443779,277.78852000200413,14738,VERSON,14
21880.0,1427.0,2103.9668700959023,1973.8721408606143,130.094729235288,14752,VILLERS-BOCAGE,14
21350.0,8129.0,1581.048226385014,1682.625097031997,-101.57687064698302,14762,VIRE NORMANDIE,14
20360.0,457.0,1400.0,1424.7357287253224,-24.73572872532236,14764,PONT-D'OUILLY,14
23500.0,2981.0,1597.906779661017,2045.8029294416513,-447.89614978063423,15012,ARPAJON-SUR-CERE,15
21860.0,13420.0,1808.990425232329,3506.318086118381,-1697.327660886052,15014,AURILLAC,15
19330.0,218.0,1291.0,1351.2371107832994,-60.237110783299386,15029,CASSANIOUZE,15
19890.0,489.0,1284.7222222222222,1257.3734465368238,27.348775685398323,15037,CHAMPAGNAC,15
20110.0,391.0,1103.975155279503,1325.6638682295702,-221.68871295006716,15054,CONDAT,15
20860.0,98.0,1622.3009446693657,1567.665594361534,54.635350307831686,15072,FREIX-ANGLARDS,15
17200.0,114.0,1428.5714285714287,1441.5049682164088,-12.933539644980101,15082,JUNHAC,15
22770.0,922.0,1483.1649831649831,1627.250007003915,-144.08502383893187,15083,JUSSAC,15
21760.0,217.0,1699.1869918699188,1644.9177940766751,54.26919779324362,15085,LABROUSSE,15
21800.0,263.0,1001.1123470522804,1264.391123452311,-263.27877640003055,15090,LAFEUILLADE-EN-VEZIE,15
22960.0,688.0,1060.6060606060605,1495.2284744002795,-434.622413794219,15092,LANOBRE,15
21570.0,164.0,1927.3338513028925,1797.8606408938037,129.47321040908878,15095,LAROQUEVIEILLE,15
20290.0,275.0,1478.8235294117646,1389.6183748517017,89.20515456006297,15117,MARCOLES,15
21420.0,883.0,929.2035398230089,1192.1026718580495,-262.89913203504057,15119,MASSIAC,15
21240.0,1705.0,1211.7064647641234,1436.8093220165067,-225.10285725238327,15120,MAURIAC,15
20720.0,1003.0,1280.0,1439.687904417817,-159.68790441781698,15122,MAURS,15
21050.0,236.0,1563.5135135135135,1425.0743581868135,138.43915532670007,15124,MENET,15
21670.0,897.0,1440.677966101695,1559.3095823880403,-118.63161628634543,15138,MURAT,15
24230.0,960.0,1731.5959595959596,1988.0362055677342,-256.44024597177463,15140,NAUCELLES,15
21650.0,826.0,1637.3626373626373,1625.199463419075,12.163173943562242,15141,NEUSSARGUES-MOISSAC,15
21360.0,799.0,1327.7777777777778,1479.8188081284673,-152.04103035068943,15142,NEUVEGLISE-SUR-TRUYERE,15
19980.0,754.0,941.1764705882352,1384.9199284085594,-443.7434578203241,15153,PLEAUX,15
21350.0,1221.0,1588.235294117647,1645.5356541956123,-57.30036007796525,15162,RIOM-ES-MONTAGNES,15
21380.0,3025.0,857.1428571428571,1236.420381893494,-379.277524750637,15187,SAINT FLOUR,15
23500.0,516.0,1382.0748299319728,1873.79790719014,-491.7230772581672,15188,SAINT-GEORGES,15
22440.0,662.0,1440.0,1628.8778809818932,-188.8778809818932,15196,SAINT-MAMET-LA-SALVETAT,15
19980.0,340.0,1481.081081081081,1554.1239706971805,-73.0428896160995,15202,SAINT-MARTIN-VALMEROUX,15
23210.0,678.0,1879.1208791208792,1954.365597100288,-75.24471797940873,15204,SAINT-PAUL-DES-LANDES,15
23860.0,518.0,1715.0573248407643,1662.9009445127658,52.15638032799848,15215,SAINT-SIMON,15
18400.0,234.0,937.5,1486.3723247860253,-548.8723247860253,15243,TRIZAC,15
21750.0,883.0,960.7077486272117,1217.1917466435696,-256.4839980163579,15258,VIC-SUR-CERE,15
22290.0,381.0,1280.9716599190283,1591.0097358589398,-310.03807593991155,15261,LE VIGEAN,15
20860.0,811.0,1031.6666666666667,1285.300772975814,-253.63410630914723,15265,YDES,15
24530.0,1804.0,2262.325543478261,2389.9145894068774,-127.58904592861654,15267,YTRAC,15
21640.0,532.0,1904.7619047619048,1508.3595660669062,396.40233869499866,15268,LE ROUGET-PERS,15
20480.0,382.0,1443.4597701149426,1343.6936141929411,99.76615592200142,16003,AGRIS,16
20570.0,700.0,863.0,1070.0914653521515,-207.09146535215154,16005,AIGRE,16
19470.0,252.0,1012.952380952381,1192.895409907157,-179.94302895477608,16007,ALLOUE,16
19830.0,20769.0,1719.637918028665,1883.8734276090067,-164.23550958034184,16015,ANGOULEME,16
22080.0,383.0,1386.1386138613861,1420.436821210326,-34.29820734893974,16016,ANSAC-SUR-VIENNE,16
23840.0,546.0,1229.7101449275362,1631.875702372345,-402.16555744480866,16019,ASNIERES-SUR-NOUERE,16
20230.0,2255.0,1188.2186053456771,1428.201958268453,-239.9833529227758,16028,BARBEZIEUX SAINT HILAIRE,16
23450.0,215.0,1166.6666666666667,1254.467500735532,-87.80083406886524,16032,BASSAC,16
20870.0,470.0,999.0253411306044,1413.198129674695,-414.17278854409074,16046,COTEAUX-DU-BLANZACAIS,16
22510.0,389.0,1568.6274509803923,1720.1387338011505,-151.5112828207582,16055,BOUEX,16
24690.0,348.0,1447.3684210526317,1718.3030951935364,-270.9346741409047,16056,BOURG-CHARENTE,16
24020.0,1606.0,1727.4520433694747,2089.640906228836,-362.18886285936105,16061,BRIE,16
21870.0,480.0,2009.6527777777778,1889.8204620114398,119.83231576633807,16064,BRIGUEUIL,16
20320.0,835.0,1383.0049261083743,1490.936437349838,-107.93151124146357,16070,CHABANAIS,16
18600.0,849.0,1515.1515151515152,1409.4669795876198,105.68453556389545,16073,CHALAIS,16
19940.0,430.0,805.6860902255639,945.3298659327243,-139.64377570716033,16076,CHAMPAGNE-MOUTON,16
25410.0,2328.0,1454.1284403669724,1974.752457361625,-520.6240169946525,16078,CHAMPNIERS,16
20070.0,1487.0,1454.5454545454545,1453.6220640664085,0.9233904790460201,16085,CHASSENEUIL-SUR-BONNIEURE,16
24230.0,500.0,1559.5991561181436,1747.557547795052,-187.95839167690838,16088,CHASSORS,16
23440.0,1744.0,1474.616151545364,2035.1815873143066,-560.5654357689427,16089,CHATEAUBERNARD,16
21520.0,1586.0,1134.020618556701,1341.2511939977458,-207.23057544104472,16090,CHATEAUNEUF-SUR-CHARENTE,16
22270.0,684.0,1583.3333333333333,1629.306426911056,-45.97309357772269,16093,CHAZELLES,16
24280.0,1052.0,1435.2333333333333,1794.5454512513136,-359.31211791798023,16097,VAL-DE-COGNAC,16
21980.0,9320.0,1647.0588235294117,2599.6369170368157,-952.578093507404,16102,COGNAC,16
22090.0,219.0,1391.6178929765886,1460.331324727997,-68.7134317514085,16104,CONDAC,16
21030.0,1218.0,1058.8235294117646,2025.947275382044,-967.1237459702793,16106,CONFOLENS,16
21210.0,3486.0,1666.6666666666667,2070.092543614015,-403.42587694734834,16113,LA COURONNE,16
24710.0,617.0,1382.1824596774195,1827.562091826395,-445.3796321489756,16120,DIRAC,16
18790.0,300.0,1562.9411764705883,1431.7160410537479,131.22513541684043,16124,ECURAS,16
21150.0,419.0,1232.4946846208363,1269.9536814092626,-37.45899678842625,16132,ETAGNAC,16
21200.0,455.0,1391.216240409207,1362.514379603311,28.701860805896104,16134,EXIDEUIL SUR VIENNE,16
23980.0,1698.0,2058.5858585858587,2311.9387295134343,-253.35287092757562,16138,FLEAC,16
25570.0,881.0,1591.252427184466,1753.3921962010104,-162.1397690165445,16146,GARAT,16
22400.0,427.0,1372.549019607843,1570.4852037560838,-197.93618414824073,16148,GENAC-BIGNAC,16
24820.0,743.0,1428.5697940503433,2557.52834585473,-1128.9585518043868,16150,GENSAC-LA-PALLUE,16
24050.0,502.0,1501.820475847152,1683.3890662933266,-181.56859044617454,16153,MAINXE-GONDEVILLE,16
21880.0,2833.0,1515.1515151515152,1670.2144170786112,-155.06290192709594,16154,GOND PONTOUVRE,16
22380.0,2515.0,1794.6158645276291,1935.0667641273221,-140.450899599693,16166,L'ISLE D'ESPAGNAC,16
22340.0,2207.0,1698.6362781954886,2206.499186616143,-507.86290842065455,16167,JARNAC,16
18700.0,158.0,1629.111658089058,1946.794955444993,-317.6832973559351,16170,JUIGNAC,16
17210.0,193.0,1045.625,1253.5198187253131,-207.89481872531314,16182,LESTERPS,16
23800.0,981.0,1598.4848484848485,1769.6597629389316,-171.17491445408314,16187,LINARS,16
19720.0,1828.0,950.0,1289.1030592087618,-339.1030592087618,16192,TERRES-DE-HAUTE-CHARENTE,16
19950.0,351.0,1400.0,1402.6943377568987,-2.694337756898676,16196,LUXE,16
24270.0,1487.0,1759.2592592592591,1984.8364446542435,-225.57718539498433,16199,MAGNAC-SUR-TOUVRE,16
18650.0,247.0,939.3939393939394,1063.7129256153119,-124.31898622137248,16205,MANOT,16
19620.0,775.0,1390.0966183574878,1530.1237204833506,-140.0271021258627,16206,MANSLE-LES-FONTAINES,16
20730.0,260.0,1065.5357142857142,1759.2724617223287,-693.7367474366145,16211,MARTHON,16
24040.0,313.0,1557.8926282051282,1592.7483826807772,-34.855754475649064,16216,MERIGNAC,16
25300.0,503.0,1198.0196912060865,2442.436046441548,-1244.4163552354617,16217,MERPINS,16
20220.0,993.0,937.5,1012.1959081829406,-74.69590818294057,16223,MONTBRON,16
19520.0,317.0,1108.8374551806564,1570.3358369234543,-461.49838174279785,16225,MONTEMBOEUF,16
20550.0,1157.0,1238.6252045826513,1430.6332227883477,-192.00801820569632,16230,MONTMOREAU,16
24990.0,923.0,1784.1153470185727,2692.7016178628633,-908.5862708442905,16232,MORNAC,16
23800.0,431.0,1678.623670212766,1981.316760337892,-302.693090125126,16233,MOSNAC-SAINT-SIMEUX,16
23990.0,1047.0,1715.686274509804,1983.025213963972,-267.338939454168,16236,MOUTHIERS-SUR-BOEME,16
20430.0,643.0,1256.679089026915,1675.0264463472702,-418.34735732035506,16242,NANTEUIL-EN-VALLEE,16
21610.0,1131.0,1437.884248463006,1522.2584381976421,-84.37418973463605,16244,NERSAC,16
22170.0,213.0,1459.7651775486827,1569.3945805223286,-109.62940297364594,16261,LES PINS,16
23360.0,397.0,1465.3061224489797,1752.3642830653366,-287.0581606163569,16269,PRANZAC,16
27640.0,1107.0,2149.6103896103896,2309.2374074084996,-159.62701779811005,16271,PUYMOYEN,16
22920.0,303.0,1302.5177025963808,1449.2975830043301,-146.77988040794935,16276,REIGNAC,16
21020.0,2024.0,1261.645962732919,1859.8446727417684,-598.1987100088493,16281,LA ROCHEFOUCAULD-EN-ANGOUMOIS,16
21520.0,1282.0,1100.0,1664.364121724715,-564.364121724715,16286,ROUILLAC,16
23620.0,1924.0,1525.974025974026,1809.5187687438543,-283.5447427698282,16287,ROULLET SAINT ESTEPHE,16
22460.0,3594.0,1634.1282992070069,2232.019459471601,-597.891160264594,16291,RUELLE-SUR-TOUVRE,16
19460.0,1711.0,1244.5588235294117,1283.8842385475607,-39.32541501814899,16292,RUFFEC,16
21730.0,568.0,1097.48427672956,1556.2884598814344,-458.80418315187444,16295,SAINT-AMANT-DE-BOIXE,16
23640.0,170.0,1034.3669250645994,1648.9237128400357,-614.5567877754363,16298,SAINT-AMANT-DE-NOUERE,16
22100.0,566.0,1377.310924369748,1556.4561656890605,-179.14524131931262,16300,VAL-DE-BONNIEURE,16
20000.0,472.0,906.7307692307693,1353.2392690154002,-446.5084997846309,16308,SAINT-CLAUD,16
25070.0,375.0,1655.1724137931035,2805.4430747071774,-1150.270660914074,16330,SAINT-LAURENT-DE-COGNAC,16
21170.0,1482.0,1475.0,1483.1869676781419,-8.186967678141855,16341,SAINT-MICHEL,16
21660.0,356.0,1841.6133786848072,1494.3413409123011,347.2720377725061,16353,SAINT-SORNIN,16
24140.0,3385.0,1687.2422680412371,2175.5200741146177,-488.2778060733806,16358,SAINT-YRIEIX-SUR-CHARENTE,16
23030.0,908.0,1650.0,1925.9117174724308,-275.91171747243084,16366,SEGONZAC,16
24500.0,440.0,1289.6213183730715,2076.7856712396447,-787.1643528665732,16369,SIGOGNE,16
23920.0,507.0,1531.4606741573034,1583.6443553917916,-52.183681234488176,16370,SIREUIL,16
18730.0,4433.0,1604.0348101265822,1545.599385504804,58.43542462177811,16374,SOYAUX,16
21490.0,668.0,1356.5697781037961,1552.6647392011757,-196.0949610973796,16379,TAPONNAT-FLEURIGNAC,16
24930.0,515.0,1612.9032258064517,1776.0855530465533,-163.18232724010159,16385,TOUVRE,16
23400.0,953.0,1714.2857142857142,1922.474929903092,-208.18921561737784,16393,VARS,16
20600.0,326.0,1185.8125,1579.029141194668,-393.216641194668,16400,VERTEUIL-SUR-CHARENTE,16
21760.0,303.0,1225.6270570877314,1412.4815208803384,-186.85446379260702,16408,VILLEBOIS-LAVALETTE,16
24140.0,446.0,1125.0,1750.7781240342404,-625.7781240342404,16415,VINDELLE,16
21650.0,237.0,1542.8571428571427,1501.523604732758,41.33353812438463,16416,VITRAC-SAINT-VINCENT,16
19350.0,125.0,1667.6190476190477,1339.6440912435503,327.9749563754974,16423,XAMBES,16
23520.0,2008.0,2697.1203228173144,2743.323481729157,-46.203158911842365,17003,AIGREFEUILLE-D AUNIS,17
24260.0,948.0,2070.5555555555557,2318.10032705714,-247.54477150158436,17008,ANDILLY,17
26700.0,1887.0,4049.183592194345,3765.8817145898206,283.3018776045242,17010,ANGOULINS,17
22200.0,1950.0,2588.392857142857,2225.0411598259834,363.35169731687347,17021,ARVERT,17
19840.0,693.0,1171.9771241830067,1070.5450148178006,101.43210936520609,17024,AULNAY,17
22830.0,4872.0,3483.8709677419356,3249.6221067352876,234.24886100664799,17028,AYTRE,17
22090.0,512.0,1648.5842444631344,1596.423952346632,52.16029211650243,17044,BERNEUIL,17
20890.0,600.0,1521.2121212121212,1393.391148562856,127.82097264926529,17053,BORDS,17
21550.0,1708.0,2750.0,2320.4476791929164,429.55232080708356,17058,BOURCEFRANC-LE-CHAPUS,17
25520.0,1474.0,3318.4523809523807,2831.678118660588,486.77426229179264,17064,BREUILLET,17
25710.0,789.0,2608.5858585858587,2547.8307854777236,60.75507310813509,17065,BREUIL-MAGNE,17
23680.0,589.0,1949.1525423728813,1988.7557694808086,-39.603227107927296,17073,BUSSAC-SUR-CHARENTE,17
22500.0,597.0,2143.181818181818,1925.9131909118912,217.2686272699268,17075,CABARIOT,17
20070.0,539.0,1803.6856533658238,1692.2010270608307,111.48462630499307,17077,CERCOUX,17
21720.0,749.0,2735.1424694708276,2478.925264847512,256.2172046233154,17079,CHAILLEVETTE,17
23380.0,1670.0,1274.5098039215686,1590.9539263308661,-316.4441224092975,17086,CHANIERS,17
22720.0,2224.0,3212.4259539881523,2234.7038790182573,977.722074969895,17093,LE CHATEAU D OLERON,17
26120.0,3497.0,3949.5238095238096,3042.815472152753,906.7083373710566,17094,CHATELAILLON-PLAGE,17
19670.0,166.0,1527.112369337979,1526.1537901384538,0.9585791995252748,17101,CHERBONNIERES,17
22200.0,647.0,2315.7608695652175,2132.2869957072758,183.47387385794173,17107,CIRE-D AUNIS,17
25660.0,595.0,2618.7165775401068,2234.9467734354434,383.7698041046633,17109,CLAVETTE,17
21850.0,536.0,1812.4747474747476,1459.2816344185908,353.1931130561568,17119,CORME-ECLUSE,17
23120.0,815.0,2203.618261291889,2061.4696285992018,142.14863269268744,17120,CORME-ROYAL,17
21530.0,885.0,2173.913043478261,2045.2562615104202,128.65678196784074,17127,COURCON,17
20860.0,1102.0,2047.6190476190477,1952.3542842295858,95.2647633894619,17131,COZES,17
24680.0,579.0,2580.048076923077,2606.31024919958,-26.26217227650295,17136,CROIX-CHAPEAU,17
22910.0,1785.0,3230.9472934472933,2482.2166435928357,748.7306498544576,17140,DOLUS-D'OLERON,17
26110.0,2675.0,3314.416273584906,3049.581625095882,264.83464848902395,17142,DOMPIERRE-SUR-MER,17
23030.0,1708.0,2310.0,2121.094506470824,188.90549352917606,17146,ECHILLAIS,17
20210.0,245.0,1759.6559729843816,1626.011544411941,133.64442857244057,17150,LES EGLISES D'ARGENTEUIL,17
23500.0,951.0,2833.3333333333335,2612.6117262146404,220.7216071186931,17153,ESNANDES,17
22480.0,1362.0,2888.0452849389417,2617.3876121748244,270.65767276411725,17155,ETAULES,17
22420.0,563.0,2841.5286144578313,2493.241643615718,348.2869708421131,17158,FERRIERES,17
24750.0,1031.0,1988.888888888889,2265.312619647909,-276.4237307590199,17164,FONTCOUVERTE,17
25880.0,2409.0,4029.0,3753.8422668057083,275.1577331942917,17168,FOURAS,17
20560.0,1368.0,1428.5714285714287,1478.016688319492,-49.445259748063336,17172,GEMOZAC,17
23800.0,804.0,1920.0,2199.886095079064,-279.88609507906403,17179,LES GONDS,17
21510.0,905.0,2167.40057995029,2067.664153349774,99.7364266005161,17185,LE GUA,17
22200.0,420.0,2046.7752902155887,1924.4118339553806,122.36345626020807,17186,LE GUE D ALLERE,17
27780.0,1311.0,2896.416552667579,3220.805016374916,-324.388463707337,17190,L HOUMEAU,17
25270.0,1129.0,3414.873417721519,3121.286606739986,293.5868109815333,17193,LA JARNE,17
25210.0,1490.0,2854.496810043219,2695.44587121684,159.05093882637902,17194,LA JARRIE,17
20210.0,1845.0,2132.222222222222,1936.84898548666,195.37323673556216,17197,JONZAC,17
27680.0,3456.0,3623.5632183908046,3438.0656286387407,185.49758975206396,17200,LAGORD,17
20070.0,242.0,1754.5112781954886,1646.0630100794217,108.44826811606686,17210,LORIGNAC,17
21380.0,426.0,2121.951219512195,1434.4683255214427,687.4828939907525,17216,LUSSANT,17
21500.0,2190.0,1995.8633633633635,1961.5753006881112,34.28806267525238,17218,MARANS,17
21900.0,2973.0,2444.2401960784314,2352.730688020364,91.50950805806724,17219,MARENNES-HIERS-BROUAGE,17
21340.0,399.0,1640.0322841000807,1584.9615967521647,55.070687347915964,17221,MARSAIS,17
27760.0,1435.0,3053.030303030303,3044.2734740002015,8.756829030101471,17222,MARSILLY,17
20730.0,1026.0,995.5646762875679,1216.4979224304902,-220.93324614292237,17224,MATHA,17
24710.0,1325.0,3835.5978260869565,3371.5013031943326,464.09652289262385,17225,LES MATHES,17
23160.0,1554.0,3174.6153846153848,2936.4930208816972,238.1223637336875,17228,MEDIS,17
24350.0,1871.0,3323.324292909725,3013.1018111175786,310.2224817921465,17230,MESCHERS-SUR-GIRONDE,17
21300.0,717.0,1800.0,1572.4343976973098,227.5656023026902,17232,MEURSAC,17
18980.0,730.0,1293.560606060606,1223.1376041852686,70.42300187533738,17236,MIRAMBEAU,17
21620.0,265.0,2378.0335628227194,2045.323856185765,332.7097066369545,17237,MOEZE,17
20020.0,1651.0,1924.2424242424242,1935.1231143831733,-10.880690140749039,17240,MONTENDRE,17
19560.0,712.0,1968.5714285714287,1648.8247715747752,319.7466569966534,17241,MONTGUYON,17
20480.0,503.0,1715.67118226601,1594.4786417861471,121.19254047986283,17243,MONTLIEU-LA-GARDE,17
21960.0,316.0,1579.8990748528176,1625.1002334165885,-45.20115856377083,17244,MONTPELLIER-DE-MEDILLAN,17
21240.0,548.0,1685.4710870023173,1622.7236490906494,62.74743791166793,17253,MURON,17
26200.0,2777.0,3465.909090909091,3400.8220300992857,65.08706080980528,17264,NIEUL-SUR-MER,17
24050.0,485.0,2545.4545454545455,2288.7242022621435,256.73034319240196,17267,NUAILLE-D AUNIS,17
26000.0,4139.0,3639.5348837209303,3538.3118411599535,101.22304256097686,17274,PERIGNY,17
20640.0,2064.0,1807.0966643975494,2119.3252674697706,-312.2286030722212,17283,PONS,17
21990.0,860.0,1637.8106755629692,1739.00252220383,-101.19184664086083,17284,PONT-L ABBE-D ARNOULT,17
21780.0,541.0,2175.925925925926,1843.4981423096822,332.4277836162439,17285,PORT-D ENVAUX,17
24990.0,2893.0,3100.0,2967.7133236291065,132.28667637089347,17291,PUILBOREAU,17
22260.0,475.0,1582.7338129496402,2006.704835577267,-423.9710226276268,17296,RETAUD,17
20380.0,12542.0,2533.3333333333335,2560.7266647174347,-27.393331384101202,17299,ROCHEFORT,17
22200.0,39442.0,4020.618556701031,2952.2896644261136,1068.3288922749175,17300,LA ROCHELLE,17
23280.0,12243.0,3553.987341772152,3393.6493524436046,160.33798932854734,17306,ROYAN,17
23590.0,1139.0,1806.9053708439897,1867.2867558930843,-60.38138504909466,17308,SAINT-AGNANT,17
19830.0,926.0,1374.141048824593,1437.435238625342,-63.29418980074888,17309,SAINT-AIGULIN,17
21550.0,519.0,1676.6467065868264,1623.499388262713,53.147318324113485,17310,SAINT-ANDRE-DE-LIDON,17
23850.0,666.0,2786.8852459016393,2468.5178689057143,318.36737699592504,17311,SAINT-AUGUSTIN,17
24200.0,774.0,4264.115646258503,3306.1527920830613,957.9628541754419,17323,SAINT-DENIS-D'OLERON,17
20000.0,141.0,1075.1413950983033,1348.1978378468152,-273.0564427485119,17327,ST FELIX,17
19930.0,464.0,1455.830830830831,1362.535610831363,93.29521999946792,17328,SAINT-FORT-SUR-GIRONDE,17
19860.0,546.0,886.1689106487147,1059.6152401709326,-173.44632952221787,17331,SAINT-GENIS-DE-SAINTONGE,17
24900.0,3238.0,3513.5135135135133,3217.423508988507,296.0900045250064,17333,SAINT-GEORGES-DE-DIDONNE,17
24590.0,1235.0,2768.1386861313867,2533.2338339915314,234.9048521398554,17336,SAINT-GEORGES-DES-COTEAUX,17
22090.0,2214.0,3350.0,2808.0053129970606,541.9946870029394,17337,SAINT-GEORGES-D OLERON,17
21800.0,820.0,1250.0,2060.133544648574,-810.1335446485741,17338,SAINT-GEORGES-DU-BOIS,17
22390.0,615.0,1817.1892497200447,1755.9963942796196,61.19285544042509,17346,SAINT-HIPPOLYTE,17
20240.0,3573.0,1452.7472527472528,1925.9306208730768,-473.183368125824,17347,ST JEAN D'ANGELY,17
23080.0,1215.0,2660.0329380764165,2442.284067328159,217.74887074825756,17349,SAINT-JEAN-DE-LIVERSAY,17
29460.0,1667.0,4633.333333333333,3462.4627122613056,1170.8706210720275,17360,SAINTE-MARIE-DE-RE,17
19810.0,193.0,1090.7563025210084,1343.0996229309512,-252.34332040994286,17366,SAINT-MARTIN-DE-COUX,17
26460.0,979.0,3723.0978260869565,3149.6502372666673,573.4475888202892,17391,SAINT-ROGATIEN,17
21470.0,765.0,1600.0,1719.396420570064,-119.39642057006404,17393,SAINT-ROMAIN-DE-BENET,17
23370.0,241.0,1392.7188552188552,1422.646514210225,-29.927658991369753,17395,SAINT-SAUVANT,17
22040.0,673.0,3520.0,2827.1410427896294,692.8589572103706,17411,SAINT-TROJAN-LES-BAINS,17
25370.0,2499.0,3434.908299866131,3266.0860004469537,168.8222994191774,17414,SAINT-XANDRE,17
21770.0,13325.0,2079.207920792079,3416.3623345858664,-1337.1544137937872,17415,SAINTES,17
21560.0,3224.0,1935.483870967742,1879.601931992327,55.88193897541487,17434,SURGERES,17
23880.0,421.0,1644.375,1761.1326354530697,-116.75763545306972,18005,ALLOUIS,18
20230.0,1033.0,1160.0,1217.420209067066,-57.420209067066025,18018,AVORD,18
22950.0,632.0,725.8064516129032,1296.4372215728774,-570.6307699599743,18032,BOULLERET,18
21730.0,31111.0,1709.7222222222222,2424.6137978540505,-714.8915756318283,18033,BOURGES,18
21550.0,946.0,1243.104699691526,1365.3582144193285,-122.25351472780244,18096,FOECY,18
24190.0,1139.0,1123.699421965318,1710.1771383619937,-586.4777163966758,18148,MEREAU,18
25210.0,290.0,1460.2708333333333,1610.887269315998,-150.61643598266483,18201,SAINT-CAPRAIS,18
21990.0,2284.0,1441.029900332226,1673.548262808726,-232.5183624765,18213,SAINT-GERMAIN-DU-PUY,18
21800.0,271.0,1542.6944226237235,1565.1649783899566,-22.47055576623302,18214,ST-HILAIRE-DE-COURT,18
21060.0,582.0,1666.6666666666665,1610.4277053644378,56.238961302228745,19037,CHAMBOULIVE,19
26170.0,1212.0,2289.2156862745096,2367.194180184003,-77.97849390949341,19063,COSNAC,19
23090.0,3941.0,1787.4661159158384,2070.945101901435,-283.47898598559664,19123,MALEMORT,19
24070.0,864.0,2497.4747474747473,2451.0596513700743,46.41509610467301,19202,SAINTE FEREOLE,19
21010.0,495.0,1098.6519607843138,1585.6799091095436,-487.0279483252298,19237,SAINT-PRIVAT,19
21840.0,53.0,1118.375,1407.1818020253295,-288.8068020253295,19245,SAINT-SYLVAIN,19
28240.0,1035.0,2184.401172529313,2630.0439285914827,-445.6427560621696,21021,ARC-SUR-TILLE,21
26450.0,340.0,2538.893437828986,2280.7320630671566,258.1613747618294,21191,CORCELLES-LES-CITEAUX,21
22480.0,2274.0,2170.1152435830277,2232.097377324999,-61.98213374197121,21292,GENLIS,21
23570.0,1402.0,2537.313432835821,2502.287582464389,35.02585037143217,21295,GEVREY CHAMBERTIN,21
21840.0,4021.0,2661.904761904762,2279.7876307280467,382.11713117671525,21355,LONGVIC,21
22040.0,2045.0,1696.078431372549,1998.3245394313094,-302.24610805876046,21603,SEMUR-EN-AUXOIS,21
24120.0,487.0,2116.521739130435,1925.8344411830199,190.68729794741512,22008,BOBITAL,22
21360.0,2838.0,1355.568181818182,1329.9605827068142,25.60759911136779,22046,LE MENE,22
22420.0,726.0,2440.2912621359224,2200.714053451032,239.57720868489014,22049,CREHEN,22
22170.0,1082.0,1421.0526315789473,1564.4719086626458,-143.4192770836985,22084,JUGON-LES-LACS,22
24170.0,3635.0,2083.4698111147504,2575.976843939294,-492.5070328245438,22106,LANGUEUX,22
21070.0,611.0,1314.426523297491,1517.4742665811812,-203.04774328369012,22107,BON REPOS SUR BLAVET,22
26670.0,1466.0,2375.8530942741468,2493.736582105799,-117.88348783165202,22134,LOUANNEC,22
23630.0,3909.0,3181.818181818182,2911.3767448045282,270.44143701365374,22162,PAIMPOL,22
21810.0,847.0,1403.8228449037274,1494.527646387163,-90.70480148343563,22164,PEDERNEC,22
24500.0,1395.0,2986.842105263158,2883.49647673425,103.34562852890804,22166,PENVENAN,22
22800.0,2970.0,2235.56338028169,2280.818911476323,-45.25553119463302,22176,PLEDRAN,22
19400.0,257.0,1092.6773455377574,1135.9535430241028,-43.27619748634538,22189,PLESIDY,22
23140.0,2489.0,2190.2255639097743,2454.135175046888,-263.90961113711364,22222,PLOUHA,22
22490.0,888.0,1627.3764705882354,1665.1193060733674,-37.74283548513199,22223,PLOUISY,22
22440.0,1141.0,2715.1898734177216,2552.598194017428,162.59167940029374,22226,PLOUMILLIAU,22
22460.0,548.0,1513.5135135135135,1509.1281169400886,4.385396573424941,22275,SAINT-BARNABE,22
26120.0,2103.0,2362.6373626373625,2527.036607042112,-164.39924440474942,22343,TREBEURDEN,22
20460.0,223.0,1488.4615384615386,1378.958748923759,109.50278953777956,22348,TREDIAS,22
22230.0,529.0,2355.555876241053,2088.5835251835497,266.97235105750315,22388,VILDE-GUINGALAN,22
19620.0,292.0,779.5698924731183,1026.0434608793291,-246.4735684062108,23087,FRESSELINES,23
21240.0,696.0,1149.4332298136646,1166.7833543757638,-17.350124562099154,23192,FURSAC,23
23300.0,1958.0,2496.255882352941,2029.4958272413014,466.76005511163976,24026,BASSILLAC ET AUBEROCHE,24
22730.0,667.0,2909.3761535622,2532.555998432466,376.8201551297343,24082,CARSAC-AILLAC,24
22390.0,661.0,2372.9032258064517,2187.570589998095,185.33263580835683,24140,COURS-DE-PILE,24
22150.0,272.0,2099.2640692640693,1939.7112978851596,159.5527713789097,24150,DAGLAN,24
21130.0,1238.0,1496.2121212121212,1566.683017245634,-70.47089603351264,24167,EYMET,24
22310.0,251.0,1071.4285714285713,1409.0337850758324,-337.60521364726105,24171,EYZERAC,24
20660.0,636.0,1694.915254237288,1559.2855696553227,135.62968458196542,24329,LE PIZOU,24
20490.0,1112.0,1028.03738317757,1351.5144782234606,-323.47709504589056,24335,PORT-SAINTE-FOY-ET-PONCHAPT,24
21000.0,662.0,2072.3684210526317,2160.159349239085,-87.79092818645313,24362,VAL DE LOUYRE ET CAUDEAU,24
22100.0,516.0,975.0,1262.9450879070178,-287.94508790701775,24543,SOURZAC,24
23230.0,3517.0,1993.8568376068376,2492.2131159614773,-498.3562783546397,24557,TRELISSAC,24
18210.0,6027.0,1607.3706591070163,1869.1624287237917,-261.79176961677535,25031,AUDINCOURT,25
24260.0,441.0,3000.0,2732.481187071417,267.518812928583,25078,BOUCLANS,25
24660.0,538.0,2862.8101736972703,2566.2184829022244,296.5916907950459,25112,CHALEZEULE,25
24560.0,556.0,1798.308717948718,1991.3754333693453,-193.06671542062736,25170,COURCELLES-LES-MONTBELIARD,25
22480.0,1408.0,1654.6546546546547,1882.2098640448687,-227.55520939021403,25230,EXINCOURT,25
25460.0,913.0,2084.9855803893297,2139.7476598773637,-54.76207948803403,25258,FRANOIS,25
24660.0,684.0,1858.3815028901734,1993.3825279137238,-135.00102502355048,25428,NOMMAY,25
22130.0,1969.0,1477.7319587628865,2055.898733993663,-578.1667752307765,25463,PONT-DE-ROIDE,25
23430.0,2105.0,1995.6140350877192,2273.9080350745485,-278.29399998682925,25527,SAINT VIT,25
23100.0,438.0,2730.769230769231,2436.423986401999,294.34524436723177,26023,BARBIERES,26
20500.0,4192.0,2865.417505030181,2438.227413162215,427.1900918679662,26108,CREST,26
21500.0,1654.0,2857.1428571428573,2500.294121671262,356.8487354715953,26114,DIEULEFIT,26
21930.0,2452.0,2490.607692307692,2328.300745996944,162.30694631074812,26116,DONZERE,26
24690.0,751.0,2407.715909090909,2125.5325142529023,282.18339483800673,26146,GRIGNAN,26
23360.0,807.0,1625.0,1800.5674683038073,-175.56746830380735,26148,HAUTERIVES,26
26000.0,566.0,2005.6634304207118,2088.594859669176,-82.93142924846416,26176,MARSANNE,26
26310.0,1253.0,2410.833333333333,2533.409758933209,-122.57642559987607,26206,MONTMEYRAN,26
23110.0,1460.0,2292.495,2331.6063160458816,-39.11131604588172,26250,PONT DE L ISERE,26
21510.0,647.0,2705.1627906976746,2036.072512708751,669.0902779889236,26289,SAILLANS,26
22830.0,795.0,2370.0,2271.7809499105297,98.21905008947033,26295,SAINT BARTHELEMY DE VALS,26
23080.0,1935.0,2346.6804201050263,2319.76754316578,26.912876939246416,26301,SAINT-DONAT-SUR-L HERBASSE,26
21920.0,874.0,1693.4190707913335,1783.3119061839025,-89.89283539256894,26332,SAINT UZE,26
21720.0,1986.0,1680.0,1848.6789100219041,-168.67891002190413,27049,MESNIL-EN-OUCHE,27
24490.0,598.0,2005.4444444444443,2245.88004787751,-240.4356034330658,27085,FLANCOURT-CRESCY-EN-ROUMOIS,27
25730.0,305.0,2036.6806722689075,2089.9439598216936,-53.263287552786096,27099,LE BOULAY MORIN,27
23110.0,140.0,1848.5436893203882,1878.9571638699933,-30.413474549605098,27109,BRAY,27
19880.0,2181.0,1750.0,1757.1590689634552,-7.159068963455184,27165,CONCHES EN OUCHE,27
18580.0,21373.0,2048.3193277310925,2155.397955027595,-107.07862729650242,27229,EVREUX,27
25460.0,294.0,2276.126126126126,2155.917299723275,120.20882640285117,27243,FIQUEFLEUR-EQUAINVILLE,27
19050.0,3108.0,2081.989247311828,1883.8880693551175,198.10117795671044,27275,GAILLON,27
24740.0,767.0,2171.4285714285716,2243.1542222899884,-71.72565086141685,27278,GARENNES-SUR-EURE,27
23000.0,231.0,1832.549019607843,1834.8040527669798,-2.255033159136701,27300,GROSLEY SUR RISLE,27
22560.0,339.0,1599.088013896931,1618.577092520799,-19.489078623867954,27311,HARCOURT,27
21380.0,673.0,1842.6626984126983,1740.024233369897,102.63846504280127,27367,LIEUREY,27
21200.0,509.0,1619.883437245866,1792.2588050237578,-172.37536777789182,27386,LE MANOIR SUR SEINE,27
22760.0,221.0,1938.8083735909822,1972.4838252304378,-33.67545163945556,27496,ROSAY SUR LIEURE,27
22210.0,205.0,2075.0,1370.243149122892,704.756850877108,27538,ST ETIENNE L ALLIER,27
21440.0,235.0,1576.6283524904215,1720.2011595403008,-143.5728070498792,27565,LE LESME,27
25220.0,1438.0,1738.883726770467,2189.7506089603576,-450.8668821898905,27638,LE THUIT DE L'OISON,27
22770.0,18467.0,2562.1147301895962,2942.841495785395,-380.72676559579895,28085,CHARTRES,28
26630.0,580.0,2269.53125,2318.7342766306956,-49.203026630695604,28113,COULOMBS,28
23190.0,982.0,1571.014492753623,1777.4372331958918,-206.42274044226883,28236,ARCISSES,28
25790.0,387.0,2086.904761904762,2219.7492735989326,-132.8445116941707,28239,MARVILLE MOUTIERS BRULE,28
22780.0,1766.0,2112.0689655172414,2202.310664459955,-90.24169894271381,28279,NOGENT-LE-ROI,28
24970.0,355.0,1435.9084139985107,1643.8605179888705,-207.95210399035977,28324,ST ARNOULT DES BOIS,28
23320.0,986.0,1449.2753623188405,2228.4492390994155,-779.173876780575,28334,ST DENIS-LANNERAY,28
21970.0,1691.0,1805.1283888888888,1945.5063104692276,-140.3779215803388,28422,LES VILLAGES VOVEENS,28
21310.0,439.0,2267.4504950495048,1969.064919608754,298.3855754407507,29001,ARGOL,29
22370.0,2001.0,2554.1666666666665,2450.4510772137087,103.71558945295783,29003,AUDIERNE,29
20530.0,475.0,1394.047619047619,1530.3346581525473,-136.28703910492823,29007,BERRIEN,29
24340.0,1350.0,2270.2702702702704,2594.3207220014974,-324.050451731227,29015,BOURG BLANC,29
21880.0,2321.0,1435.8455016486105,2105.9729721015387,-670.1274704529283,29026,CHATEAULIN,29
24450.0,1773.0,2666.6150990099013,2485.241928809303,181.37317020059845,29076,MILIZAC-GUIPRONVEL,29
25820.0,1024.0,2606.9262221423437,2268.994459287668,337.9317628546755,29080,L HOPITAL CAMFROUT,29
22300.0,1079.0,1954.6120455778623,1923.6057468476529,31.006298730209437,29091,KERLOUAN,29
22540.0,828.0,1960.7046070460706,1977.1853858866782,-16.480778840607627,29120,LANVEOC,29
21850.0,339.0,1554.9450549450548,1607.872143739329,-52.92708879427414,29123,LENNON,29
21890.0,1660.0,1420.4545454545455,1750.8503980302366,-330.39585257569115,29162,PLEYBEN,29
24020.0,1065.0,1746.987951807229,2032.6092206580631,-285.6212688508342,29172,PLOMODIERN,29
22570.0,552.0,2218.6129385964914,1902.9136838759173,315.6992547205741,29224,POULDERGAT,29
23040.0,560.0,979.7490786240786,1222.21504703157,-242.46596840749146,29276,SIBIRIL,29
24820.0,3453.0,2611.8519813519815,2654.56500123742,-42.71301988543837,29293,TREGUNC,29
20130.0,1255.0,3008.0971659919032,2393.608045027155,614.489120964748,2A272,SARTENE,2A
20530.0,16009.0,2359.75,2323.6109414353054,36.13905856469455,2B033,BASTIA,2B
23730.0,2763.0,3416.6666666666665,3287.3196836255975,129.34698304106905,2B037,BIGUGLIA,2B
23840.0,2134.0,4111.981258366801,2929.1426080870633,1182.8386502797375,2B120,FURIANI,2B
23200.0,1387.0,2284.6506300114547,2107.4998333638105,177.15079664764426,30036,BERNIS,30
21160.0,1118.0,2505.4945054945056,2221.009597112097,284.4849083824088,30042,BOISSET-ET-GAUJAC,30
21460.0,1483.0,2759.8039215686276,2250.5750684340283,509.2288531345994,30135,JONQUIERES-ET-SAINT-VINCENT,30
22930.0,241.0,3475.173237753883,1756.327763747285,1718.845474006598,30151,LUSSAN,30
22520.0,2940.0,2686.5671641791046,2434.8800030958837,251.68716108322087,30155,MANDUEL,30
16500.0,550.0,3016.968325791855,2485.1131137013554,531.8552120904997,30171,MOLIERES-SUR-CEZE,30
27660.0,874.0,3224.325337331334,2998.830951364686,225.49438596664822,30186,NAGES-ET-SOLORGUES,30
24670.0,713.0,2238.4986168741357,2264.793608476718,-26.294991602582286,30225,SABRAN,30
25880.0,514.0,2729.885057471264,2527.3895530231966,202.49550444806755,30226,SAINT-ALEXANDRE,30
18280.0,188.0,1608.3333333333333,1557.2825337896588,51.05079954367443,30231,SAINT ANDRE DE VALBORGNE,30
21770.0,829.0,1794.3186090225563,1796.1705317630745,-1.8519227405181482,30241,SAINT-CHAPTES,30
19220.0,1993.0,2331.2814288191435,2112.8518386403416,218.42959017880185,30284,SAINT-MARTIN-DE-VALGALGUES,30
19990.0,5043.0,2376.23326286117,2189.8447764659722,186.38848639519756,30341,VAUVERT,30
22080.0,4472.0,2244.1176470588234,2185.443648709051,58.67399834977232,31033,AUTERIVE,31
25350.0,11874.0,3290.991379310345,3459.115944918559,-168.12456560821374,31069,BLAGNAC,31
30000.0,1068.0,3380.0,3344.691303018634,35.30869698136621,31163,DREMIL LAFAGE,31
24230.0,2673.0,2581.5359477124184,2523.2394888024587,58.29645890995971,31165,EAUNES,31
24080.0,934.0,1897.6240379329302,2345.5831816633595,-447.95914373042933,31181,LE FAUGA,31
25080.0,4159.0,2631.5789473684213,2726.4902082808335,-94.91126091241222,31203,FROUZINS,31
27610.0,607.0,2881.526648599819,2878.4419235809487,3.0847250188703583,31277,LASSERRE-PRADERE,31
23810.0,1299.0,2572.9166666666665,2925.995579620945,-353.0789129542786,31303,LONGAGES,31
18150.0,1391.0,1194.8260073260074,1203.4119946740755,-8.585987348068102,31390,MONTREJEAU,31
24750.0,311.0,2565.1785714285716,2353.6226325633365,211.55593886523502,31403,ONDES,31
22690.0,1552.0,1875.0,2454.0454775701933,-579.0454775701933,31454,RIEUMES,31
32540.0,989.0,3635.548672566372,3581.324590445459,54.22408212091295,31462,ROUFFIAC TOLOSAN,31
20110.0,920.0,1348.6666666666667,1617.2848978305037,-268.618231163837,31523,SALIES-DU-SALAT,31
29020.0,12863.0,3348.211009174312,3545.7911187171126,-197.58010954280053,31557,TOURNEFEUILLE,31
24590.0,465.0,1650.4639858594785,1723.8062637225078,-73.34227786302927,31583,VILLEMATIER,31
22260.0,512.0,1543.2888168238994,1741.6753519822762,-198.38653515837677,32012,AUBIET,32
21950.0,658.0,1526.876605545221,1525.744974445745,1.1316310994761807,32027,BARCELONNE-DU-GERS,32
24810.0,4132.0,2592.5925925925926,2690.226964932417,-97.6343723398245,32160,L ISLE JOURDAIN,32
21410.0,1073.0,1538.4615384615386,1632.1503703958851,-93.68883193434658,32249,MAUVEZIN,32
20620.0,1654.0,1502.0199063231848,1546.4303196524297,-44.410413329244875,32462,VIC-FEZENSAC,32
25530.0,3492.0,3774.1935483870966,3631.5324121237254,142.6611362633712,33011,ARES,33
24500.0,859.0,2843.3333333333335,2721.448141679166,121.88519165416756,33015,ARVEYRES,33
21110.0,2346.0,1838.7096774193549,1909.5826926155057,-70.87301519615085,33036,BAZAS,33
25550.0,9590.0,4255.140186915888,4061.4700096168085,193.67017729907957,33075,BRUGES,33
21380.0,643.0,1381.3188488660187,1434.5425774071418,-53.22372854112314,33106,CASTETS ET CASTILLON,33
22510.0,996.0,2352.9411764705883,2325.811030614623,27.13014585596511,33123,CEZAC,33
25760.0,5336.0,3766.2337662337663,3980.548169406424,-214.31440317265788,33200,LE HAILLAN,33
24460.0,2457.0,2599.910524719442,2554.408636975484,45.50188774395792,33207,IZON,33
21230.0,673.0,1943.75,1252.3885542323585,691.3614457676415,33218,LAGORCE,33
20050.0,224.0,1939.9221221221221,1790.048073412597,149.87404870952514,33239,LERM-ET-MUSSET,33
23550.0,1109.0,2644.0366972477063,2455.905442744412,188.13125450329426,33248,LISTRAC MEDOC,33
21020.0,496.0,1272.7142857142858,1467.3322615556183,-194.6179758413325,33336,PRECHAC,33
22300.0,698.0,1582.089552238806,1764.1354187889842,-182.0458665501783,33355,RIONS,33
31090.0,3019.0,3381.3431766055046,3370.7737511654454,10.569425440059149,33376,SAINT AUBIN DE MEDOC,33
25300.0,1427.0,2864.89898989899,2522.73181820008,342.1671716989099,33381,ST CAPRAIS DE BORDEAUX,33
20880.0,805.0,1513.888888888889,1507.698758362105,6.1901305267838325,33382,SAINT-CHRISTOLY-DE-BLAYE,33
21660.0,541.0,2112.3595505617977,1507.9368864660998,604.4226640956979,33387,ST CIERS D ABZAC,33
20420.0,1373.0,1103.448275862069,1235.7546661603299,-132.3063902982608,33389,SAINT-CIERS-SUR-GIRONDE,33
22210.0,1138.0,2895.0263157894738,2542.975381848956,352.05093394051755,33466,SAINT-QUENTIN-DE-BARON,33
21110.0,138.0,1631.6579144786197,1568.6036922603657,63.054222218253926,33486,SAINT-TROJAN,33
19900.0,165.0,1413.7931034482758,1500.5684088950684,-86.77530544679257,33493,SAINT-YZANS-DE-MEDOC,33
19140.0,906.0,1418.3333333333335,1619.7048957082925,-201.371562374959,33506,SAUVETERRE-DE-GUYENNE,33
22700.0,1586.0,3769.791666666667,3358.946901825127,410.8447648415399,33514,SOULAC-SUR-MER,33
25550.0,464.0,2427.689655172414,2522.020522409503,-94.33086723708902,33518,TABANAC,33
21480.0,862.0,1630.4347826086957,1824.9051074447395,-194.4703248360438,33544,LE VERDON SUR MER,33
23780.0,18733.0,3463.2195448460507,3617.6107471491796,-154.39120230312892,33550,VILLENAVE D ORNON,33
31670.0,615.0,3322.6954022988502,3227.2665563192195,95.42884597963075,34014,ASSAS,34
20840.0,364.0,2794.772838299951,2271.8390636834356,522.9337746165156,34041,BRIGNAC,34
20850.0,1491.0,1836.8055555555557,1600.4746652017338,236.33089035382181,34052,CAPESTANG,34
21920.0,560.0,2336.17963314358,2234.4850072875083,101.69462585607153,34056,CASTELNAU-DE-GUERS,34
22930.0,576.0,1874.2424242424245,1825.141935054923,49.10048918750158,34076,CEYRAS,34
28000.0,2378.0,4829.545454545455,4175.818596020651,653.7268585248039,34077,CLAPIERS,34
24160.0,1299.0,2933.333333333333,2942.2894029477347,-8.956069614401713,34087,COURNONSEC,34
22850.0,2759.0,3356.5155677655675,3130.549413373405,225.96615439216248,34088,COURNONTERRAL,34
21110.0,1067.0,1998.798076923077,1893.0307435445998,105.76733337847713,34126,LAMALOU-LES-BAINS,34
26460.0,8095.0,4267.479674796748,3939.244146676603,328.2355281201453,34129,LATTES,34
21000.0,765.0,2000.0,1828.7940733861894,171.20592661381056,34130,LAURENS,34
20790.0,665.0,1321.9133426406063,1413.2212019142025,-91.30785927359625,34136,LEZIGNAN-LA-CEBE,34
19600.0,11238.0,2998.0,2129.760398002599,868.2396019974012,34145,LUNEL,34
21650.0,1422.0,2096.551724137931,1808.7484270066154,287.80329713131573,34147,MAGALAS,34
21220.0,1824.0,1664.6464646464647,1631.8759611252472,32.770503521217506,34183,NISSAN-LEZ-ENSERUNE,34
22190.0,4240.0,4166.244939271255,3268.689901682075,897.5550375891803,34192,PALAVAS-LES-FLOTS,34
24090.0,3408.0,3355.769230769231,2991.4833124859847,364.28591828324625,34202,PIGNAN,34
22350.0,1687.0,3006.0344827586205,2631.2679191190964,374.76656363952407,34209,PORTIRAGNES,34
25740.0,851.0,3094.5570054945056,2852.6508632436353,241.9061422508703,34246,ENTRE-VIGNES,34
21080.0,289.0,3137.137137137137,1471.6889571885754,1665.4481799485616,34285,SAINT-PONS-DE-MAUCHIENS,34
26260.0,718.0,2618.635531135531,2468.9768899910837,149.6586411444473,34295,SAUSSAN,34
21670.0,2284.0,2634.327731092437,2653.099304300695,-18.77157320825836,34300,SERVIAN,34
21290.0,417.0,2821.6494845360826,2464.0167209467836,357.632763589299,34304,SOUBES,34
27230.0,1009.0,3487.6764950166116,3329.614725279872,158.06176973673973,34320,VAILHAUQUES,34
25340.0,2966.0,3965.3891138101662,3754.2988504584932,211.090263351673,34327,VENDARGUES,34
22380.0,729.0,2252.5415444770283,2229.8033739351804,22.73817054184792,35009,BAGUER-MORVAN,35
22800.0,1579.0,2020.1192250372578,2021.9053008124993,-1.786075775241443,35013,BAINS-SUR-OUST,35
26890.0,5468.0,3375.02485583615,3563.929224121522,-188.90436828537213,35024,BETTON,35
25380.0,2854.0,3387.0967741935483,3357.226699267654,29.870074925894187,35049,CANCALE,35
25490.0,1888.0,3166.164285714286,2869.8788830743224,296.28540263996365,35059,LA CHAPELLE DES FOUGERETZ,35
26900.0,4211.0,2726.32625994695,2987.3776964749845,-261.0514365280346,35069,CHATEAUGIRON,35
24600.0,938.0,2586.333549643089,2646.78734102255,-60.45379137946111,35080,CINTRE,35
24190.0,1055.0,2426.1363636363635,2301.954714006317,124.18164963004665,35090,CREVIN,35
23760.0,1007.0,2377.0491803278687,2310.075777511525,66.97340281634388,35096,DOMAGNE,35
23770.0,410.0,2000.0,1954.0777957958926,45.9222042041074,35108,ESSE,35
20620.0,10249.0,2042.1052631578948,2155.1918561369266,-113.08659297903182,35115,FOUGERES,35
21050.0,1903.0,1445.9518072289156,1460.8762789711016,-14.924471742185915,35125,LA GUERCHE-DE-BRETAGNE,35
22390.0,628.0,2484.567901234568,1920.4619988314807,564.1059024030874,35132,HIREL,35
26600.0,2982.0,3091.8367346938776,3015.5659489997224,76.27078569415517,35173,MELESSE,35
25860.0,1646.0,2764.29219600726,2511.1092859770365,253.1829100302234,35189,MONTGERMONT,35
21520.0,959.0,1725.735294117647,1617.2123163906224,108.52297772702468,35191,LES PORTES DU COGLAIS,35
25970.0,596.0,2783.4291187739464,2265.3679789983157,518.0611397756306,35197,MOUAZE,35
26740.0,1338.0,2816.106596887481,2300.4191182676977,515.6874786197832,35263,SAINT-COULOMB,35
23700.0,1048.0,2004.8076923076924,2114.976706693775,-110.16901438608284,35265,SAINT-DOMINEUC,35
24840.0,1309.0,3187.837837837838,3171.7569777081317,16.080860129706252,35284,SAINT-JOUAN-DES-GUERETS,35
22370.0,1863.0,2647.5,2520.832540387305,126.66745961269498,35308,MESNIL ROC'H,35
21890.0,413.0,1710.5263157894738,1652.6488269822103,57.87748880726349,35330,TAILLIS,35
23640.0,1563.0,2284.162986752308,2280.578450922768,3.584535829540073,35337,TINTENIAC,35
26480.0,3505.0,3058.252427184466,2887.4616236427037,170.79080354176222,35352,VERN-SUR-SEICHE,35
24440.0,1314.0,1875.0,2085.7440272763038,-210.74402727630377,36202,SAINT-MAUR,36
21550.0,895.0,1001.2112403100775,1982.588274020599,-981.3770337105216,36230,VATAN,36
23730.0,1514.0,2126.865671641791,2132.909704839809,-6.044033198018042,37014,AZAY LE RIDEAU,37
21700.0,621.0,1642.857142857143,1911.459256226123,-268.6021133689801,37058,LA CHAPELLE SUR LOIRE,37
25470.0,549.0,1751.0461934653147,2007.722760399527,-256.67656693421236,37060,CHARGE,37
28030.0,4385.0,2971.014492753623,3235.534419243887,-264.51992649026397,37109,FONDETTES,37
26490.0,1071.0,2380.9523809523807,2411.38050232014,-30.428121367759104,37124,LARCAY,37
22360.0,608.0,1188.118811881188,1442.49859179756,-254.37977991637194,37143,MANTHELAN,37
20340.0,170.0,1831.3942307692307,1909.3304217312987,-77.93619096206794,37157,MONTRESOR,37
21670.0,4647.0,2817.762630312751,2621.0847726508237,196.6778576619272,37195,LA RICHE,37
25490.0,411.0,1586.2068965517242,1751.04592467103,-164.8390281193058,37219,SAINT GENOUPH,37
21760.0,1865.0,1543.878656554713,2366.1906003863064,-822.3119438315935,37226,SAINTE MAURE DE TOURAINE,37
22480.0,735.0,873.75,1360.2618355041152,-486.5118355041152,37231,SAINT PATERNE RACAN,37
23950.0,689.0,2200.0,1984.3377058142607,215.66229418573926,37257,THILOUZE,37
26100.0,1435.0,3013.131313131313,3110.078357881385,-96.94704475007165,38013,APPRIEU,38
38860.0,984.0,3974.5200000000004,3959.2990903172754,15.22090968272505,38045,BIVIERS,38
23620.0,3525.0,3306.930693069307,3092.6962899823516,214.23440308695535,38085,CHARVIEU-CHAVAGNEUX,38
26090.0,1074.0,2879.8346920289855,2787.6523092314665,92.18238279751904,38144,DIEMOZ,38
24200.0,3008.0,3120.3703703703704,3204.383895977563,-84.0135256071926,38150,DOMENE,38
22670.0,221.0,2826.358024691358,2421.2967907114253,405.0612339799327,38163,LE HAUT-BREDA,38
26690.0,742.0,2452.830188679245,2488.2311431614594,-35.400954482214274,38238,MOIDIEU-DETOURBE,38
18930.0,2707.0,1909.090909090909,1759.7935419940338,149.29736709687518,38298,LE PEAGE-DE-ROUSSILLON,38
25650.0,409.0,2494.0159574468084,2297.5856786628256,196.43027878398289,38351,SAINT-AGNIN-SUR-BION,38
23850.0,865.0,2662.198306280875,2245.404949212936,416.7933570679388,38386,SAINT-GEOIRE-EN-VALDAINE,38
32610.0,2385.0,4166.666666666667,3903.45896439473,263.2077022719368,38422,SAINT-MARTIN-D'URIAGE,38
22550.0,453.0,2516.4835164835163,2108.8934311926305,407.5900852908858,38473,SARDIEU,38
24440.0,749.0,2773.7794612794614,2709.718495974773,64.06096530468858,38490,SILLANS,38
28580.0,1005.0,3823.529411764706,3629.7554960916004,193.77391567310542,38503,LA TERRASSE,38
24600.0,3148.0,3394.3977591036414,3488.6492711099854,-94.251512006344,38547,VILLARD-BONNOT,38
24730.0,2248.0,4462.146697388633,4044.085671498297,418.0610258903357,38548,VILLARD-DE-LANS,38
22530.0,3281.0,2473.3333333333335,2114.8764409477494,358.45689238558407,38562,VIZILLE,38
23110.0,10745.0,3252.4324324324325,3039.110060092709,213.32237233972364,38563,VOIRON,38
26480.0,4131.0,3403.5087719298244,3280.676655853115,122.83211607670955,38565,VOREPPE,38
22560.0,644.0,987.3417721518987,1222.6813068751699,-235.33953472327119,39043,BEAUFORT-ORBAGNA,39
23670.0,490.0,1624.375,1733.8393514529057,-109.4643514529057,39150,CHOISEY,39
21070.0,11654.0,1923.076923076923,2188.07552820468,-264.9986051277567,39198,DOLE,39
23510.0,2131.0,2100.0,2287.15724640393,-187.15724640393,39368,HAUTS DE BIENNE,39
20860.0,483.0,1815.2173913043478,1616.0031251939793,199.2142661103685,39415,PETIT NOIR,39
21450.0,2162.0,1665.9112903225807,1943.4656897160116,-277.5543993934309,40197,MORCENX-LA-NOUVELLE,40
21800.0,155.0,1404.4871794871797,1594.239411249362,-189.75223176218242,40208,ONARD,40
22950.0,460.0,2275.7307786784577,2102.5732348612755,173.15754381718216,40271,STE-MARIE-DE-GOSSE,40
23940.0,1410.0,2696.420776953296,2602.6912263168074,93.72955063648851,40283,ST-VINCENT-DE-PAUL,40
22280.0,266.0,2457.6271186440677,2045.4869315868275,412.14018705724015,40285,SAINT-YAGUEN,40
25320.0,2464.0,4329.62962962963,2806.6024677474074,1523.0271618822221,40296,SEIGNOSSE,40
23700.0,4286.0,3956.315789473684,3212.021203278749,744.2945861949352,40310,SOUSTONS,40
21030.0,1508.0,1574.0740740740741,1540.5710665824156,33.503007491658536,40313,TARTAS,40
24080.0,732.0,3880.4267161410016,2943.1466981516273,937.2800179893743,40326,VIELLE-ST-GIRONS,40
21030.0,1236.0,1304.2440318302388,1857.7196078626869,-553.4755760324481,41164,NOYERS SUR CHER,41
21600.0,378.0,1084.037410676755,1233.3223692987876,-149.28495862203272,41176,PIERREFITTE SUR SAULDRE,41
23030.0,503.0,1543.6241610738255,1631.6144100182887,-87.99024894446325,41199,SAINT AMAND LONGPRE,41
25540.0,1472.0,1652.1739130434783,2117.4970919634147,-465.3231789199365,41212,SAINT GERVAIS LA FORET,41
24010.0,1805.0,1919.3790584415585,2004.3136955122723,-84.93463707071373,41220,SAINT LAURENT NOUAN,41
27460.0,1298.0,1723.076923076923,2217.348846269118,-494.2719231921949,42092,L ETRAT,42
26800.0,2019.0,2742.690058479532,2785.284867118541,-42.59480863900899,42097,LA FOUILLOUSE,42
26250.0,683.0,2000.0,2073.537685481095,-73.5376854810952,42122,LEZIGNEUX,42
19320.0,6143.0,2572.8155339805826,2205.564040805937,367.2514931746455,42186,RIVE-DE-GIER,42
18930.0,18518.0,1888.612493090105,2501.689437650483,-613.0769445603778,42187,ROANNE,42
26680.0,2493.0,2920.2097505668935,3175.6186762571833,-255.40892569028983,42222,SAINT-GALMIER,42
21240.0,156.0,1904.2553191489362,1966.8909392143762,-62.63562006543998,42241,SAINT-JODARD,42
24910.0,3921.0,2523.0434782608695,2695.9892653078896,-172.94578704702008,42323,VEAUCHE,42
24670.0,402.0,2450.3311258278145,2257.7056102330766,192.62551559473786,42326,VERANNE,42
23200.0,2533.0,1888.888888888889,2064.3584906559045,-175.46960176701555,43012,AUREC-SUR-LOIRE,43
22380.0,466.0,1626.6666666666665,1702.7701277972876,-76.1034611306211,43021,BEAULIEU,43
23110.0,1311.0,1447.7360759493672,1740.2173867819927,-292.48131083262547,43025,BEAUZAC,43
19960.0,274.0,1091.6666666666665,1136.0245050139245,-44.35783834725794,43039,LE BRIGNON,43
24440.0,1381.0,2200.657894736842,2401.3580980419765,-200.70020330513444,43078,COUBON,43
21430.0,571.0,1646.6165413533834,1855.5370670908178,-208.92052573743445,43141,MONTFAUCON-EN-VELAY,43
20480.0,9402.0,2142.857142857143,2142.6808744203863,0.17626843675679993,43157,LE PUY EN VELAY,43
22030.0,473.0,1591.6666666666667,1763.6344727606643,-171.96780609399752,43212,SAINT PAL DE CHALENCON,43
19920.0,138.0,1569.5950328977851,1513.622633011467,55.972399886318044,43264,VILLENEUVE-D ALLIER,43
23020.0,3456.0,1753.0864197530864,2714.0469350149483,-960.9605152618619,43268,YSSINGEAUX,43
28210.0,8340.0,3327.777777777778,3447.16294557934,-119.38516780156215,44035,CHAPELLE-SUR-ERDRE (LA),44
23940.0,1513.0,2257.1428571428573,2531.5295242333273,-274.3866670904699,44063,GETIGNE,44
22980.0,3037.0,2762.7118644067796,2686.999583289645,75.71228111713435,44072,HERBIGNAC,44
23300.0,1245.0,2425.2991452991455,2323.9628191584648,101.33632614068074,44079,LANDREAU (LE),44
21560.0,1936.0,1708.3333333333333,1823.541429864287,-115.20809653095375,44081,LEGE,44
22730.0,646.0,1875.4684418145957,1944.393025064319,-68.92458324972336,44090,MARNE (LA),44
19630.0,327.0,1496.983039791259,1546.802470608324,-49.81943081706504,44092,MASSERAC,44
23920.0,1290.0,2614.583333333333,2687.620737776606,-73.03740444327286,44102,MONTBERT,44
21890.0,1767.0,1760.1214574898786,1772.7755993771839,-12.654141887305286,44113,NOZAY,44
25460.0,1534.0,2392.4137931034484,2384.5262608624644,7.887532240984001,44115,OUDON,44
26240.0,2744.0,3116.419290354823,3174.5678523694264,-58.14856201460361,44151,SAINT-ANDRE-DES-EAUX,44
25290.0,7018.0,3641.9753086419755,3528.204673558422,113.77063508355332,44154,SAINT BREVIN LES PINS,44
25940.0,6472.0,3429.1499330655956,3193.6031624661746,235.54677059942105,44172,SAINTE-LUCE-SUR-LOIRE,44
23370.0,1186.0,3277.7777777777774,2588.8319686888003,688.9458090889771,44183,SAINT MOLF,44
22050.0,986.0,2296.7032967032965,1547.6870564844946,749.0162402188018,44189,SAINTE-REINE-DE-BRETAGNE,44
24840.0,3565.0,2862.4728326491186,2767.2108246312114,95.26200801790719,44195,SAVENAY,44
21530.0,823.0,1568.607723577236,1627.1004026066155,-58.49267902937959,44199,SOUDAN,44
24190.0,3872.0,2457.199414465367,2558.837112082214,-101.63769761684671,44212,VALLET,44
21590.0,3057.0,2090.909090909091,2089.8731089980884,1.0359819110026365,44213,LOIREAUXENCE,44
20920.0,514.0,1935.483870967742,1833.8096326294421,101.6742383382998,45035,BOISCOMMUN,45
24660.0,731.0,1854.848484848485,1914.0036363119548,-59.15515146346979,45051,BRAY-SAINT AIGNAN,45
24730.0,527.0,2131.2046650547572,2188.69478330059,-57.490118245832946,45062,CERCOTTES,45
17200.0,5334.0,1469.1358024691358,1470.0543617970334,-0.918559327897583,45068,CHALETTE-SUR-LOING,45
20300.0,681.0,1153.0614241001565,1296.1479994879214,-143.08657538776492,45103,CORBEILLES,45
23930.0,355.0,1296.340811965812,1465.4967638365392,-169.15595187072722,45161,GRISELLES,45
24210.0,581.0,1594.2028985507247,1899.041700998178,-304.8388024474532,45212,MONTCRESSON,45
18500.0,3863.0,1947.3684210526317,1478.5419401333554,468.82648091927626,45252,PITHIVIERS,45
21670.0,279.0,1818.3783783783783,1817.4756592544707,0.9027191239076728,45268,SAINT-AIGNAN-LE-JAILLARD,45
20010.0,6919.0,1940.7894736842106,1958.9771750652053,-18.187701380994667,45285,ST JEAN DE LA RUELLE,45
22590.0,6672.0,2104.5078791010073,2384.7700075219545,-280.2621284209472,45302,SARAN,45
24420.0,319.0,2112.6794631710363,2031.587519289536,81.09194388150036,46080,CRAYSSAC,46
22350.0,717.0,1482.3529411764705,1785.9093243926761,-303.55638321620563,46182,LUZECH,46
20160.0,755.0,1971.590909090909,1791.437984868988,180.152924221921,46201,MONTCUQ-EN-QUERCY-BLANC,46
21970.0,1178.0,1604.7652236652239,1782.598095383738,-177.83287171851407,46225,PRAYSSAC,46
20850.0,1804.0,1567.716535433071,1510.7896402956003,56.92689513747064,46251,SAINT-CERE,46
25000.0,429.0,1562.5,1773.3158392853993,-210.8158392853993,46273,SAINT-LAURENT-LES-TOURS,46
18170.0,1761.0,1666.6666666666667,1396.2024976248993,270.4641690417675,47004,AIGUILLON,47
21080.0,668.0,1436.5384615384614,1560.1245990637128,-123.58613752525139,47021,BARBASTE,47
23380.0,732.0,2152.777777777778,2045.3230420827217,107.45473569505612,47024,BEAUPUY,47
19460.0,1014.0,1032.8947368421052,1132.085059013457,-99.19032217135191,47049,CASSENEUIL,47
19800.0,684.0,1076.923076923077,1072.6804035529055,4.24267337017136,47054,CASTELMORON SUR LOT,47
23300.0,969.0,2407.865168539326,2192.888126314046,214.97704222528,47091,ESTILLAC,47
23090.0,397.0,1668.6046511627906,1990.1786255923826,-321.573974429592,47117,HAUTEFAGE LA TOUR,47
24010.0,742.0,2328.125,2172.7575091975114,155.36749080248865,47138,LAROQUE-TIMBAUT,47
22610.0,295.0,1480.0,1639.4424488827178,-159.44244888271783,47186,MONTESQUIEU,47
18720.0,4126.0,1062.5,1334.1192917169942,-271.6192917169942,47310,TONNEINS,47
21730.0,2189.0,1754.9793028975942,1869.488925871936,-114.50962297434194,48092,MARVEJOLS,48
22980.0,5479.0,1858.4798234552331,2313.9097502474847,-455.42992679225154,48095,MENDE,48
21190.0,1227.0,1560.0,2002.026769260645,-442.0267692606451,49002,ALLONNES,49
21990.0,9657.0,2023.3985423858842,2462.7085209992133,-439.3099786133291,49023,BEAUPREAU-EN-MAUGES,49
23340.0,2943.0,2174.43635929858,2264.348104280261,-89.91174498168084,49063,CHALONNES-SUR-LOIRE,49
22060.0,8612.0,1631.9444444444443,1967.2311379159116,-335.2866934714673,49092,CHEMILLE-EN-ANJOU,49
21960.0,24545.0,2095.5020080321283,2735.523228689388,-640.0212206572596,49099,CHOLET,49
22660.0,2136.0,2211.5384615384614,2098.9798530765606,112.5586084619008,49176,LE LION D'ANGERS,49
20610.0,2675.0,1694.0298507462687,1893.1820168439835,-199.15216609771483,49180,LONGUE-JUMELLES,49
23560.0,2156.0,1979.2491683827025,2184.06132331692,-204.8121549342177,49194,MAZE-MILON,49
20620.0,1756.0,1339.614481409002,1812.338477669672,-472.72399626067,49215,MONTREUIL-BELLAY,49
19490.0,2412.0,1105.2631578947369,1293.5021134792185,-188.23895558448157,49228,NOYANT-VILLAGES,49
21690.0,473.0,1804.0816326530612,2414.405017345264,-610.3233846922026,49272,SAINT-CLEMENT-DES-LEVEES,49
23390.0,1307.0,1418.3168316831684,1638.0312105330713,-219.71437884990291,49292,VAL-DU-LAYON,49
27640.0,889.0,2735.042735042735,2729.9395037250665,5.10323131766836,49308,SAINT-MELAINE-SUR-AUBANCE,49
23980.0,3322.0,2333.3333333333335,2378.13237133166,-44.79903799832664,49323,VERRIERES-EN-ANJOU,49
21150.0,6752.0,2458.3333333333335,1978.1627968444043,480.1705364889292,49353,TRELAZE,49
23770.0,615.0,1450.0,1702.545761545336,-252.54576154533606,50085,BRICQUEVILLE-SUR-MER,50
25020.0,902.0,2295.7277385403686,2301.249713406063,-5.521974865694574,50087,BRIX,50
21200.0,4665.0,1762.7529885193514,1766.0208239633994,-3.2678354440479325,50099,CARENTAN LES MARAIS,50
21960.0,413.0,1463.328280111497,1550.5331262194095,-87.20484610791254,50164,DOMJEAN,50
21580.0,865.0,2389.166072701354,2162.65132483527,226.51474786608424,50417,QUETTEHOU,50
20900.0,1467.0,1250.0,1372.4233969591407,-122.42339695914075,50550,SAINT-SAUVEUR-VILLAGES,50
22180.0,1235.0,1750.0,1905.6031907957183,-155.60319079571832,50565,SARTILLY-BAIE-BOCAGE,50
20110.0,1476.0,1219.0934065934066,1241.1528055259932,-22.059398932586646,50582,SOURDEVAL,50
23050.0,546.0,2710.843373493976,2315.289347689436,395.55402580453983,50585,SURTAINVILLE,50
21170.0,1063.0,1623.1716417910447,1701.7315179152831,-78.55987612423837,50592,TESSY BOCAGE,50
21670.0,260.0,2168.2703065562764,2005.6507206278088,162.6195859284676,50593,TEURTHEVILLE-BOCAGE,50
27070.0,588.0,2216.750406383922,2271.811370793126,-55.06096440920419,51075,BOURGOGNE-FRESNE,51
31910.0,603.0,2734.223300970874,2735.5374096509263,-1.3141086800524135,51105,CERNAY-LES-REIMS,51
26900.0,337.0,1744.517543859649,2178.329344879459,-433.81180101980976,51202,CUMIERES,51
20690.0,2434.0,1764.7058823529412,1883.0257005135013,-118.31981816056009,51250,FISMES,51
20590.0,1607.0,1401.219512195122,1440.9599692845254,-39.740457089403435,51380,MONTMIRAIL,51
18720.0,760.0,1087.4384236453202,1138.345822139783,-50.90739849446277,51423,PARGNY-SUR-SAULX,51
21250.0,247.0,897.6793248945148,1753.1443059562205,-855.4649810617057,51544,SOMMEPY-TAHURE,51
25390.0,1402.0,1191.7899249732047,1714.1433079628114,-522.3533829896066,51612,BLANCS-COTEAUX,51
31870.0,341.0,2512.6585887384176,2875.671706498046,-363.0131177596286,51629,VILLERS-ALLERAND,51
25160.0,464.0,1005.1570897064903,1447.1576141902478,-442.00052448375754,52104,CHANCENAY,52
21490.0,10463.0,1475.3963864306784,2007.5828911455371,-532.1865047148588,52121,CHAUMONT,52
22380.0,302.0,1572.8947368421054,1558.101238744726,14.79349809737937,52244,HUMBECOURT,52
20040.0,1193.0,1304.8922539312755,1325.9348951078919,-21.04264117661637,52550,WASSY,52
23230.0,275.0,1376.388888888889,1589.3690753043377,-212.98018641544877,53045,LA BRULATTE,53
20450.0,572.0,1289.1566265060242,1305.8350726100687,-16.678446104044497,53100,FOUGEROLLES DU PLESSIS,53
21680.0,626.0,1178.370646766169,1514.0975670738706,-335.72692030770145,53121,JAVRON-LES-CHAPELLES,53
25210.0,991.0,2366.6666666666665,2284.8456071295095,81.821059537157,17353,SAINT-LAURENT-DE-LA-PREE,17
20950.0,1217.0,1941.25,1842.9374124596698,98.31258754033024,17397,ST SAVINIEN,17
21620.0,496.0,1145.7047175305765,1731.3872705660544,-585.6825530354779,17457,LA DEVISE,17
22270.0,261.0,1765.396449704142,1779.3612849749275,-13.964835270785443,17482,VOUHE,17
21620.0,937.0,1216.969696969697,1468.0917683538062,-251.12207138410918,18003,LES AIX D ANGILLON,18
21730.0,2611.0,1129.5973451327434,1366.3910115648227,-236.79366643207936,18015,AUBIGNY-SUR-NERE,18
22220.0,711.0,1415.172619047619,1679.5455152396887,-264.3728961920697,18023,BAUGY,18
20240.0,839.0,977.7777777777778,1146.7393662387635,-168.9615884609857,18057,CHATEAUMEILLANT,18
21540.0,650.0,1492.5373134328358,1600.714332922919,-108.17701949008324,18118,JOUET-SUR-L AUBOIS,18
20480.0,4816.0,1128.3783783783783,1452.3277122897891,-323.9493339114108,18197,SAINT-AMAND-MONTROND,18
25210.0,4312.0,1698.1770833333335,2171.1913674937614,-473.0142841604279,18205,SAINT DOULCHARD,18
21260.0,3078.0,1304.3478260869565,2609.4591796848654,-1305.1113535979089,18207,SAINT-FLORENT-SUR-CHER,18
20670.0,238.0,1361.2962962962963,1328.905843579331,32.39045271696523,18216,SAINT-HILAIRE-EN-LIGNIERES,18
23350.0,1110.0,1875.0,2013.7464000809287,-138.74640008092865,18223,SAINT-MARTIN D AUXIGNY,18
22610.0,178.0,1204.8192771084337,1588.8525948199988,-384.03331771156513,18268,UZAY-LE-VENON,18
25570.0,657.0,1555.3553981436248,2386.668674161099,-831.313276017474,18271,VASSELAY,18
23730.0,931.0,1298.7012987012988,2242.32097187169,-943.619673170391,18281,VIGNOUX-SUR-BARANGEON,18
21120.0,633.0,2187.9183908045975,2034.7433913559514,153.17499944864608,19019,BEAULIEU-SUR-DORDOGNE,19
19690.0,606.0,855.072463768116,1010.485267224642,-155.41280345652604,19036,CHAMBERET,19
20110.0,1589.0,1048.3870967741937,1229.548315579327,-181.16121880513333,19073,EGLETONS,19
24080.0,485.0,1410.2564102564102,1731.1864015990948,-320.9299913426846,19082,FAVARS,19
23190.0,524.0,1226.8518518518517,1598.303201929191,-371.45135007733916,19100,LAGRAULIERE,19
22060.0,396.0,1294.1176470588234,1400.713717825664,-106.59607076684051,19118,LE LONZAC,19
21120.0,347.0,1732.4074074074074,1370.9230586714104,361.48434873599695,19129,MASSERET,19
21780.0,205.0,1756.9444444444443,1611.7848934483575,145.15955099608686,19161,PERPEZAC-LE-BLANC,19
25480.0,564.0,1988.927738927739,2046.529639152359,-57.60190022462007,19227,SAINT MEXANT,19
22650.0,2234.0,1765.1011768082662,2333.6835969993217,-568.5824201910555,19229,SAINT-PANTALEON-DE-LARCHE,19
24210.0,838.0,1468.75,2100.6749601504407,-631.9249601504407,19255,SEILHAC,19
21820.0,651.0,1179.7752808988764,1403.8231347535732,-224.04785385469677,19269,TREIGNAC,19
26670.0,1828.0,2221.311111111111,2544.987193940413,-323.6760828293018,19274,USSAC,19
20960.0,3153.0,1619.1176470588234,1657.9380016648045,-38.82035460598104,21038,AUXONNE,21
26390.0,609.0,2343.257956448911,2176.9600380586166,166.2979183902944,21060,BELLENEUVE,21
19810.0,2456.0,1052.6315789473683,2114.616410698084,-1061.9848317507158,21154,CHATILLON SUR SEINE,21
18650.0,5848.0,2500.0,2289.189092046299,210.8109079537012,21166,CHENOVE,21
29080.0,740.0,2745.2830188679245,2926.4915469971415,-181.20852812921703,21209,COUTERNON,21
22720.0,70051.0,3161.3338797814204,2998.810827821707,162.52305195971348,21231,DIJON,21
28030.0,589.0,2875.5244755244757,2868.9048782337504,6.6195972907253235,21273,FLEUREY-SUR-OUCHE,21
22160.0,686.0,977.7777777777778,1360.9560543300668,-383.17827655228893,21356,LOSNE,21
23850.0,675.0,2121.8359631821168,2115.694498938828,6.141464243288738,21383,MARCILLY-SUR-TILLE,21
23140.0,2404.0,2588.6243386243386,2544.8738132533076,43.75052537103102,21464,NUITS-SAINT-GEORGES,21
23810.0,1024.0,1502.7137042062416,1711.413166948795,-208.69946274255335,21599,SELONGEY,21
22200.0,2188.0,1714.0379278445885,1860.7960975511462,-146.75816970655774,22004,BEGARD,22
22210.0,1131.0,1816.9934640522877,2006.302094613969,-189.3086305616814,22032,CAULNES,22
22720.0,657.0,2177.5599128540307,2078.7019357845697,98.85797706946096,22034,CAVAN,22
18110.0,168.0,1049.2592592592594,1137.333371689256,-88.0741124299966,22037,LA CHAPELLE NEUVE,22
22910.0,1004.0,2474.8322696776304,2342.887382319865,131.9448873577653,22048,CORSEUL,22
25380.0,2230.0,2948.064516129032,3046.8649013411627,-98.80038521213055,22054,ERQUY,22
20520.0,699.0,1376.8115942028985,1309.6132705103419,67.19832369255664,22061,GLOMEL,22
23070.0,1155.0,2031.25,2128.826583930926,-97.57658393092606,22067,GRACES,22
22810.0,641.0,1687.5,1757.175290067174,-69.67529006717405,22076,HENANBIHEN,22
24030.0,393.0,2259.433962264151,2031.171152851885,228.26280941226605,22082,LE HINGLE,22
20160.0,276.0,1454.5454545454545,1358.1310812120032,96.4143733334513,22087,KERGRIST-MOELOU,22
22870.0,289.0,2172.294372294372,1608.1612753168656,564.1330969775063,22097,LA LANDEC,22
23220.0,9467.0,2172.1311475409834,2621.8734181072587,-449.74227056627524,22113,LANNION,22
22920.0,928.0,2820.7547169811323,2355.534108160649,465.22060882048345,22143,MATIGNON,22
20710.0,212.0,1644.1367521367522,1664.0741680048855,-19.937415868133257,22149,MERLEAC,22
21550.0,1172.0,1048.9452867501648,1237.0238439621796,-188.07855721201486,22158,GUERLEDAN,22
25970.0,4177.0,3297.872340425532,3352.4585908962263,-54.58625047069427,22168,PERROS-GUIREC,22
21380.0,1484.0,1515.3846153846155,1622.7720061334119,-107.3873907487964,22172,PLANCOET,22
26000.0,2512.0,3252.032520325203,3118.8153885821453,133.21713174305796,22186,PLENEUF-VAL-ANDRE,22
23130.0,1319.0,2500.0,2188.80395975044,311.19604024956016,22197,PLEUDIHEN-SUR-RANCE,22
21280.0,527.0,2283.9506172839506,1979.147541099589,304.80307618436154,22199,PLEUMEUR-GAUTIER,22
22240.0,1717.0,2103.149606299213,2124.046438696505,-20.8968323972922,22206,CHATELAUDREN-PLOUAGAT,22
24970.0,1597.0,2647.0588235294117,2446.414901604384,200.64392192502783,22210,PLOUBAZLANEC,22
25740.0,1484.0,2463.7037037037035,2579.993526786158,-116.2898230824544,22213,PLOUER-SUR-RANCE,22
23140.0,1709.0,3125.0,1973.3738168461684,1151.6261831538316,22214,PLOUEZEC,22
22320.0,763.0,1211.9175627240143,1626.8231437879645,-414.9055810639502,22220,PLOUGUERNEVEL,22
22190.0,1034.0,2017.4238782051284,2114.0767269650614,-96.65284875993302,22233,PLOURIVO,22
19440.0,512.0,1975.3636117502683,1800.358740355389,175.00487139487927,22250,PONTRIEUX,22
25870.0,3313.0,2555.06993006993,2916.3138919975263,-361.2439619275965,22251,PORDIC,22
23130.0,1651.0,2181.818181818182,2059.930376321903,121.88780549627882,22258,QUESSOY,22
22240.0,1273.0,2112.2093023255816,2137.1877848535373,-24.978482527955748,22262,QUINTIN,22
22940.0,771.0,1567.0792079207922,1863.9626117335183,-296.8834038127261,22265,ROSPEZ,22
23330.0,1035.0,2841.2676470588235,2514.181862221716,327.08578483710744,22273,SAINT-ALBAN,22
26170.0,493.0,3602.1634615384614,2278.8952866272857,1323.2681749111757,22302,SAINT-JACUT-DE-LA-MER,22
23420.0,392.0,2129.7075531243427,2206.465719390156,-76.75816626581354,22311,SAINT-LORMEL,22
19190.0,217.0,952.3809523809524,1185.1622046602524,-232.78125227930002,22316,SAINT-MAYEUX,22
23670.0,1185.0,2378.3333333333335,2270.0778061390597,108.25552719427378,22339,TADEN,22
23270.0,295.0,1771.671400674596,1833.9533540691273,-62.28195339453123,22341,TRAMAIN,22
21930.0,293.0,1767.274844720497,1661.2381187298463,106.03672599065067,22386,LE VIEUX BOURG,22
21280.0,597.0,1530.6122448979593,1620.2543642191333,-89.64211932117405,22387,LE VIEUX MARCHE,22
20730.0,630.0,984.5965103598692,1274.16423505101,-289.56772469114094,23025,BONNAT,23
18460.0,175.0,728.8135593220339,962.036669112874,-233.2231097908401,23056,CHATELUS-LE-MARCHEIX,23
19930.0,369.0,1041.6666666666667,1166.1334094597148,-124.46674279304807,23061,CHENERAILLES,23
21540.0,545.0,944.4520547945206,1159.7673031197698,-215.31524832524929,23075,DUN-LE-PALESTEL,23
19690.0,707.0,846.1538461538462,995.3037659672851,-149.14991981343894,23079,FELLETIN,23
22100.0,755.0,739.1304347826087,1147.9979869353904,-408.8675521527816,23093,GOUZON,23
20830.0,6541.0,1302.8455284552847,1602.4323903933575,-299.58686193807284,23096,GUERET,23
20090.0,409.0,831.7434715821812,1084.2107257095927,-252.46725412741148,23112,LOURDOUEIX-SAINT-PIERRE,23
20630.0,185.0,1068.421052631579,1653.3941984750522,-584.9731458434733,23162,ROCHES,23
20300.0,2495.0,1218.75,1297.454209898551,-78.70420989855097,23176,LA SOUTERRAINE,23
24550.0,1131.0,1123.1796116504854,2743.4346886908106,-1620.2550770403252,23193,SAINTE-FEYRE,23
20850.0,164.0,1758.1799591002045,1690.2234676333492,67.95649146685537,24005,ALLES-SUR-DORDOGNE,24
21560.0,390.0,1675.202922077922,1541.9595256385799,133.24339643934218,24020,LA BACHELLERIE,24
23310.0,4665.0,1925.6827731092437,2149.697185142195,-224.0144120329512,24053,BOULAZAC ISLE MANOIRE,24
21790.0,532.0,1837.6068376068376,1721.8606357664955,115.74620184034211,24091,CENAC ET SAINT JULIEN,24
19490.0,623.0,1288.659793814433,1342.8783062997045,-54.2185124852715,24133,LA COQUILLE,24
19320.0,1446.0,1175.0,1364.0977961311903,-189.0977961311903,24299,MUSSIDAN,24
20720.0,1533.0,1401.5873015873017,1384.7103405729981,16.87696101430356,24311,NONTRON,24
20740.0,15413.0,1882.75,2244.5738451541533,-361.82384515415333,24322,PERIGUEUX,24
20170.0,637.0,1500.506329113924,1209.1974940343646,291.30883507955946,24328,PIEGUT-PLUVIERS,24
22360.0,1847.0,2174.0600766703174,2307.047314183876,-132.98723751355874,24340,PRIGONRIEUX,24
19500.0,728.0,1039.4782608695652,1197.5122766058373,-158.03401573627207,24396,SAINT-CYPRIEN,24
21910.0,278.0,1639.6680351237314,1730.2056300186568,-90.5375948949254,24450,SAINT-MARTIAL-DE-NABIRAT,24
19790.0,331.0,1907.7530760626398,1815.3172685107434,92.43580755189646,24526,SAVIGNAC-LEDRIER,24
21440.0,809.0,1207.920792079208,1338.6571705370707,-130.73637845786266,24553,TOCANE-SAINT-APRE,24
20110.0,785.0,1154.1666666666667,1459.6375480869704,-305.4708814203036,24571,VERGT,24
17310.0,1975.0,1489.4047353138262,1307.099590191548,182.3051451222782,25057,BETHONCOURT,25
28300.0,800.0,1942.1004842615012,2286.964578531525,-344.864094270024,25193,DAMPRICHARD,25
25540.0,528.0,2343.5367372353676,2401.266910278914,-57.73017304354653,25195,DANNEMARIE SUR CRETE,25
26340.0,586.0,2562.5,2409.7875897953445,152.7124102046555,25200,DEVECEY,25
28060.0,830.0,2384.7148495984757,2499.8978325437633,-115.18298294528768,25259,FRASNE,25
24880.0,902.0,1514.2857142857142,1803.550429278681,-289.2647149929667,25370,MATHAY,25
25080.0,8829.0,3661.764705882353,4053.0463388185217,-391.28163293616853,25462,PONTARLIER,25
23690.0,2713.0,2090.909090909091,2642.412099788986,-551.5030088798949,25539,SELONCOURT,25
23700.0,2233.0,3008.7719298245615,2920.459428635469,88.31250118909247,25578,VALDAHON,25
23340.0,786.0,1779.1666666666667,1872.9415945014146,-93.77492783474781,26002,ALBON,26
25650.0,1761.0,2537.3888888888887,2518.190150658688,19.198738230200888,26037,BEAUMONT LES VALENCE,26
25380.0,522.0,2243.5897435897436,2325.05651515908,-81.46677156933629,26049,BESAYES,26
23020.0,559.0,1484.8484848484848,1502.7052767309112,-17.856791882426478,26054,BOUCHET,26
21500.0,1098.0,2719.4244604316546,2291.794875423409,427.6295850082456,26063,BUIS-LES-BARONNIES,26
23250.0,484.0,2339.3073593073595,2205.8540127644987,133.4533465428608,26072,CHANTEMERLE LES BLES,26
22520.0,379.0,2914.356725146199,2121.235485373898,793.1212397723011,26074,CHAPELLE-EN-VERCORS (LA),26
24650.0,1747.0,2417.5824175824177,2451.8481153889848,-34.265697806567005,26084,CHATEAUNEUF-SUR-ISERE,26
24450.0,411.0,1977.6190476190477,2000.4325104356506,-22.81346281660285,26129,EYMEUX,26
26150.0,510.0,2194.244604316547,2237.980303015566,-43.73569869901894,26138,LA GARDE ADHEMAR,26
19400.0,250.0,1355.1401869158879,1426.0524881492288,-70.91230123334094,26168,LUS-LA-CROIX-HAUTE,26
25230.0,881.0,2822.9591836734694,2297.2513421583762,525.7078415150932,26169,MALATAVERNE,26
21840.0,523.0,3000.0,1249.9939373005866,1750.0060626994134,26188,MOLLANS-SUR-OUVEZE,26
27140.0,1722.0,2826.086956521739,3048.527159964561,-222.44020344282217,26197,MONTELIER,26
24710.0,582.0,2843.25,2771.582600299861,71.66739970013896,26211,MONTSEGUR-SUR-LAUZON,26
24660.0,1129.0,2783.0188679245284,2842.842783707535,-59.82391578300667,26231,PEYRINS,26
20230.0,5850.0,2214.865653913478,2105.7476647633794,109.11798915009877,26235,PIERRELATTE,26
24130.0,2384.0,2312.5,2411.5347902132967,-99.03479021329667,26313,SAINT-MARCEL-LES-VALENCE,26
23450.0,785.0,2323.663475699558,2056.524568263281,267.13890743627735,26323,SAINT-PAUL-LES-ROMANS,26
28290.0,602.0,2826.2389380530976,2795.940461945184,30.298476107913757,26326,SAINT-RESTITUT,26
25600.0,667.0,2132.716049382716,2228.2658959387363,-95.54984655602038,26339,SAVASSE,26
20610.0,30013.0,2443.8356164383563,2663.863571484086,-220.02795504572987,26362,VALENCE,26
23190.0,520.0,2459.387755102041,2174.2880747304603,285.0996803715807,26377,VINSOBRES,26
22900.0,632.0,2453.51676978183,2135.3599099547987,318.15685982703144,27008,ALIZAY,27
22740.0,228.0,1878.8743567601637,1877.1412156547221,1.7331411054415184,27034,BACQUEVILLE,27
22450.0,182.0,1516.4844649021866,1513.9637130323315,2.5207518698550757,27040,BARQUET,27
21330.0,285.0,1372.093023255814,1440.0967860979854,-68.00376284217145,27043,LES BAUX DE BRETEUIL,27
20490.0,4826.0,1795.4545454545455,1746.8502159544885,48.60432950005702,27056,BERNAY,27
21780.0,947.0,1946.4646464646464,1905.7616743502938,40.70297211435263,27082,LA BONNEVILLE SUR ITON,27
25320.0,1569.0,2095.890410958904,2207.574844337227,-111.68443337832332,27090,BOSROUMOIS,27
25240.0,424.0,1637.9310344827586,1753.893770689748,-115.96273620698935,27102,BOUQUETOT,27
23810.0,1723.0,2456.521739130435,2484.6253003850143,-28.10356125457929,27103,BOURG-ACHARD,27
24150.0,1739.0,2059.322033898305,2149.7073493605944,-90.38531546228933,27105,GRAND BOURGTHEROULDE,27
20670.0,1883.0,1575.2321981424147,1588.4523653432284,-13.220167200813648,27112,BRETEUIL,27
25320.0,512.0,2484.4202898550725,2433.9142410182485,50.50604883682399,27114,BREUILPONT,27
22400.0,499.0,1728.095238095238,1653.295647323207,74.79959077203102,27157,MARBOIS,27
23330.0,373.0,2208.3333333333335,2196.7623089546832,11.571024378650236,27169,CONTEVILLE,27
23590.0,552.0,1487.6923076923076,1629.7938787618411,-142.10157106953352,27193,CROTH,27
22690.0,608.0,2253.3333333333335,2134.3337309010185,118.99960243231499,27218,EPAIGNES,27
21550.0,246.0,1434.9120082815734,1517.7283624432905,-82.81635416171707,27227,ETREVILLE,27
24940.0,119.0,1835.8050847457625,1835.2936481475795,0.5114365981830815,27271,FRESNEY,27
23060.0,1334.0,2171.4285714285716,2280.351771703991,-108.92320027541928,27279,GASNY,27
20550.0,5330.0,2089.0850722311397,2043.00375238046,46.08131985067985,27284,GISORS,27
21540.0,1896.0,2008.7719298245615,2030.2997287226358,-21.527798898074252,27299,GRAVIGNY,27
26330.0,447.0,2137.640343173681,1965.532133242601,172.10820993107973,27335,HEUDREVILLE SUR EURE,27
26210.0,329.0,2231.3377679231335,2326.2170313279416,-94.87926340480817,27339,HONDOUVILLE,27
24850.0,667.0,2041.946992864424,2342.1798743914405,-300.2328815270166,27348,IGOVILLE,27
24120.0,638.0,2376.9329896907216,2308.9173473926667,68.0156422980549,27385,MANNEVILLE-SUR-RISLE,27
25340.0,618.0,1466.6666666666667,1718.2190476401627,-251.55238097349593,27391,MARCILLY SUR EURE,27
23580.0,672.0,1843.75,1946.8285776987668,-103.07857769876682,27398,MENNEVAL,27
23280.0,991.0,1414.19801980198,1639.301887811626,-225.10386800964602,27425,NASSANDRES SUR RISLE,27
22840.0,189.0,1575.9109806798729,1920.2691487701723,-344.3581680902994,27427,NEAUFLES-AUVERGNY,27
18760.0,245.0,1326.2626262626263,1290.375530494758,35.88709576786823,27431,LA NEUVE LYRE,27
22380.0,1023.0,2305.395299145299,2407.422059510156,-102.02676036485718,27458,PITRES,27
23330.0,283.0,2012.1951219512196,1838.5258421088056,173.66927984241397,27463,PLASNES,27
19920.0,1035.0,1476.1904761904761,1450.3812650032332,25.80921118724291,27502,RUGLES,27
25050.0,791.0,2076.923076923077,2365.613621847663,-288.690544924586,27517,ST-AUBIN-SUR-GAILLON,27
20600.0,347.0,2093.457943925234,1854.5885447988705,238.8693991263633,27547,ST GERMAIN LA CAMPAGNE,27
24410.0,1966.0,2624.396551724138,2597.7895862770188,26.606965447119364,27562,ST MARCEL,27
24610.0,355.0,2000.0,1761.538260560383,238.46173943961708,27563,ST-MARDS-DE-BLACARVILLE,27
23440.0,524.0,2236.2962031682173,2262.4533762283118,-26.157173060094465,27656,TOUTAINVILLE,27
17140.0,4361.0,1933.0554502968298,1544.913650853393,388.14179944343687,27701,VAL DE REUIL,27
24220.0,1246.0,2336.065573770492,2357.9142559898937,-21.84868221940178,28007,ANET,28
25610.0,592.0,2085.9848484848485,2165.470357860953,-79.48550937610435,28013,AUNAY SOUS AUNEAU,28
23530.0,2565.0,2230.769230769231,2179.1809231365232,51.58830763270771,28015,AUNEAU-BLEURY-SAINT-SYMPHORIEN,28
21800.0,679.0,1363.6363636363637,1540.4885568978812,-176.8521932615174,28018,AUTHON DU PERCHE,28
24120.0,677.0,2051.8244315177153,2010.4957715050496,41.32866001266575,28021,BAILLEAU LE PIN,28
22400.0,2129.0,1766.8118466898954,2111.623489894785,-344.8116432048896,28051,BONNEVAL,28
26850.0,342.0,3333.3333333333335,2946.657947775461,386.6753855578727,28062,BROUE,28
26790.0,1421.0,2293.1111111111113,3300.249772575293,-1007.1386614641815,28070,CHAMPHOL,28
26390.0,1817.0,2757.978723404255,2538.220717056942,219.7580063473133,28110,LE COUDRAY,28
18250.0,11549.0,2017.857142857143,2701.4659942631283,-683.6088514059854,28134,DREUX,28
23440.0,2598.0,1838.541191497126,2289.1815578641977,-450.6403663670717,28140,EPERNON,28
22040.0,208.0,1495.7983193277312,1725.2398744815919,-229.4415551538607,28161,FRAZE,28
25250.0,3017.0,2464.788732394366,2619.0170756262205,-154.22834323185452,28220,LUISANT,28
24930.0,2025.0,2297.872340425532,2462.575652078775,-164.70331165324296,28227,MAINTENON,28
21140.0,4669.0,1442.4772936685533,1513.0883914180802,-70.61109774952683,28280,NOGENT LE ROTROU,28
27850.0,303.0,2108.2371794871797,2209.7671079233332,-101.52992843615357,28292,OUERRE,28
26290.0,1227.0,2625.098039215686,2380.708579752755,244.38945946293097,28298,PIERRES,28
25110.0,167.0,1411.611650485437,1937.7781279795888,-526.1664774941519,28319,ROUVRAY ST DENIS,28
21300.0,1653.0,1448.4299516908213,1694.9450131145702,-246.51506142374888,28348,ST LUBIN DES JONCHERETS,28
21610.0,1494.0,1666.6666666666667,1878.8146116382768,-212.14794497161006,28359,ST REMY SUR AVRE,28
25830.0,166.0,2412.955243527863,2479.304037617519,-66.34879408965617,28397,UMPEAU,28
23420.0,519.0,1730.7692307692307,2010.2383628660596,-279.46913209682884,28398,UNVERRE,28
23910.0,518.0,1132.142857142857,1602.9436564410894,-470.8007992982323,28406,EOLE-EN-BEAUCE,28
21420.0,63988.0,2279.4117647058824,3039.1352734992224,-759.72350879334,29019,BREST,29
23120.0,1069.0,2127.659574468085,2041.8728159540412,85.78675851404364,29021,PLOUNEOUR-BRIGNOGAN-PLAGES,29
21180.0,3666.0,1262.295081967213,2161.47423901636,-899.1791570491471,29024,CARHAIX-PLOUGUER,29
20890.0,1699.0,736.3095238095239,1049.2976752009279,-312.988151391404,29027,CHATEAUNEUF-DU-FAOU,29
26210.0,2044.0,2455.7058700865396,2695.8369188056677,-240.1310487191281,29037,COMBRIT,29
23590.0,10628.0,2800.0,3322.2049356656826,-522.2049356656826,29039,CONCARNEAU,29
22000.0,7584.0,2200.0,2350.8168200780997,-150.81682007809968,29046,DOUARNENEZ,29
25550.0,1210.0,2735.8490566037735,2607.057742425871,128.79131417790268,29060,GOUESNACH,29
24130.0,874.0,2285.3378244501682,2212.7640098621036,72.57381458806458,29078,HANVEC,29
23990.0,572.0,1957.5595238095239,2038.0594664989644,-80.49994268944056,29086,IRVILLAC,29
24270.0,1082.0,2672.969675845242,2343.9841636973647,328.9855121478772,29098,LAMPAUL-PLOUARZEL,29
21030.0,510.0,2458.829365079365,1548.6861290490838,910.1432360302811,29111,LANHOUARNEAU,29
27390.0,2071.0,2483.3333333333335,2661.722772868843,-178.3894395355096,29130,LOCMARIA-PLOUZANE,29
25730.0,759.0,2502.4470588235295,2444.9992452951305,57.44781352839891,29133,LOCQUIREC,29
24460.0,3524.0,2516.7269159264615,2419.9344049069678,96.79251101949376,29150,MOELAN SUR MER,29
24230.0,3484.0,2425.531914893617,2500.6530363323322,-75.12112143871536,29160,PLABENNEC,29
22200.0,1401.0,1758.9285714285713,1841.8071301134617,-82.87855868489032,29163,PLEYBER-CHRIST,29
22980.0,2747.0,2615.125,2576.788961810416,38.33603818958409,29174,PLONEOUR LANVERN,29
20440.0,1024.0,1217.6071055381399,1230.1468843469065,-12.539778808766641,29175,PLONEVEZ DU FAOU,29
25070.0,1658.0,2378.718921196797,2313.2505146982226,65.4684064985745,29177,PLOUARZEL,29
23710.0,1522.0,1651.5151515151515,2010.061459532998,-358.5463080178465,29179,PLOUDANIEL,29
24370.0,1671.0,2763.392857142857,2592.039819203072,171.35303793978483,29188,PLOUGASNOU,29
27290.0,2043.0,2395.6043956043954,2586.945575108954,-191.34117950455857,29190,PLOUGONVELIN,29
23070.0,777.0,1451.6129032258063,1557.0304823658405,-105.41757914003415,29192,PLOUGOULM,29
22680.0,519.0,1738.75,1704.1846833320067,34.56531666799333,29193,PLOUGOURVEST,29
23330.0,2199.0,1722.2222222222222,2031.0407259329447,-308.81850371072255,29199,PLOUIGNEAU,29
23140.0,860.0,1666.6666666666665,1789.9933526015996,-123.32668593493304,29204,PLOUNEVENTER,29
22340.0,1436.0,2083.2298136645963,2100.100707655422,-16.870893990825607,29215,PLOZEVET,29
22690.0,1513.0,2360.224184782609,2380.91849311188,-20.694308329270825,29217,PONT-AVEN,29
24380.0,1164.0,1486.3272041489863,1943.3519073853477,-457.02470323636135,29234,REDENE,29
23840.0,2134.0,2095.6638708656433,2929.1426080870633,-833.47873722142,29236,RIEC SUR BELON,29
24680.0,1784.0,2409.5776924631236,2450.6265381009184,-41.048845637794784,29239,ROSCOFF,29
23890.0,434.0,1775.0744786494538,1894.9588315563242,-119.88435290687039,29240,ROSNOEN,29
20370.0,376.0,1348.314606741573,1252.4147863895325,95.89982035204048,29249,SAINT GOAZEC,29
25040.0,420.0,2104.575163398693,2028.8090990655194,75.76606433317352,29265,SAINTE-SEVE,29
23430.0,1307.0,1781.154421812976,1860.3085113294624,-79.15408951648647,29272,SAINT YVI,29
24840.0,1163.0,2650.602409638554,2579.9559984599096,70.64641117864448,29273,SANTEC,29
21360.0,2473.0,1449.7273284313724,1633.4222259997894,-183.694897568417,29274,SCAER,29
21890.0,967.0,1662.0879120879122,1830.6692820702344,-168.58136998232226,29277,SIZUN,29
20600.0,905.0,1600.0,1390.7079602209124,209.29203977908765,29278,SPEZET,29
24150.0,1164.0,2617.882117882118,1904.2522323730313,713.6298855090868,29284,TREFFIAGAT,29
21410.0,1696.0,1782.6764705882354,1720.2233063138526,62.45316427438274,29302,PONT-DE-BUIS-LES-QUIMERC'H,29
22550.0,1279.0,4521.1116941529235,1925.0311538163455,2596.080540336578,2A362,ZONZA,2A
21060.0,1151.0,4176.923076923077,3388.768409899174,788.1546670239031,2B049,CALENZANA,2B
24240.0,599.0,3734.723220704529,3210.05792390479,524.6652967997388,2B150,LUMIO,2B
20060.0,585.0,3074.799286351472,2532.9404541617646,541.8588321897073,2B307,SANTA LUCIA DI MORIANI,2B
22540.0,2311.0,2880.989837398374,2288.5429323884555,592.4469050099187,30006,AIMARGUES,30
19240.0,1628.0,2668.4188034188037,2359.9006258709546,308.51817754784906,30010,ANDUZE,30
26550.0,1196.0,2709.867307692308,2672.675400190756,37.19190750155167,30019,AUBAIS,30
22150.0,3042.0,2500.0,2388.956565790571,111.04343420942905,30034,BELLEGARDE,30
16700.0,1395.0,1887.6253362680363,1625.0207587514708,262.60457751656554,30037,BESSEGES,30
20090.0,333.0,2353.3492063492067,2038.4789839210093,314.8702224281974,30053,BRIGNON,30
23320.0,1100.0,3802.4248120300754,3209.1955639391394,593.2292480909359,30059,LE CAILAR,30
20890.0,398.0,1823.4530797101447,1685.2124145912976,138.24066511884712,30068,CARDET,30
19800.0,351.0,1666.6666666666667,1575.6913160696574,90.97535059700931,30080,CHAMBORIGAUD,30
23890.0,1578.0,3091.4178389398576,2715.646260849046,375.77157809081154,30123,GALLARGUES-LE-MONTUEUX,30
15050.0,2030.0,1237.2950819672133,1224.1608491908944,13.134232776318868,30132,LA GRAND COMBE,30
23260.0,550.0,3384.83312983313,2981.1836247125384,403.6495051205916,30136,JUNAS,30
20570.0,666.0,1641.3333333333333,1689.751089561969,-48.41775622863565,30146,LEDIGNAN,30
20950.0,2606.0,2456.050825471698,1789.155948328472,666.8948771432258,30169,MILHAUD,30
21460.0,1347.0,1692.1717171717173,1649.780740323388,42.390976848329274,30179,MONTFRIN,30
23170.0,516.0,2196.969696969697,2076.6803840622088,120.28931290748824,30182,MONTPEZAT,30
21510.0,616.0,3460.3174603174602,2855.4158752584085,604.9015850590517,30184,MOUSSAC,30
24470.0,497.0,1679.839633447881,2248.907064523878,-569.0674310759971,30191,ORSAN,30
27310.0,1772.0,2668.9655172413795,2786.2892675652315,-117.32375032385198,30209,PUJAUT,30
20870.0,2312.0,2623.3077094474156,2318.0723757491196,305.235333698296,30221,ROQUEMAURE,30
18480.0,314.0,2078.356164383562,1762.5198623137833,315.83630206977864,30237,SAINT-BRES,30
20610.0,3272.0,2242.6470588235297,2142.3032086887406,100.34385013478914,30243,SAINT-CHRISTOL-LES-ALES,30
20870.0,1256.0,2360.0,2148.278337542383,211.72166245761719,30255,SAINT-GENIES-DE-MALGOIRES,30
21910.0,769.0,2114.0,2146.875046232978,-32.87504623297809,30257,SAINT-GERVASY,30
24980.0,426.0,1952.5942028985507,1863.7851091178354,88.80909378071533,30260,SAINT-HILAIRE-D OZILHAN,30
23200.0,598.0,2500.0,2442.4164639943847,57.583536005615315,30273,SAINT-JULIEN-DE-PEYROLAS,30
25430.0,1153.0,2951.449275362319,2939.88738552263,11.561889839688774,30278,SAINT-LAURENT-DES-ARBRES,30
20860.0,348.0,2166.6666666666665,1528.1389633089118,638.5277033577547,30303,SAINT-VICTOR-DE-MALCAP,30
20190.0,2218.0,2812.5,2422.9810166534908,389.51898334650923,30321,SOMMIERES,30
24350.0,776.0,1963.6363636363637,2283.8879873803735,-320.25162374400975,30331,TRESQUES,30
23420.0,261.0,3301.5866666666666,2782.824934579328,518.7617320873387,30340,VALLIGUIERES,30
23130.0,800.0,3461.5384615384614,2830.582368243712,630.9560932947493,30346,VERS PONT DU GARD,30
25330.0,837.0,3045.977722772277,2813.594892337827,232.38283043445017,30352,VILLEVIEILLE,30
23980.0,394.0,2492.1875,2319.8838243178366,172.30367568216343,30355,SAINT-PAUL-LES-FONTS,30
22050.0,294.0,1409.0425531914893,1626.7234774990793,-217.68092430758998,31031,AUSSON,31
20320.0,1373.0,2059.775280898876,1851.5495429729376,208.22573792593857,31042,BAGNERES-DE-LUCHON,31
28580.0,7587.0,3833.4287503684054,3858.320127774359,-24.89137740595379,31044,BALMA,31
23880.0,1140.0,2065.5737704918033,2119.461063916193,-53.887293424389554,31065,BERAT,31
23110.0,1782.0,2356.6666666666665,2218.033281615458,138.63338505120873,31066,BESSIERES,31
25540.0,2576.0,3186.813186813187,2934.5964105398534,252.21677627333338,31091,BRUGUIERES,31
25560.0,1190.0,2421.0526315789475,2473.4627482314427,-52.41011665249516,31094,BUZET-SUR-TARN,31
25080.0,7193.0,3251.8518518518517,3407.332736163939,-155.48088431208726,31113,CASTANET TOLOSAN,31
23690.0,16944.0,3060.227272727273,3810.343361599518,-750.1160888722452,31149,COLOMIERS,31
27000.0,1061.0,2712.777777777778,2706.3832025012325,6.394575276545311,31160,DAUX,31
25650.0,5257.0,2840.1041666666665,3092.2326204584306,-252.12845379176406,31187,FONSORBES,31
19930.0,812.0,1533.8577291381669,1600.5259446866871,-66.66821554852027,31239,L ISLE-EN-DODON,31
24260.0,2530.0,2412.3711340206187,2444.292362399133,-31.921228378514115,31248,LABARTHE SUR LEZE,31
27650.0,916.0,3334.2640186915887,3106.119475387662,228.14454330392664,31297,LEVIGNAC SUR SAVE,31
21030.0,492.0,1529.4117647058824,1494.6690446217506,34.74272008413186,31315,MANE,31
20820.0,245.0,879.6296296296297,1442.49973319634,-562.8701035667103,31316,MARIGNAC,31
24160.0,1003.0,2640.3633004926105,2445.5028276842227,194.86047280838784,31345,MIREMONT,31
28060.0,728.0,2830.654761904762,2899.0157739700544,-68.36101206529247,31356,MONTAIGUT SUR SAVE,31
26350.0,415.0,1800.0,1847.9220381464052,-47.92203814640516,31374,MONTESQUIEU LAURAGAIS,31
27080.0,693.0,2732.6388888888887,2748.4959725241783,-15.857083635289655,31384,MONTLAUR,31
24210.0,1661.0,2118.9473684210525,2317.5361314367256,-198.58876301567307,31396,NAILLOUX,31
29830.0,1057.0,3325.3571428571427,3331.5901624634553,-6.2330196063126095,31409,PECHABOU,31
28470.0,2712.0,2971.603773584906,3030.828030700399,-59.22425711549295,31445,QUINT,31
25830.0,1879.0,3476.190476190476,3246.2281732796464,229.96230291082975,31460,ROQUETTES,31
24740.0,630.0,2760.9463877084017,2673.872992569481,87.07339513892066,31475,ST CLAR DE RIVIERE,31
30230.0,1002.0,2948.6910869565218,3110.1828293978756,-161.49174244135384,31480,STE FOY D AIGREFEUILLE,31
23990.0,647.0,2737.78125,1626.5568356334559,1111.2244143665441,31486,ST HILAIRE,31
24280.0,792.0,2757.1428571428573,2556.8523900599407,200.29046708291662,31516,ST SAUVEUR,31
22130.0,983.0,2637.6262626262624,2426.0756312189155,211.55063140734683,31517,ST SULPICE SUR LEZE,31
23830.0,3680.0,2494.8132780082988,2682.256132154203,-187.44285414590422,31547,SEYSSES,31
22140.0,222023.0,3409.090909090909,3352.729268681707,56.36164040920221,31555,TOULOUSE,31
27930.0,5679.0,2938.290598290598,3159.9966213169687,-221.70602302637053,31561,L UNION,31
46720.0,488.0,3214.6464646464647,3483.947759761775,-269.3012951153105,31575,VIEILLE TOULOUSE,31
23580.0,2164.0,2646.3414634146343,2502.2937571076836,144.04770630695066,31582,VILLEFRANCHE-DE-LAURAGAIS,31
21150.0,2752.0,1937.2395833333335,2174.663404742987,-237.42382140965356,31584,VILLEMUR SUR TARN,31
24650.0,748.0,1553.3625730994152,1787.409627468339,-234.0470543689239,31585,VILLENEUVE DE RIVIERE,31
19960.0,535.0,1143.75,1195.7186087539887,-51.96860875398875,32079,CASTELNAU D'AUZAN LABARRERE,32
19750.0,3145.0,1125.0,1597.0396975852352,-472.0396975852352,32107,CONDOM,32
19780.0,1894.0,1403.9408866995075,1494.49667482118,-90.55578812167255,32119,EAUZE,32
22200.0,1389.0,1481.8019205422709,1589.3219522384682,-107.5200316961973,32147,GIMONT,32
22130.0,1009.0,1561.7623762376238,2030.7714058651272,-469.0090296275034,32213,LOMBEZ,32
19090.0,951.0,1401.5857142857142,1412.522089169111,-10.936374883396866,32296,NOGARO,32
24050.0,523.0,1960.7843137254902,2139.6172028121346,-178.8328890866444,32331,PREIGNAN,32
22670.0,246.0,1746.6603053435115,2324.748046220769,-578.0877408772576,32345,LA ROMIEU,32
21850.0,506.0,1118.2529520557691,1311.976357414149,-193.72340535837998,32426,SEISSAN,32
24030.0,213.0,1981.3187855787478,1831.7571559129726,149.56162966577517,32448,TOUGET,32
20500.0,532.0,1131.7541613316262,1265.494920040922,-133.74075870929573,32459,VALENCE-SUR-BAISE,32
21780.0,6960.0,2571.4387464387464,2572.6760059396884,-1.2372595009419456,33003,AMBARES-ET-LAGRAVE,33
20490.0,1330.0,2140.9523809523807,1912.296343508011,228.65603744436976,33004,AMBES,33
24030.0,527.0,2481.4814814814813,2368.926568626749,112.55491285473227,33007,ARBANATS,33
27250.0,1546.0,2920.0,3006.299881119219,-86.29988111921921,33012,ARSAC,33
24380.0,3736.0,3287.5,2961.844655595217,325.65534440478314,33013,ARTIGUES-PRES-BORDEAUX,33
23240.0,1448.0,2536.840523975484,2444.8183893357796,92.02213463970429,33018,VAL DE VIRVEE,33
24460.0,1180.0,2636.7881198467076,2776.699279630737,-139.91115978402922,33022,AVENSAN,33
23020.0,778.0,1480.5194805194806,1635.4835142325603,-154.96403371307974,33047,BERSON,33
25370.0,1023.0,2384.8781937017234,2462.329527642319,-77.45133394059576,33049,BEYCHAC-ET-CAILLEAU,33
28180.0,1204.0,3169.5402298850577,3117.8510193812353,51.68921050382232,33085,CAMBLANES ET MEYNAC,33
23530.0,2012.0,2986.278195488722,2873.5231823008335,112.75501318788838,33104,CASTELNAU-DE-MEDOC,33
21270.0,966.0,1864.4859813084113,1860.5205885931216,3.9653927152896813,33114,CAVIGNAC,33
23240.0,884.0,2322.4804347826084,1770.6651204492568,551.8153143333516,33120,CERONS,33
22790.0,937.0,1775.0,1829.6453308257087,-54.6453308257087,33125,CISSAC-MEDOC,33
19970.0,399.0,1333.3333333333333,1300.3233589065171,33.00997442681614,33151,DONNEZAC,33
25170.0,1554.0,3067.7272727272725,2312.936639811472,754.7906329158004,33165,FARGUES SAINT HILAIRE,33
22360.0,367.0,1000.0,1267.9462232725325,-267.9462232725325,33182,GAURIAC,33
25670.0,10943.0,3944.4444444444443,3741.241911905041,203.20253253940336,33199,GUJAN MESTRAS,33
24990.0,1003.0,2523.2558139534885,2726.292140682261,-203.03632672877256,33219,LA LANDE DE FRONSAC,33
23040.0,948.0,2142.8571428571427,2146.5316514793353,-3.6745086221926613,33225,LANDIRAS,33
18200.0,10120.0,2932.9597343295973,2986.2712714640634,-53.31153713446611,33249,LORMONT,33
23950.0,1795.0,2645.5696202531644,2538.924778767266,106.64484148589827,33262,MACAU,33
25670.0,4499.0,3482.2830687830688,3587.920876347957,-105.63780756488813,33284,MIOS,33
23230.0,628.0,2338.4891598915992,2096.8733939652393,241.61576592635993,33290,MONTAGNE,33
19270.0,2159.0,1554.9342105263158,1542.0706203984948,12.863590127820999,33314,PAUILLAC,33
20620.0,663.0,2285.714285714286,2069.7759394518503,215.93834626243552,33315,LES PEINTURES,33
23550.0,802.0,2134.53143865515,2514.6550372079855,-380.1235985528356,33321,PEUJARD,33
24360.0,1137.0,3010.5263157894738,2815.844058042796,194.6822577466778,33334,PORTETS,33
21010.0,548.0,1904.2530788177341,1850.617740713782,53.63533810395211,33350,RAUZAN,33
24470.0,1967.0,2587.7697841726617,2517.1720151458067,70.59776902685508,33397,SAINTE EULALIE,33
25300.0,1153.0,3288.844262295082,3115.163849828235,173.68041246684697,33417,SAINTE HELENE,33
22090.0,856.0,1766.1290322580646,1602.1616396024579,163.96739265560677,33434,ST LOUIS DE MONTFERRAND,33
25480.0,2070.0,2529.990167158309,2602.1005845878135,-72.11041742950465,33483,ST SULPICE ET CAMEYRAC,33
21370.0,804.0,1806.547619047619,1697.7425647719629,108.80505427565618,33484,ST-SYMPHORIEN,33
23100.0,682.0,2266.326530612245,1911.6435108425503,354.6830197696945,33517,SOUSSANS,33
24260.0,18715.0,3753.5728338710946,3797.054673936251,-43.481840065156575,33522,TALENCE,33
24540.0,14358.0,4261.168910648715,3948.8212574321765,312.3476532165382,33529,LA TESTE-DE-BUCH,33
22980.0,350.0,1791.0,1738.587535352629,52.41246464737105,33530,TEUILLAC,33
25960.0,1213.0,2795.6989247311826,2685.8681668916765,109.83075783950608,33554,YVRAC,33
25390.0,2221.0,3265.3061224489797,3141.66048919635,123.64563325262952,33555,MARCHEPRIME,33
21720.0,771.0,2640.6481481481483,2386.544891416991,254.10325673115722,34001,ABEILHAN,34
22030.0,810.0,2290.2397260273974,2430.8269566788526,-140.58723065145523,34009,ALIGNAN DU VENT,34
25640.0,3244.0,3299.2944600562023,3418.839696593774,-119.54523653757178,34022,BAILLARGUES,34
23210.0,3602.0,4152.032520325203,3683.67152686265,468.3609934625533,34023,BALARUC LES BAINS,34
18140.0,2990.0,2026.5734265734266,1581.7533595240561,444.82006704937044,34028,BEDARIEUX,34
26010.0,2794.0,3665.3116531165315,2840.125368920073,825.1862841964585,34058,CASTRIES,34
21550.0,1086.0,1962.1953242835598,1843.8748878528108,118.32043643074894,34073,CERS,34
29020.0,752.0,4357.5,3883.758522057945,473.7414779420551,34082,COMBAILLAUX,34
19610.0,454.0,1006.3541666666667,1313.9745358917237,-307.62036922505695,34092,CRUZY,34
18210.0,234.0,1561.904761904762,1509.8160661246334,52.088695780128546,34097,FELINES-MINERVOIS,34
17450.0,2026.0,1198.6286919831223,1169.344930008818,29.283761974304298,34111,GANGES,34
26300.0,2772.0,3956.283502084574,3325.5604353820045,630.7230667025697,34120,JACOU,34
23130.0,5459.0,3236.3636363636365,3172.363726483545,63.99990988009131,34123,JUVIGNAC,34
25360.0,1393.0,3677.0708283313325,3096.9700249291755,580.100803402157,34134,LAVERUNE,34
21340.0,1570.0,1851.4382940108894,1811.7335382050278,39.70475580586162,34135,LESPIGNAN,34
21680.0,983.0,2747.985153764581,1636.4242715332448,1111.560882231336,34143,LOUPIAN,34
21260.0,3033.0,2894.2557971014494,2534.484361845405,359.77143525604424,34151,MARSILLARGUES,34
22230.0,1704.0,2899.743902439024,2056.267965659743,843.4759367792813,34161,MONTADY,34
18320.0,1884.0,1858.925,1646.0838917364247,212.84110826357528,34162,MONTAGNAC,34
24730.0,1572.0,3770.4761904761904,3314.7447613146905,455.7314291614998,34163,MONTARNAUD,34
23620.0,1162.0,1857.142857142857,1925.5291176627888,-68.38626051993174,34165,MONTBAZIN,34
22730.0,614.0,1709.95670995671,1782.7580845062103,-72.80137454950022,34173,MONTPEYROUX,34
24820.0,1223.0,3267.5289778714437,2970.919928243084,296.60904962835957,34176,MUDAISON,34
18510.0,257.0,2079.814814814815,1003.403661848911,1076.4111529659037,34187,OLARGUES,34
26950.0,4321.0,4198.162525879918,3863.102747923031,335.0597779568866,34198,PEROLS,34
22190.0,936.0,2849.4840182648404,2630.847505053431,218.63651321140924,34210,LE POUGET,34
23060.0,2545.0,2559.090909090909,2433.113887688765,125.97702140214415,34213,POUSSAN,34
20600.0,373.0,1235.4636035105832,1359.8669422193802,-124.40333870879704,34229,RIOLS,34
24650.0,1490.0,3945.7452502006954,3524.550598795645,421.19465140505054,34244,SAINT-BRES,34
19720.0,883.0,1449.2753623188405,1719.8368660945164,-270.5615037756759,34245,SAINT-CHINIAN,34
23050.0,726.0,2784.172661870504,2463.053042207407,321.1196196630967,34258,SAINT-GENIES-DE-FONTEDIT,34
21990.0,791.0,2384.1111111111113,2450.9168085310694,-66.80569741995805,34267,SAINT-JEAN-DE-FOS,34
25510.0,5703.0,3963.917525773196,3618.81657700231,345.1009487708857,34270,SAINT-JEAN-DE-VEDAS,34
24370.0,1289.0,3235.9880952380954,2953.681216844785,282.3068783933104,34272,SAINT-JUST,34
20910.0,1006.0,2631.5789473684213,2143.6335332708854,487.94541409753583,34281,SAINT-PARGOIRE,34
21430.0,625.0,2179.157920730954,2016.74508771242,162.41283301853423,34312,LA TOUR SUR ORB,34
21340.0,310.0,1609.375,1483.2121493282789,126.16285067172112,34313,TRESSAN,34
20760.0,2992.0,3668.478260869565,3021.3863936146313,647.0918672549337,34324,VALRAS-PLAGE,34
19780.0,2887.0,2422.5803896721054,2253.0693790716996,169.51101060040583,34332,VIAS,34
24010.0,3917.0,3955.3850359262733,3437.507819380214,517.8772165460591,34337,VILLENEUVE-LES-MAGUELONE,34
21200.0,1709.0,1559.0277777777778,1579.9896509107791,-20.96187313300129,35004,VAL-COUESNON,35
23260.0,1877.0,2089.918414918415,2121.4685652451053,-31.550150326690527,35006,ARGENTRE-DU-PLESSIS,35
23460.0,868.0,2886.574074074074,2668.8844638711876,217.68961020288634,35016,BAULON,35
22790.0,437.0,1512.9787234042553,1770.4213362223122,-257.4426128180569,35025,BILLE,35
24870.0,4987.0,2871.0280373831774,3038.0484584618157,-167.02042107863826,35055,CHANTEPIE,35
23310.0,370.0,2308.456349206349,2242.16408746876,66.29226173758889,35060,LA CHAPELLE DU LOU DU LAC,35
24830.0,3045.0,2450.0,2649.778926881762,-199.7789268817619,35068,CHATEAUBOURG,35
24610.0,1908.0,2276.6666833333334,2658.579195156103,-381.91251182276983,35076,CHAVAGNE,35
22720.0,2755.0,2487.2706422018346,2368.6431828685613,118.62745933327324,35085,COMBOURG,35
21700.0,2720.0,2323.5562675210253,2622.088815334167,-298.5325478131417,35095,DOL DE BRETAGNE,35
23050.0,454.0,1659.1017964071857,1902.4546902598563,-243.3528938526706,35101,DOURDAIN,35
21490.0,645.0,1980.1980198019803,1779.3810484565265,200.8169713454538,35106,ERCE-EN-LAMEE,35
24650.0,1704.0,1961.9514472455649,2315.840398433997,-353.8889511884322,35123,GOVEN,35
24040.0,2023.0,2397.04405223131,2386.968513639742,10.075538591568147,35131,L'HERMITAGE,35
23450.0,3606.0,2537.0129870129867,2577.5388912434255,-40.525904230438755,35136,JANZE,35
23730.0,860.0,972.7711901624946,2293.777369475539,-1321.0061793130446,35137,JAVENE,35
26950.0,2078.0,2735.490920743431,2791.0449696698424,-55.55404892641127,35139,LAILLE,35
24690.0,650.0,1749.4903160040776,2135.9386714160005,-386.4483554119229,35149,LASSY,35
24230.0,1492.0,2668.25665486998,2557.285985566879,110.9706693031012,35150,LECOUSSE,35
25650.0,3715.0,2634.4086021505377,2965.541288650166,-331.1326864996281,35152,LIFFRE,35
20580.0,1548.0,1634.1772151898733,1273.1265064884149,361.05070870145846,35162,LOUVIGNE-DU-DESERT,35
21890.0,1671.0,1764.7058823529412,2097.5499297003594,-332.84404734741815,35168,VAL D'ANAST,35
27620.0,1995.0,2582.73381294964,2611.0337679752115,-28.299955025571307,35177,LA MEZIERE,35
24640.0,2873.0,2333.076923076923,2754.3241999716543,-421.2472768947314,35188,MONTFORT-SUR-MEU,35
24960.0,3356.0,2762.962962962963,2778.4818312069,-15.51886824393705,35206,NOYAL-CHATILLON-SUR-SEICHE,35
22530.0,556.0,1620.6983182936833,1702.2382657183311,-81.53994742464783,35217,LE PERTRE,35
24780.0,4022.0,2533.3333333333335,2587.4917268715285,-54.158393538195014,35240,LE RHEU,35
23610.0,1705.0,2182.7838827838827,2194.0121461994263,-11.228263415543552,35251,SAINT-AUBIN-D AUBIGNE,35
22080.0,2090.0,1880.952380952381,2059.191583272622,-178.23920232024125,35257,MAEN ROCH,35
22330.0,238.0,1726.6237402015677,1733.6651701214034,-7.041429919835764,35260,SAINT-CHRISTOPHE-DES-BOIS,35
25300.0,739.0,2499.412006446414,2423.982644223547,75.42936222286698,35264,SAINT-DIDIER,35
20830.0,577.0,1205.2091963545981,1254.6632803827854,-49.45408402818725,35271,ST GEORGES DE REINTEMBAULT,35
31110.0,4264.0,4051.4,4173.440259075025,-122.040259075025,35278,SAINT-GREGOIRE,35
21730.0,6170.0,2697.5051975051974,2552.778030367714,144.72716713748332,35281,ST JACQUES DE LA LANDE,35
23170.0,1155.0,1421.7105263157896,1713.2147915175942,-291.5042652018046,35282,RIVES-DU-COUESNON,35
23490.0,25504.0,3917.5257731958764,3889.4733907466743,28.052382449202014,35288,SAINT-MALO,35
21340.0,2014.0,1890.925925925926,1893.8203958082688,-2.894469882342719,35297,SAINT-MEEN-LE-GRAND,35
23940.0,2055.0,3043.3333333333335,2933.7885663062893,109.54476702704414,35299,SAINT-MELOIR-DES-ONDES,35
25170.0,1812.0,2846.6666666666665,2757.7839161763127,88.88275049035383,35363,PONT-PEAN,35
20040.0,727.0,990.0990099009902,1119.9363684557063,-129.83735855471616,36001,AIGURANDE,36
22050.0,890.0,1066.6666666666667,1181.0031378918452,-114.33647122517846,36154,LE PECHEREAU,36
19960.0,295.0,922.4447383336483,1046.8142292359087,-124.3694909022604,36163,POULIGNY-NOTRE-DAME,36
21570.0,126.0,1014.2526964560863,1235.1463209674337,-220.8936245113474,36193,SAINTE-GEMME,36
25110.0,1073.0,3007.9545454545455,2731.2613523593964,276.6931930951491,37008,ATHEE SUR CHER,37
20570.0,741.0,1847.8260869565217,1148.4555592654679,699.3705276910539,37062,CHATEAU LA VALLIERE,37
21110.0,873.0,1174.3119266055046,1414.5976225114546,-240.28569590594998,37074,CHOUZE SUR LOIRE,37
22060.0,749.0,1503.7593984962407,1625.7912974580543,-122.03189896181357,37111,GENILLE,37
21520.0,15973.0,2643.9519469759734,2882.462387746882,-238.51044077090864,37122,JOUE LES TOURS,37
25390.0,512.0,2536.231884057971,2460.669784596256,75.5620994617152,37175,NOUZILLY,37
27830.0,1323.0,2868.840579710145,3055.460488883084,-186.61990917293906,37203,ROCHECORBON,37
24020.0,643.0,1648.2045454545455,1888.048919687091,-239.84437423254553,37217,SAINT ETIENNE DE CHIGNY,37
24090.0,1266.0,2301.587301587301,2274.114960847498,27.472340739803258,37225,SAINT MARTIN LE BEAU,37
21250.0,63318.0,2949.768810424548,2932.1759994526797,17.592810971868403,37261,TOURS,37
23010.0,788.0,2528.0898876404494,2308.2854807994067,219.8044068410427,38029,LA BATIE-MONTGASCON,38
24940.0,1434.0,3041.139695314746,2878.5894022696243,162.55029304512163,38071,CHAMP-SUR-DRAC,38
25730.0,783.0,2773.5164835164837,2507.38950338324,266.1269801332437,38076,LA CHAPELLE-DE-LA-TOUR,38
29960.0,371.0,2941.176470588235,2982.6835461119977,-41.50707552376252,38109,CHOZEAU,38
23280.0,954.0,1577.3584905660377,1712.925567508411,-135.5670769423732,38124,CORBELIN,38
24680.0,512.0,2000.0,2057.5351631709914,-57.53516317099138,38135,COURTENAY,38
25140.0,1266.0,2620.703764320786,2700.667056247994,-79.96329192720805,38148,DOLOMIEU,38
25120.0,4571.0,3381.062937062937,3396.5544668207717,-15.491529757834542,38158,EYBENS,38
26240.0,1979.0,3124.912917271408,3067.7993205417615,57.11359672964636,38189,HEYRIEUX,38
29020.0,952.0,3184.566224280752,3281.581463310357,-97.0152390296048,38215,LUZINAY,38
26880.0,936.0,3817.4533067973052,3358.081090453483,459.3722163438224,38281,NOYAREY,38
24030.0,736.0,1936.1344537815125,1993.1783694742671,-57.04391569275458,38320,PORCIEU-AMBLAGNIEU,38
22180.0,1484.0,2188.970588235294,2110.8783076512727,78.09228058402141,38332,RENAGE,38
22780.0,885.0,1886.3636363636363,1833.6625913252792,52.70104503835705,38340,LES ROCHES-DE-CONDRIEU,38
27990.0,2000.0,2352.498334443704,3152.7748189312656,-800.2764844875614,38348,RUY-MONTCEAU,38
23680.0,1106.0,2770.153546910755,2430.00787104552,340.1456758652348,38357,SAINT-ANDRE-LE-GAZ,38
24810.0,1559.0,2919.6428571428573,2758.0922600127246,161.5505971301327,38378,SAINT-CLAIR-DU-RHONE,38
28350.0,1116.0,2374.7012987012986,2649.3292698921264,-274.6279711908278,38383,SAINT-ETIENNE-DE-CROSSEY,38
23650.0,716.0,2902.497023809524,1939.9337427649432,962.5632810445807,38454,SAINT-SAUVEUR,38
26140.0,1679.0,3201.206896551724,3013.479231813819,187.72766473790534,38455,SAINT-SAVIN,38
21040.0,1321.0,1721.904761904762,1429.8581663786276,292.0465955261343,38457,SAINT-SIMEON-DE-BRESSIEUX,38
22200.0,1841.0,2528.0898876404494,2487.350081360702,40.73980627974743,38468,SALAISE-SUR-SANNE,38
20310.0,507.0,2125.3710180546364,1830.6973373491603,294.67368070547604,38499,SUSVILLE,38
25590.0,851.0,2424.5283018867926,2335.226107012746,89.30219487404656,38515,TREPT,38
28430.0,1054.0,3867.7419354838707,3562.5809528503964,305.1609826334743,38519,VALENCIN,38
26780.0,2839.0,2951.8,3075.347880937995,-123.5478809379947,38524,VARCES-ALLIERES-ET-RISSET,38
28370.0,341.0,1577.1960958296363,1909.7323916843432,-332.53629585470685,38532,VENERIEU,38
22960.0,2915.0,2797.916666666667,2512.4055041656434,285.5111625010236,38537,LA VERPILLIERE,38
19690.0,6619.0,2680.8988764044943,2760.002094324449,-79.10321791995466,38553,VILLEFONTAINE,38
26290.0,245.0,1746.218487394958,2037.3843744237572,-291.16588702879926,39131,LA CHAUX DU DOMBIEF,39
22280.0,770.0,1999.2523923444976,2117.6673397287736,-118.41494738427605,39476,SAINT-AUBIN,39
20160.0,4007.0,2179.5454545454545,2145.8519372438723,33.69351730158223,39478,SAINT-CLAUDE,39
24100.0,354.0,2084.2633057593257,1839.3860028131062,244.87730294621952,39582,VOITEUR,39
23960.0,268.0,2016.5966386554624,1986.0983669399939,30.49827171546849,40020,AURICE,40
24740.0,589.0,2305.2631578947367,2435.754638187336,-130.49148029259914,40055,BRETAGNE-DE-MARSAN,40
19890.0,591.0,1421.0526315789473,1481.2825152196322,-60.229883640684875,40102,GABARRET,40
24450.0,518.0,2893.935765168263,2592.232810965692,301.70295420257116,40123,HERM,40
21320.0,618.0,2387.0967741935483,2028.1965771930868,358.9001970004615,40132,LABATUT,40
24600.0,3130.0,4012.31884057971,3780.8786811807763,231.4401593989337,40133,LABENNE,40
22650.0,157.0,1460.5263157894738,1520.2532891275844,-59.72697333811061,40165,LUGLON,40
22020.0,430.0,1968.1560134566862,1718.1258975741252,250.03011588256095,40183,MIMBASTE,40
21800.0,516.0,1229.8245614035086,1233.9212093370304,-4.096647933521808,40194,MONTFORT-EN-CHALOSSE,40
21690.0,910.0,1205.1761850371217,1415.3078440561499,-210.13165901902812,40245,ROQUEFORT,40
22080.0,606.0,1954.208216992421,1925.4164814130754,28.79173557934564,40257,SAINTE EULALIE EN BORN,40
22370.0,895.0,2774.390243902439,2464.6028244717686,309.7874194306705,40266,ST-JULIEN-EN-BORN,40
21930.0,7091.0,2630.075757575758,2616.3813995956616,13.694357980096356,40279,ST-PAUL-LES-DAX,40
23740.0,691.0,2215.686274509804,2198.866111373774,16.82016313603026,40280,SAINT-PERDON,40
22840.0,461.0,1677.7777777777778,1844.4782700732874,-166.70049229550955,40288,SARBAZAN,40
23770.0,5851.0,3985.8490566037735,3627.1423610278066,358.70669557596693,40312,TARNOS,40
23830.0,578.0,2560.6074074074077,2487.8016675245353,72.80573988287233,40314,TERCIS LES BAINS,40
21330.0,1116.0,1621.0045662100456,1722.763831763597,-101.75926555355136,40331,VILLENEUVE-DE-MARSAN,40
22330.0,458.0,1518.1419457735246,1825.4790606785452,-307.3371149050206,41016,BILLY,41
23310.0,173.0,1231.2091503267975,1306.1284017067055,-74.91925137990802,41087,FONTAINE LES COTEAUX,41
22410.0,2063.0,1541.3890739506996,2086.5429499646098,-545.1538760139101,41106,LAMOTTE BEUVRON,41
21860.0,2810.0,1611.8055555555557,1652.204126660549,-40.39857110499338,41136,MER,41
24140.0,347.0,1447.170731707317,1639.3945373818199,-192.22380567450296,41145,MONTHOU SUR BIEVRE,41
21300.0,1860.0,1458.3333333333333,1570.8771246694905,-112.54379133615726,41149,MONTOIRE-SUR-LE-LOIR,41
23880.0,579.0,1753.2467532467533,1723.2920799042704,29.95467334248292,41155,MUIDES SUR LOIRE,41
24320.0,489.0,2272.890625,2103.9871994107775,168.90342558922248,41207,SAINT-DYE-SUR-LOIRE,41
23160.0,1185.0,1826.154052603328,2292.826037831269,-466.6719852279409,41211,SAINT GEORGES SUR CHER,41
23510.0,756.0,2250.0,2145.417329421784,104.58267057821604,42013,BELLEGARDE-EN-FOREZ,42
23020.0,1817.0,2338.855909336212,2158.72970998674,180.1261993494718,42022,BONSON,42
21690.0,637.0,1468.5714285714287,1488.399905773256,-19.828477201827354,42029,BUSSIERES,42
24710.0,1230.0,1814.4927536231885,2216.528866157567,-402.0361125343784,42069,COMMELLE-VERNAY,42
22020.0,240.0,1077.7380952380952,1303.1340173888075,-225.3959221507123,42098,FOURNEAUX,42
17020.0,3068.0,1683.6734693877552,1487.0414213575384,196.63204803021677,42183,LA RICAMARIE,42
25220.0,1564.0,3091.85393258427,2859.962599425156,231.89133315911386,42225,GENILAC,42
20810.0,758.0,1761.3636363636363,1572.068272010841,189.29536435279533,42230,SAINT-GERMAIN-LAVAL,42
25650.0,1568.0,2227.2727272727275,2261.350565092256,-34.07783781952867,42234,SAINT-HEAND,42
24840.0,388.0,1416.6232412714955,1576.8264744594555,-160.20323318796,42286,SAINT-ROMAIN-LES-ATHEUX,42
25720.0,3460.0,2778.409090909091,3112.980736899225,-334.57164599013413,42302,SORBIERS,42
23700.0,2994.0,2379.4251336898396,2603.320038563927,-223.8949048740874,42305,LA TALAUDIERE,42
24840.0,2085.0,2176.022031336992,2517.995528527516,-341.9734971905241,42332,VILLEREST,42
23170.0,494.0,1295.8333333333333,1503.030193197908,-207.19685986457466,43010,ARSAC-EN-VELAY,43
20340.0,3343.0,1635.4254927242587,1890.4984424147196,-255.07294969046097,43040,BRIOUDE,43
22440.0,1224.0,1830.056179775281,1982.077326497409,-152.02114672212815,43046,CHADRAC,43
22080.0,427.0,1451.5505617977528,1259.974507380064,191.57605441768874,43124,LOUDES,43
22330.0,522.0,1500.0,1457.1145141885781,42.88548581142186,43163,RIOTORD,43
23510.0,1482.0,1812.2222222222222,1897.053684692537,-84.83146247031482,43177,SAINT-DIDIER-EN-VELAY,43
23160.0,1765.0,2187.659187386295,2027.962666409186,159.69652097710878,43205,SAINT-JUST-MALMONT,43
18720.0,208.0,1438.5416666666667,1380.1214859232853,58.42018074338148,43221,SAINT-PRIVAT-D ALLIER,43
22570.0,470.0,1375.0,1469.6904918003916,-94.69049180039156,43230,SAINT-VINCENT,43
24160.0,441.0,1407.1581196581196,1670.5271544559632,-263.3690347978436,43233,SANSSAC-L EGLISE,43
22760.0,1657.0,2005.486132276745,2218.224596548678,-212.73846427193325,43251,VALS-PRES-LE-PUY,43
23260.0,579.0,916.6666666666667,2087.9319466710454,-1171.2652800043786,43262,VIEILLE-BRIOUDE,43
20750.0,838.0,1540.4761904761904,1694.2631613095984,-153.78697083340808,44001,ABBARETZ,44
26040.0,1110.0,2757.5757575757575,2901.631220182109,-144.05546260635128,44024,BRAINS,44
25180.0,1285.0,2597.4025974025976,2560.8699164774853,36.532680925112345,44032,CHAPELLE-HEULIN (LA),44
22680.0,1234.0,2083.3333333333335,1965.9490043176731,117.38432901566034,44038,CHAUVE,44
25170.0,3296.0,2959.183673469388,2726.776695572597,232.40697789679098,44043,CLISSON,44
23500.0,982.0,2494.1176470588234,2219.8147065527755,274.3029405060479,44048,COUFFE,44
23370.0,1142.0,2135.4166666666665,2192.5152016094416,-57.09853494277513,44050,CROSSAC,44
22520.0,3337.0,1831.5096153846155,2127.5115431134855,-296.00192772887,44052,DONGES,44
22320.0,1190.0,1774.7434017595308,1933.8359850135334,-159.09258325400265,44054,ERBRAY,44
20810.0,983.0,2182.2947000582412,2145.57110255994,36.72359749830139,44057,FEGREAC,44
21200.0,1456.0,1870.3703703703704,1838.2749872036418,32.09538316672865,44068,GUENROUET,44
27730.0,2362.0,3313.2267441860467,3513.240690418559,-200.01394623251235,44071,HAUTE-GOULAINE,44
25080.0,1407.0,2624.0,2612.841441146091,11.158558853909199,44089,MALVILLE,44
22990.0,1087.0,2212.912087912088,2293.0870965259637,-80.17500861387589,44127,PLANCHE (LA),44
21800.0,2130.0,2194.5028011204486,2232.0004834814554,-37.49768236100681,44128,PLESSE,44
23340.0,4718.0,2605.8201058201057,2644.6782429799337,-38.85813715982795,44129,PONTCHATEAU,44
26200.0,8797.0,4067.112225006962,3983.138762131705,83.97346287525716,44131,PORNIC,44
22360.0,575.0,1770.8420611646418,1652.7324080362355,118.10965312840631,44139,QUILLY,44
23260.0,1200.0,2071.4285714285716,2141.7245514254178,-70.2959799968462,44152,SAINTE ANNE SUR BRIVET,44
26770.0,491.0,2299.2700729927005,2297.5352487175974,1.7348242751031648,44159,SAINT-FIACRE-SUR-MAINE,44
22060.0,1817.0,1927.5298920968212,1973.5815859336062,-46.051693836785034,44168,SAINT-JOACHIM,44
29660.0,3637.0,3486.842105263158,3859.174638980126,-372.3325337169681,44194,SAUTRON,44
25570.0,3704.0,3187.5,3001.315354502456,186.1846454975439,44198,SORINIERES (LES),44
24260.0,1425.0,2952.2649082568805,2817.23105011232,135.03385814456033,44223,GENESTON,44
24370.0,474.0,1684.5399698340875,1747.2654746820535,-62.72550484796602,45009,ASCHERES-LE-MARCHE,45
25430.0,834.0,1343.75,2133.043730064069,-789.2937300640692,45024,BAULE,45
23740.0,817.0,1643.939393939394,2489.309619737802,-845.3702257984082,45042,LES BORDES,45
20260.0,1028.0,1280.4187889077532,1295.8782008218157,-15.459411914062457,45083,CHATEAU-RENARD,45
22080.0,1050.0,1022.2575757575758,1269.9632405870304,-247.7056648294547,45108,COULLONS,45
23980.0,2805.0,1800.0,2098.7020147580874,-298.70201475808744,45203,MEUNG-SUR-LOIRE,45
23420.0,2070.0,2531.5705128205127,2525.95027062824,5.620242192272599,45224,NEUVILLE-AUX-BOIS,45
23870.0,529.0,1502.6442497434682,1613.6452831496788,-111.00103340621058,45226,NEUVY-EN-SULLIAS,45
27310.0,3095.0,2269.230769230769,2882.864464068906,-613.6336948381368,45274,SAINT-DENIS-EN-VAL,45
23050.0,693.0,1477.2334682860997,2040.8915349577212,-563.6580666716216,45310,SERMAISES,45
24290.0,470.0,2194.244604316547,2126.7564889499304,67.48811536661651,45345,VIMORY,45
20510.0,678.0,1493.5064935064936,1487.4646607477614,6.041832758732198,46015,BAGNAC-SUR-CELE,46
23230.0,383.0,1649.3779069767443,1728.4867957783545,-79.10888880161019,46088,DOUELLE,46
21250.0,406.0,1590.909090909091,2139.907496809432,-548.9984059003409,46089,DURAVEL,46
23700.0,330.0,1440.0,1967.494831808647,-527.494831808647,46117,GAGNAC-SUR-CERE,46
24220.0,437.0,1500.0,1729.4944381027287,-229.49443810272874,46175,LISSAC-ET-MOURET,46
25750.0,429.0,2170.065789473684,2156.6765039603442,13.389285513339928,46197,LE MONTAT,46
22100.0,348.0,1728.3950617283951,1652.1355784648702,76.259483263525,46220,PINSAC,46
20290.0,546.0,1416.2393162393162,1480.7552367339624,-64.51592049464625,46297,SALVIAC,46
22160.0,589.0,913.4615384615385,1157.4631677181033,-244.0016292565648,46330,VAYRAC,46
26050.0,444.0,1555.5555555555557,1889.7596512631642,-334.20409570760853,47016,AUBIAC,47
19760.0,231.0,1752.840909090909,1735.1549588032403,17.685950287668675,47025,BEAUVILLE,47
23470.0,972.0,2145.631067961165,2326.7575477947307,-181.12647983356555,47051,CASTELCULIER,47
20610.0,1058.0,1500.0,1461.418210305478,38.58178969452206,47065,CLAIRAC,47
19840.0,8375.0,1815.2582159624412,1944.4391671318974,-129.1809511694562,47157,MARMANDE,47
20110.0,640.0,738.6470588235294,1507.459615765875,-768.8125569423456,47167,MEZIN,47
18350.0,1528.0,1133.3802816901407,1220.8085373290478,-87.4282556389071,47168,MIRAMONT DE GUYENNE,47
21200.0,3192.0,1325.0,1488.9918952288954,-163.99189522889537,47195,NERAC,47
21420.0,1060.0,1284.2105263157894,1285.0921653977625,-0.8816390819731623,48009,PEYRE EN AUBRAC,48
23110.0,56.0,2355.631868131868,1962.6085408244703,393.0233273073977,48117,POURCHARESSES,48
24950.0,1248.0,2266.919413460333,2240.65813790858,26.261275551752988,49048,BRIOLLAY,49
23160.0,746.0,2008.1691656020978,1945.892821622364,62.27634397973384,49110,CORZE,49
23590.0,718.0,2560.6240306541376,2282.004159396067,278.6198712580708,49123,DISTRE,49
24520.0,858.0,2267.4418604651164,2523.9211030564875,-256.4792425913711,49135,FENEU,49
20770.0,3773.0,1155.4603494623657,1466.7681229867248,-311.30777352435916,49248,OMBREE D'ANJOU,49
21200.0,12840.0,1893.8492063492063,2148.0884158084514,-254.2392094592451,49328,SAUMUR,49
20660.0,805.0,1752.7002700270027,1789.5929424048204,-36.89267237781769,49361,VARENNES-SUR-LOIRE,49
24460.0,2083.0,1892.3076923076924,2265.1247533159603,-372.81706100826796,50002,AGNEAUX,50
22170.0,283.0,1660.7142857142858,1597.6021146738533,63.112171040432486,50092,CAMBERNON,50
21590.0,406.0,1670.285227756492,1539.8703246245088,130.41490313198324,50110,CERISY-LA-FORET,50
21150.0,979.0,1938.7755102040817,1977.1235556022082,-38.34804539812649,50151,CREANCES,50
22390.0,784.0,2427.2727272727275,2268.975748350407,158.2969789223207,50184,FLAMANVILLE,50
21040.0,970.0,1827.9569892473119,1859.8836111529092,-31.926621905597358,50197,GAVRAY-SUR-SIENNE,50
23430.0,1624.0,2844.5732349841937,2524.1447936436157,320.42844134057805,50215,GOUVILLE-SUR-MER,50
22320.0,215.0,2100.840336134454,1962.9837184535518,137.85661768090222,50243,HEUGUEVILLE-SUR-SIENNE,50
23820.0,162.0,1663.3790737564323,1668.3131488587853,-4.934075102353063,50270,LIEUSAINT,50
23240.0,582.0,1521.7391304347825,1782.7839808054653,-261.04485037068275,50288,MARCEY-LES-GREVES,50
25060.0,300.0,1638.888888888889,1874.2345716946418,-235.34568280575286,50305,LE MESNIL-AU-VAL,50
20870.0,222.0,1605.8958035714286,1489.308058053016,116.58774551841248,50350,MONTPINCHON,50
23880.0,337.0,2181.9691470054445,2039.9457419499502,142.02340505549432,50369,NEGREVILLE,50
22640.0,340.0,1211.3636363636363,1475.774401265949,-264.41076490231285,50453,SAINTE-CECILE,50
21010.0,9400.0,1853.658536585366,1950.718175525949,-97.059638940583,50502,SAINT-LO,50
23590.0,546.0,2134.2748980780434,1962.5893155974527,171.6855824805907,50543,SAINT-QUENTIN-SUR-LE-HOMME,50
21220.0,958.0,2004.4642857142858,1937.5195749956122,66.9447107186736,50551,SAINT-SAUVEUR-LE-VICOMTE,50
26190.0,561.0,2344.187062937063,2263.1412926884236,81.0457702486392,51002,SAINT-MARTIN-D'ABLOIS,51
21190.0,393.0,1313.7693631669536,1367.9023641379817,-54.133000971028196,51009,ANGLURE,51
21360.0,303.0,1360.9375,1369.2693963962956,-8.331896396295633,51162,CONFLANS-SUR-SEINE,51
33920.0,730.0,3129.1946308724832,3340.626767915064,-211.43213704258096,51282,GUEUX,51
24650.0,484.0,915.2542372881356,1449.6366259950516,-534.382388706916,51367,LE MESNIL SUR OGER,51
23260.0,1566.0,1889.763779527559,1985.803637560056,-96.0398580324968,51474,SAINT-BRICE-COURCELLES,51
21950.0,681.0,1575.0385802469136,1851.7718357816982,-276.7332555347846,51492,SAINT-JUST-SAUVAGE,51
20700.0,1929.0,1004.5454545454545,1075.6869089466063,-71.1414544011518,51507,SAINTE MENEHOULD,51
23190.0,354.0,1029.7953451043338,1356.1470648109694,-326.35171970663555,51585,TROISSY,51
25590.0,1006.0,2499.4949494949497,2479.91912733267,19.575822162279565,51660,WARMERIVILLE,51
20740.0,562.0,1025.0,1102.842249325046,-77.84224932504594,52197,FAYL-BILLOT,52
20500.0,517.0,928.5714285714286,1510.4011176843583,-581.8296891129297,53016,BAIS,53
22450.0,424.0,1081.081081081081,1203.6981409576902,-122.61705987660912,53025,BAZOUGERS,53
21690.0,721.0,1566.0377358490566,1687.6960949628065,-121.65835911374984,53039,LE BOURGNEUF LA FORET,53
22410.0,7674.0,1954.0229885057472,3284.0639101011593,-1330.040921595412,53062,CHATEAU-GONTIER-SUR-MAYENNE,53
22770.0,832.0,1836.3636363636363,2013.2790030635601,-176.91536669992388,53103,LE GENEST-SAINT-ISLE,53
22930.0,530.0,1262.10725253957,1719.488080214951,-457.38082767538094,53104,GENNES-LONGUEFUYE,53
24820.0,1874.0,1987.179487179487,2851.430650484925,-864.251163305438,53119,L'HUISSERIE,53
21830.0,1404.0,1050.0,1323.4246558114523,-273.42465581145234,53161,MONTSURS,53
21580.0,616.0,1479.9783549783551,1785.8211445079264,-305.8427895295713,53210,SAINT-DENIS-D ANJOU,53
22160.0,305.0,1138.2113821138212,1412.7294745964994,-274.5180924826782,53226,SAINT-HILAIRE-DU-MAINE,53
24470.0,635.0,1864.7058823529412,1981.1424367946775,-116.43655444173623,53229,SAINT-JEAN-SUR-MAYENNE,53
20670.0,537.0,984.1149110807113,1238.1844929896183,-254.06958190890703,53249,VIMARTIN-SUR-ORTHE,53
22000.0,420.0,1361.6938616938617,1608.8649266205464,-247.17106492668472,53262,SOULGE-SUR-OUETTE,53
21430.0,483.0,1407.337128399747,1539.914680028423,-132.57755162867602,53267,VAIGES,53
20980.0,1361.0,1014.4927536231884,1299.305577927354,-284.8128243041657,53271,VILLAINES LA JUHEL,53
27150.0,583.0,2233.333333333333,2300.9069525742198,-67.57361924088673,54089,BOUXIERES-AUX-CHENES,54
25350.0,296.0,1666.6666666666667,1768.4266738257795,-101.76000715911277,54100,BRIN-SUR-SEILLE,54
25140.0,701.0,2540.0570676031607,2458.9904965288238,81.06657107433693,54123,CHAVIGNY,54
22280.0,2021.0,1354.5454545454545,1685.5599197988986,-331.0144652534441,54157,DIEULOUARD,54
24220.0,472.0,1201.225323349217,1417.3915932339348,-216.16626988471785,54162,DOMGERMAIN,54
28400.0,440.0,1937.5,2122.161142203897,-184.66114220389682,54186,EULMONT,54
18000.0,3027.0,1373.4939759036145,1982.4221856252439,-608.9282097216294,54280,JOEUF,54
23200.0,2758.0,2362.1081900910012,2561.20933341197,-199.10114332096873,54300,LANEUVEVILLE-DEVANT-NANCY,54
26620.0,310.0,1714.7669206633796,1881.9800862230286,-167.21316555964904,54302,LANTEFONTAINE,54
23780.0,6133.0,2832.0545609548167,3016.0184470621625,-183.96388610734584,54304,LAXOU,54
20750.0,2356.0,1822.3360655737706,1916.093916377379,-93.75785080360833,54322,LONGUYON,54
19480.0,8637.0,1699.5715227422545,1936.252103499287,-236.68058075703243,54329,LUNEVILLE,54
23270.0,3694.0,2326.3984509466436,2554.6571166661124,-228.2586657194688,54339,MALZEVILLE,54
26720.0,351.0,1548.780487804878,1920.1799836219495,-371.3994958170715,54352,MARON,54
24010.0,374.0,1753.6855592402774,1815.4099040178846,-61.72434477760726,54353,MARS-LA-TOUR,54
20850.0,721.0,1933.9285714285713,993.39608285676,940.5324885718113,54391,MOUTIERS,54
22360.0,46632.0,2447.0369831100757,2653.949232460557,-206.9122493504815,54395,NANCY,54
22650.0,2924.0,1652.1739130434783,1993.6739820613047,-341.5000690178265,54397,NEUVES MAISONS,54
24590.0,2243.0,2351.190476190476,2907.2168850614166,-556.0264088709405,54439,PULNOY,54
22560.0,4958.0,2667.0588235294117,2611.578849289941,55.47997423947072,54482,SAINT MAX,54
24570.0,2132.0,2473.1182795698924,2800.183222949385,-327.06494337949243,54498,SEICHAMPS,54
21640.0,248.0,1947.4563953488373,1756.6885330636337,190.7678622852036,54519,THIAVILLE-SUR-MEURTHE,54
23130.0,1028.0,1695.6521739130435,1707.0915091508543,-11.439335237810837,54533,TRIEUX,54
31890.0,649.0,2116.053391053391,2615.38527431858,-499.33188326518894,54575,VILLERS-LA-MONTAGNE,54
24940.0,379.0,1906.5656565656566,2042.8377323022778,-136.27207573662122,54596,XEUILLEY,54
18710.0,1075.0,1456.0526315789473,1461.172444577913,-5.119812998965699,55063,BOULIGNY,55
19930.0,1528.0,1251.286871023713,1516.4127033852012,-265.12583236148816,55181,ETAIN,55
22230.0,1638.0,1931.0099573257467,2087.2642981857334,-156.25434085998677,56001,ALLAIRE,56
24370.0,946.0,2473.214285714286,2501.384896458776,-28.170610744490205,56002,AMBON,56
22470.0,7454.0,3595.8928571428573,3417.3951622256413,178.497694917216,56007,AURAY,56
23310.0,836.0,2671.3675213675215,2162.957799568348,508.40972179917344,56015,BERRIC,56
26230.0,2442.0,4563.758389261745,4148.4398249684655,415.31856429327945,56034,CARNAC,56
22100.0,502.0,1113.7152777777778,1521.4740197456902,-407.75874196791233,56035,CARO,56
23140.0,1436.0,1755.7251908396947,1960.1758274907013,-204.45063665100656,56040,CLEGUER,56
19570.0,361.0,1084.2391304347825,1319.936418999866,-235.69728856508345,56048,LE CROISTY,56
21240.0,1342.0,1339.2857142857142,1450.2410077322272,-110.955293446513,56057,LE FAOUET,56
25010.0,1100.0,3275.2771406727825,2437.7376892323646,837.5394514404179,56063,GESTEL,56
20810.0,398.0,1559.912854030501,1527.795375099236,32.11747893126494,56071,GUEHENNO,56
19740.0,445.0,1000.0,1123.9171440013827,-123.91714400138267,56073,GUEMENE-SUR-SCORFF,56
20980.0,594.0,1699.7422680412371,1610.0831476934504,89.65912034778671,56076,GUERN,56
20540.0,1070.0,1343.551185656449,1649.587320228889,-306.03613457244,56081,GUISCRIFF,56
21190.0,976.0,1894.7368421052631,1870.0320705387335,24.704771566529644,56089,INGUINIEL,56
21500.0,972.0,1469.6592377260981,1661.5647929453687,-191.90555521927058,56102,FORGES DE LANOUEE,56
20010.0,564.0,1309.5238095238096,1295.4724444575977,14.051365066211929,56105,LANVENEGEN,56
22310.0,337.0,1500.0,1458.725770269872,41.2742297301279,56112,LIZIO,56
23630.0,714.0,2653.061224489796,2259.051302313962,394.00992217583416,56115,LOCMARIA-GRANDCHAMP,56
23560.0,1999.0,2767.5438596491226,2730.0326197265035,37.5112399226191,56118,LOCMIQUELIC,56
23900.0,1492.0,2903.429739551787,2752.220264742064,151.2094748097229,56119,LOCOAL-MENDON,56
23020.0,1174.0,1975.6097560975609,2072.6694787721517,-97.05972267459083,56124,MALESTROIT,56
22960.0,1079.0,2716.0493827160494,2575.5082688748394,140.54111384121006,56126,MARZAN,56
23010.0,481.0,2230.681818181818,2172.1574049960104,58.52441318580759,56133,MISSIRIAC,56
23410.0,840.0,2081.5304347826086,2158.8567348522156,-77.32630006960699,56157,PLAUDREN,56
24200.0,2973.0,2984.375,3167.7473392233833,-183.37233922338328,56158,PLESCOP,56
24320.0,1412.0,3380.2083333333335,3020.828423094534,359.3799102387993,56161,PLOEMEL,56
23830.0,1655.0,2686.875808139893,2530.1432976460537,156.73251049383907,56175,PLUMERGAT,56
23930.0,2749.0,3054.6713917525776,3026.8015290842322,27.869862668345377,56176,PLUNERET,56
23570.0,1665.0,2566.964285714286,2632.781721707462,-65.81743599317633,56179,PONT-SCORFF,56
22830.0,3512.0,2665.154411764706,2607.4331794653503,57.721232299355506,56184,QUESTEMBERT,56
24240.0,3871.0,2541.082086659949,2576.104266418622,-35.022179758673246,56185,QUEVEN,56
25010.0,2888.0,4746.176720475786,2985.299316008504,1760.8774044672823,56186,QUIBERON,56
21840.0,421.0,1463.6752136752136,1538.1367242589304,-74.46151058371674,56189,RADENAC,56
22000.0,402.0,2561.4754098360654,2185.6496964762455,375.82571335981993,56195,LA ROCHE BERNARD,56
21680.0,709.0,1659.090909090909,1697.919600150165,-38.828691059256016,56198,ROHAN,56
26910.0,459.0,3900.0,3396.1031193661493,503.89688063385074,56205,SAINT-ARMEL,56
22450.0,1199.0,2165.137614678899,2095.85488075393,69.28273392496885,56222,SAINT-JEAN-BREVELAY,56
22900.0,498.0,2207.4074074074074,2134.851687401355,72.55572000605252,56232,SAINT-PERREUX,56
25680.0,829.0,3828.0452380952383,3396.954790560662,431.09044753457647,56233,SAINT-PHILIBERT,56
24060.0,793.0,1706.6798474791694,2188.5382549230585,-481.85840744388906,56237,SAINT-THURIAU,56
25460.0,4526.0,3600.0,3508.4395225837798,91.56047741622024,56243,SENE,56
26060.0,657.0,3760.0,3434.4863226392627,325.51367736073735,56252,LE TOUR DU PARC,56
19430.0,306.0,1159.4202898550725,1563.6243271968622,-404.2040373417897,56257,LA TRINITE-PORHOET,56
20140.0,316.0,1136.3636363636365,1591.6956526176477,-455.33201625401125,58010,ARLEUF,58
20240.0,842.0,922.7746212121212,1176.5831837103588,-253.8085624982375,58046,CERCY-LA-TOUR,58
21330.0,303.0,1029.4117647058824,1189.9821580915223,-160.57039338563982,58047,CERVON,58
19050.0,709.0,876.2886597938144,982.5879164972981,-106.2992567034837,58062,CHATEAU-CHINON VILLE,58
18240.0,1771.0,925.0,1136.786561646292,-211.78656164629206,58079,CLAMECY,58
19790.0,246.0,2236.1111111111113,1895.582954899594,340.5281562115174,58180,MONTSAUCHE-LES-SETTONS,58
21690.0,835.0,1187.5,1444.261865357354,-256.76186535735405,58250,ST-LEGER-DES-VIGNES,58
23700.0,640.0,993.939393939394,1504.5659961908805,-510.6266022514865,58278,SERMOISE-SUR-LOIRE,58
22370.0,439.0,980.5555555555555,2204.172821439325,-1223.6172658837695,58295,TRACY SUR LOIRE,58
17820.0,3818.0,1297.6284584980237,1358.0862620668975,-60.457803568873715,59008,ANICHE,59
22000.0,23741.0,2914.270833333333,2960.3341891089976,-46.063355775664604,59009,VILLENEUVE-D'ASCQ,59
24750.0,898.0,2465.757870821162,1917.38523014997,548.3726406711921,59016,ARMBOUTS-CAPPEL,59
22380.0,665.0,1831.6831683168316,1882.6562995920385,-50.973131275206924,59018,ARNEKE,59
19850.0,1861.0,1378.8773584905662,1415.0203074303934,-36.14294893982719,59024,AUBERCHICOURT,59
17940.0,3931.0,1279.0697674418604,1317.6539218460507,-38.58415440419026,59033,AULNOYE-AYMERIES,59
19200.0,1534.0,1954.789402173913,1909.8624813316117,44.92692084230134,59037,AVESNES-LES-AUBERT,59
27800.0,688.0,3099.0196078431372,2741.3103554348577,357.70925240827955,59042,BACHY,59
21980.0,420.0,2136.842105263158,1864.4370296340621,272.4050756290958,59054,BAVINCHOVE,59
26270.0,1106.0,2222.222222222222,2553.0011701807834,-330.7789479585613,59080,BEUVRY-LA-FORET,59
24110.0,860.0,1535.483870967742,2343.5094712688197,-808.0256003010777,59086,BOESCHEPE,59
21320.0,550.0,1121.7948717948718,1345.1059888341485,-223.31111703927672,59089,BOLLEZEELE,59
19460.0,2992.0,1782.3039215686276,1877.0590599740087,-94.7551384053811,59094,BOURBOURG,59
24840.0,1934.0,3068.2601205857018,2883.0120576229037,185.24806296279803,59098,BOUSBECQUE,59
22410.0,2125.0,2283.1841432225065,2084.4000902073503,198.78405301515613,59107,BRAY-DUNES,59
17070.0,4543.0,1378.587313353807,1521.6086018145315,-143.02128846072446,59112,BRUAY SUR L ESCAUT,59
25330.0,758.0,1947.278911564626,2046.4617545050874,-99.18284294046134,59120,CAESTRE,59
19620.0,14981.0,1434.24638487208,1749.9311265180208,-315.6847416459409,59122,CAMBRAI,59
26920.0,715.0,2986.6326530612246,2673.4769707919454,313.15568226927917,59123,CAMPHIN-EN-CAREMBAULT,59
19730.0,330.0,1495.2627045650302,1576.164634132867,-80.90192956783676,59137,CATILLON-SUR-SAMBRE,59
23360.0,3527.0,2578.4313725490197,2539.924812606052,38.50655994296767,59143,LA CHAPELLE D ARMENTIERES,59
25610.0,341.0,1979.4322344322345,2056.8432646538113,-77.41103022157677,59144,CHATEAU L ABBAYE,59
31250.0,1242.0,3407.2477064220184,3403.6318961475354,3.6158102744830103,59146,CHERENG,59
21420.0,464.0,1099.8008171603678,1373.115400205174,-273.3145830448061,59149,CLARY,59
20440.0,912.0,1414.3374741200828,1444.1083789591817,-29.770904839098876,59157,COUSOLRE,59
18560.0,1767.0,1660.060975609756,1204.5176634440625,455.5433121656936,59160,CRESPIN,59
23360.0,9329.0,2454.1103603603606,2840.7238071143634,-386.6134467540028,59163,CROIX,59
14890.0,7470.0,1045.5479452054794,1635.2922234042826,-589.7442781988032,59172,DENAIN,59
26320.0,699.0,2081.128246753247,2156.6093854068167,-75.48113865356981,59173,DEULEMONT,59
26640.0,542.0,2364.3410852713178,2452.3260102538416,-87.98492498252381,59180,LE DOULIEU,59
20240.0,40361.0,1962.5,2509.4065546855513,-546.9065546855513,59183,DUNKERQUE,59
27020.0,1237.0,2391.891891891892,2669.7761655380095,-277.88427364611744,59193,EMMERIN,59
31230.0,522.0,2948.453608247423,2871.6408944273553,76.81271382006753,59196,ENNETIERES-EN-WEPPES,59
29330.0,912.0,2711.204585537919,2972.051198500821,-260.8466129629023,59197,ENNEVELIN,59
16460.0,1678.0,1296.6390674365398,1430.5814886659448,-133.942421229405,59207,ESCAUTPONT,59
22280.0,7381.0,2422.222222222222,2632.1053729564287,-209.88315073420654,59220,FACHES-THUMESNIL,59
21800.0,707.0,1875.0,1909.7493546602113,-34.74935466021134,59224,FECHAIN,59
19610.0,2219.0,1353.5925196850394,1949.4690343522377,-595.8765146671983,59234,FLERS EN ESCREBIEUX,59
28160.0,636.0,3179.5620234848907,3043.2927705668244,136.2692529180663,59247,FOREST-SUR-MARQUE,59
23720.0,385.0,1257.89124668435,1915.2347862160113,-657.3435395316612,59254,FRESSAIN,59
20070.0,2216.0,1763.888888888889,1965.0199831121447,-201.1310942232558,59272,GRAND-FORT-PHILIPPE,59
21680.0,4769.0,2168.0562793121417,2334.276840820423,-166.2205615082812,59273,GRAVELINES,59
35560.0,509.0,3342.1052631578946,3406.7323326973474,-64.6270695394528,59275,GRUSON,59
24380.0,1886.0,2654.320987654321,2664.7186634051636,-10.397675750842609,59278,HALLENNES-LEZ-HAUBOURDIN,59
16280.0,5726.0,1036.4721485411142,1209.0136130823587,-172.54146454124452,59291,HAUTMONT,59
17350.0,1255.0,1775.8543689320388,1625.4947453726738,150.359623559365,59292,HAVELUY,59
21160.0,9507.0,1910.5434538513362,2021.7608449633128,-111.21739111197667,59295,HAZEBROUCK,59
22690.0,718.0,1686.3945578231292,1696.9243411760026,-10.529783352873437,59297,HELESMES,59
19930.0,1701.0,1701.098901098901,1645.8999913427635,55.19890975613748,59302,HERIN,59
20870.0,350.0,1345.7446808510638,1536.693248509495,-190.94856765843133,59307,HOLQUE,59
20980.0,1520.0,1874.2748977224155,1759.9906440535042,114.28425366891133,59309,HONDSCHOOTE,59
23780.0,381.0,1691.6666666666667,1818.2690872208912,-126.60242055422441,59318,HOUTKERQUE,59
25130.0,361.0,1918.5234699940581,1980.9970696809403,-62.47359968688215,59325,JOLIMETZ,59
18240.0,1525.0,1120.0,1189.078505759471,-69.078505759471,59331,LANDRECIES,59
26640.0,1221.0,2220.588235294118,2470.6830022021577,-250.09476690803967,59335,LECELLES,59
20900.0,757.0,1583.8095238095239,1389.0912646766517,194.71825913287216,59349,LIGNY EN CAMBRESIS,59
21880.0,2415.0,2011.111111111111,2002.3705603571852,8.740550753925845,59359,LOON-PLAGE,59
15820.0,1344.0,734.5132743362832,965.3443409413682,-230.83106660508497,59361,LOURCHES,59
25270.0,10979.0,3148.1481481481483,3375.7100056294043,-227.56185748125608,59368,LA MADELEINE,59
22970.0,1650.0,1764.7058823529412,1848.7174121143773,-84.01152976143612,59369,MAING,59
19710.0,4987.0,1549.2957746478874,2270.396905789616,-721.1011311417287,59383,MARLY,59
20050.0,1058.0,1041.6666666666667,1136.1648972455653,-94.49823057889853,59389,MASNIERES,59
20840.0,3912.0,1857.142857142857,2138.8107939260867,-281.6679367832296,59400,MERVILLE,59
19710.0,1879.0,1794.871794871795,1628.81785367364,166.05394119815492,59414,MONTIGNY EN OSTREVENT,59
23830.0,1011.0,2572.469220246238,2305.864875629208,266.6043446170297,59416,MORBECQUE,59
28110.0,581.0,3120.769230769231,2928.0167765936726,192.75245417555834,59419,MOUCHIN,59
22950.0,563.0,2542.8571428571427,2101.8095879088946,441.04755494824803,59423,NEUF-BERQUIN,59
28500.0,348.0,2634.500580720093,2414.290686211988,220.20989450810475,59437,NOYELLES-LES-SECLIN,59
21510.0,296.0,793.93039049236,1034.00253347025,-240.07214297789005,59440,NOYELLES SUR SELLE,59
27020.0,256.0,2328.9473684210525,2515.5140747731634,-186.56670635211094,59446,OISY,59
22160.0,3828.0,2225.0,2328.1075457351785,-103.10754573517852,59449,ORCHIES,59
23810.0,3456.0,2307.6923076923076,3171.199438080238,-863.5071303879304,59457,PERENCHIES,59
21250.0,2105.0,1628.5714285714287,1907.9286214583235,-279.35719288689484,59459,PETITE FORET,59
18860.0,862.0,952.3809523809524,1128.6774103836449,-176.29645800269248,59464,POIX-DU-NORD,59
21110.0,290.0,1247.5961538461538,1410.814753063102,-163.21859921694818,59465,POMMEREUIL,59
16510.0,2275.0,1041.6666666666667,1408.5180865944346,-366.8514199277679,59484,QUIEVRECHAIN,59
22130.0,1113.0,1500.0,1606.8325745597294,-106.83257455972944,59486,RACHES,59
25280.0,5660.0,2568.1,2963.654670376824,-395.5546703768241,59508,RONCQ,59
20810.0,2527.0,1743.9024390243903,1803.6712823057826,-59.768843281392265,59509,ROOST WARENDIN,59
27600.0,799.0,2253.7241379310344,2415.5259239593374,-161.801786028303,59511,ROSULT,59
21260.0,1845.0,1542.857142857143,1598.4758889091106,-55.61874605196772,59514,ROUSIES,59
29860.0,772.0,3421.0526315789475,2882.881155004116,538.1714765748316,59522,SAILLY-LEZ-LANNOY,59
31510.0,1179.0,3238.690476190476,3301.3485455803293,-62.65806938985315,59523,SAINGHIN-EN-MELANTOIS,59
24770.0,2224.0,2536.8589743589746,2805.2987503714085,-268.43977601243387,59524,SAINGHIN-EN-WEPPES,59
26460.0,2236.0,2386.7924528301887,3225.912300001331,-839.1198471711423,59553,SANTES,59
23040.0,710.0,2228.091473743648,2274.1865854469215,-46.09511170327369,59558,SAULZOIR,59
31010.0,781.0,2091.503267973856,2670.552988326927,-579.0497203530708,59559,SEBOURG,59
18690.0,1246.0,1739.1304347826087,1633.9189601485027,105.21147463410603,59564,LA SENTINELLE,59
24810.0,658.0,2049.397590361446,2399.5234803008734,-350.12588993942745,59576,SPYCKER,59
26230.0,372.0,2271.5850815850818,2303.210099389568,-31.625017804486106,59584,TAISNIERES-SUR-HON,59
25030.0,1631.0,2001.46976647206,2157.7149667316226,-156.24520025956258,59592,THUMERIES,59
22610.0,432.0,2029.4776119402984,1948.0423617930187,81.4352501472797,59594,THUN-SAINT-AMAND,59
26580.0,204.0,1820.1970443349755,1994.0526707465917,-173.85562641161619,59612,VERTAIN,59
19850.0,869.0,1025.7508771929824,1086.8154244600314,-61.064547267048965,59631,WALINCOURT-SELVIGNY,59
19980.0,2256.0,1738.873106060606,1776.6581016983243,-37.78499563771834,59632,WALLERS,59
21990.0,6284.0,2589.472222222222,2541.028585521588,48.443636700634215,59648,WATTIGNIES,59
19450.0,16213.0,1873.7532175032175,1886.0566829905392,-12.303465487321773,59650,WATTRELOS,59
16770.0,2710.0,1333.3333333333333,1289.3020709859975,44.03126234733577,59654,WAZIERS,59
17480.0,1211.0,791.2554112554113,1121.842832288209,-330.5874210327976,59659,WIGNEHIES,59
23380.0,2330.0,1863.2367307066102,2212.9099959880673,-349.67326528145713,59663,WORMHOUT,59
26450.0,686.0,2767.0103092783506,2021.5391320271644,745.4711772511862,60010,AMBLAINVILLE,60
26380.0,608.0,1796.3095238095239,1951.276429298182,-154.96690548865809,60042,BAILLEVAL,60
26210.0,319.0,2715.909090909091,2569.5871210564037,146.3219698526873,60063,BERNEUIL EN BRAY,60
23820.0,618.0,2970.0,2562.405157381935,407.59484261806483,60065,BERTHECOURT,60
25290.0,1970.0,2648.6469072164946,2751.3880774506,-102.74117023410554,60088,BORNEL,60
22980.0,585.0,1806.6775743941098,1840.0536986519699,-33.376124257860056,60129,CARLEPONT,60
26080.0,343.0,2036.527832609554,2189.0275322273983,-152.49969961784427,60147,CHEVINCOURT,60
25830.0,1480.0,2400.0,2515.737722324162,-115.73772232416195,60151,CHOISY AU BAC,60
23730.0,1441.0,2283.3333333333335,2237.609979105449,45.723354227884556,60155,CIRES LES MELLO,60
25270.0,904.0,2573.529411764706,2548.290495598364,25.238916166341824,60156,CLAIROIX,60
21790.0,4588.0,2146.5622872702515,2191.8839497479185,-45.321662477666905,60157,CLERMONT,60
21000.0,16922.0,2568.9655172413795,2780.370274822645,-211.40475758126559,60159,COMPIEGNE,60
25840.0,321.0,2373.5632183908046,2568.8633444140637,-195.30012602325905,60169,COURCELLES LES GISORS,60
32080.0,1725.0,4013.0952380952385,3901.238110536472,111.85712755876648,60172,COYE LA FORET,60
27700.0,392.0,2611.6279069767443,2401.260808900084,210.3670980766601,60185,CROUY EN THELLE,60
26020.0,392.0,2343.0610981147656,2308.953341808383,34.107756306382726,60196,LA DRENNE,60
25200.0,273.0,2798.8888888888887,1624.685063791485,1174.2038250974038,60235,FLAVACOURT,60
25000.0,326.0,1938.2416396979502,2028.7471147206963,-90.50547502274617,60302,HAUDIVILLERS,60
26220.0,256.0,2434.1983317886934,2441.959159624381,-7.760827835687451,60318,HOUDANCOURT,60
22700.0,185.0,3224.4897959183672,2669.528402514162,554.9613934042054,60344,LALANDELLE,60
25360.0,398.0,2424.196038075637,2206.7327949608366,217.4632431148002,60358,LEVIGNEN,60
23230.0,589.0,2670.5882352941176,2465.0428775325236,205.545357761594,60380,MAREUIL SUR OURCQ,60
23500.0,3593.0,2411.727931982996,2415.2311858849366,-3.5032539019407523,60382,MARGNY LES COMPIEGNE,60
27400.0,838.0,2135.372340425532,2253.5183506217613,-118.14601019622933,60402,LE MEUX,60
27790.0,254.0,2097.487804878049,2104.5835064127423,-7.0957015346934895,60412,MONTAGNY EN VEXIN,60
17350.0,4771.0,2285.714285714286,2009.9842665041049,275.7300192101809,60414,MONTATAIRE,60
25290.0,409.0,1747.3166368515206,1866.9318260154375,-119.61518916391697,60430,MORIENVAL,60
24250.0,1649.0,2739.583333333333,2619.0673986796614,120.5159346536716,60450,NEUILLY EN THELLE,60
22440.0,1197.0,2401.953125,2277.8425742935897,124.11055070641032,60462,NOAILLES,60
17620.0,7440.0,2395.6043956043954,2194.6810902357593,200.9233053686362,60463,NOGENT SUR OISE,60
25770.0,474.0,2515.833254560923,2477.0560790950435,38.77717546587928,60464,NOINTEL,60
23610.0,456.0,1705.495084269663,2070.253012914287,-364.7579286446239,60526,RAVENEL,60
21860.0,1537.0,1818.181818181818,1773.673147732456,44.508670449361944,60537,RIBECOURT DRESLINCOURT,60
24800.0,625.0,2357.1428571428573,2346.862066637521,10.280790505336427,60539,RIEUX,60
22100.0,434.0,1768.0,1416.7650679241133,351.2349320758867,60567,ST AUBIN EN BRAY,60
22910.0,1335.0,2575.757575757576,2485.563238717317,90.19433704025914,60575,STE GENEVIEVE,60
25420.0,599.0,2266.0550458715597,2235.0113631754334,31.043682696126325,60587,ST MARTIN LONGUEAU,60
23680.0,684.0,2149.5085995085997,2225.1522216326834,-75.64362212408378,60597,ST SAUVEUR,60
24680.0,537.0,2119.5652173913045,2329.7982960010954,-210.23307860979094,60646,TROISSEREUX,60
23830.0,872.0,1867.3469387755101,2433.15475380881,-565.8078150332997,60647,TROSLY BREUIL,60
24700.0,378.0,2421.3201094391243,2267.803063869357,153.5170455697671,60652,VALDAMPIERRE,60
27650.0,891.0,2380.9523809523807,2636.71500164813,-255.76262069574932,60686,VILLERS SOUS ST LEU,60
19220.0,11921.0,1621.5404419652436,1678.7043397152077,-57.16389774996401,61001,ALENCON,61
20500.0,528.0,1535.4166666666665,1471.6585851380669,63.75808152859963,61093,CHANU,61
21510.0,305.0,1173.9130434782608,1191.6804696905526,-17.767426212291866,61150,ECHAUFFOUR,61
22600.0,280.0,1452.3809523809523,1711.2130365851822,-258.8320842042299,61165,LA FERRIERE BOCHARD,61
21180.0,1353.0,1416.046511627907,1494.328672041531,-78.28216041362407,61167,LA FERTE-EN-OUCHE,61
19840.0,823.0,754.4117647058824,1022.0535332882268,-267.6417685823444,61181,GACE,61
18700.0,3835.0,1454.598883338231,1513.7502148072726,-59.15133146904168,61214,L'AIGLE,61
21310.0,1401.0,1529.4117647058824,1509.5867716614111,19.824993044471285,61230,LONGNY LES VILLAGES,61
22040.0,837.0,2049.0196078431372,1838.3076398279863,210.7119680151509,61278,MESSEI,61
21700.0,250.0,1318.4369840396257,1503.7610488451921,-185.32406480556642,61329,LE PIN-LA-GARENNE,61
21970.0,633.0,1339.5378151260504,1533.2171044914614,-193.67928936541102,61342,RAI,61
23020.0,1588.0,1281.0510099281069,1579.2796151087796,-298.22860518067273,61391,SAINT GEORGES DES GROSEILLERS,61
22120.0,655.0,1489.4290474026957,1583.4981254722143,-94.06907806951858,61447,SAINT-PIERRE-DU-REGARD,61
20270.0,317.0,1280.409399940881,1377.481203272955,-97.07180333207407,61475,SOLIGNY LA TRAPPE,61
21690.0,1533.0,1506.849315068493,1618.393122959742,-111.54380789124889,61484,VAL-AU-PERCHE,61
20520.0,2147.0,909.0909090909091,1374.2718475846764,-465.18093849376726,61486,TINCHEBRAY-BOCAGE,61
19640.0,1505.0,1696.2025316455697,1805.7519323728122,-109.54940072724253,61508,VIMOUTIERS,61
20730.0,4279.0,1555.2083333333335,1890.5193464019858,-335.3110130686523,62014,AIRE-SUR-LA-LYS,62
20470.0,1904.0,1686.6666666666667,1612.0713417601337,74.59532490653305,62032,ANGRES,62
20090.0,867.0,1564.6610169491526,1749.572068827756,-184.91105187860353,62034,ANNEQUIN,62
21360.0,1832.0,2279.1122348644476,2068.2014246141903,210.91081025025733,62038,ARDRES,62
20230.0,19654.0,1997.2532978832191,1914.5886595115437,82.66463837167544,62041,ARRAS,62
22220.0,2520.0,1844.5216049382716,1940.079958541988,-95.55835360371634,62099,BEAURAINS,62
20780.0,7310.0,2380.877452795261,2256.594427517563,124.28302527769802,62108,BERCK,62
20000.0,2054.0,1678.9319071969699,1660.5550939566506,18.37681324031928,62139,BLENDECQUES,62
21640.0,375.0,940.8602150537636,1165.47313258691,-224.6129175331464,62177,BRIMEUX,62
18090.0,31205.0,1603.5714285714284,2505.948915060897,-902.3774864894685,62193,CALAIS,62
19580.0,1135.0,925.7194853563569,1121.4136277416735,-195.69414238531658,62217,CAUCHY-A-LA-TOUR,62
22290.0,2391.0,2333.3333333333335,2408.27816483028,-74.94483149694634,62244,COULOGNE,62
20310.0,4224.0,1866.6666666666667,1904.197350881412,-37.53068421474518,62250,COURRIERES,62
25300.0,1058.0,1750.9398496240601,1963.0451000748362,-212.1052504507761,62252,LA COUTURE,62
24790.0,2445.0,1844.1666666666665,2518.0048666091334,-673.8381999424669,62263,DAINVILLE,62
20460.0,2424.0,1758.2417582417581,1651.9433962768658,106.29836196489236,62274,DOURGES,62
21320.0,2412.0,1931.578947368421,1934.178423470568,-2.5994761021470367,62276,DOUVRIN,62
23460.0,844.0,2041.5425355842435,2319.027974644931,-277.48543906068744,62288,ECQUES,62
20400.0,677.0,1646.0610291184685,1675.0297294429554,-28.968700324486917,62329,FERQUES,62
25480.0,447.0,2067.5683453237407,2074.481074187406,-6.912728863665507,62350,FOUQUIERES LEZ BETHUNE,62
24540.0,991.0,1329.2682926829268,1818.7909093900491,-489.5226167071223,62376,GONNEHEM,62
19160.0,2126.0,1663.2653061224491,1497.0084723537905,166.25683376865868,62397,GUINES,62
22770.0,558.0,2015.873015873016,2060.5584166827316,-44.6854008097157,62408,HAMES BOUCRES,62
18510.0,5030.0,1558.5548172757476,1612.1767320496415,-53.62191477389388,62413,HARNES,62
19750.0,2484.0,1739.1640866873063,2007.9466480063961,-268.78256131908984,62443,HERSIN COUPIGNY,62
16350.0,1099.0,1095.5730954015098,1298.8770095939915,-203.30391419248167,62447,HESDIN,62
21740.0,452.0,1902.34375,2045.1966380507008,-142.8528880507008,62458,HOULLE,62
26330.0,989.0,1574.712643678161,1902.0715466308768,-327.3589029527159,62520,LOCON,62
20670.0,594.0,1821.5315315315315,1596.6153116169373,224.9162199145942,62524,LONGFOSSE,62
19780.0,1589.0,1318.1818181818182,1448.3857533628832,-130.20393518106494,62534,LUMBRES,62
16840.0,2355.0,1215.8564814814815,1298.5517861587805,-82.69530467729896,62555,MARLES LES MINES,62
23960.0,1810.0,3206.4814814814818,2850.738476346449,355.74300513503294,62571,MERLIMONT,62
18640.0,3685.0,1596.0526315789475,1634.3880175012177,-38.335385922270234,62587,MONTIGNY EN GOHELLE,62
21440.0,584.0,1730.7692307692307,1912.50005948366,-181.7308287144292,62620,NORRENT-FONTES,62
22350.0,654.0,1693.5483870967741,1691.7061769202473,1.8422101765268053,62621,NORTKERQUE,62
19040.0,2419.0,1821.2551699334654,1696.693132906035,124.56203702743028,62624,NOYELLES GODAULT,62
21380.0,876.0,1847.0588235294117,1755.1544453969411,91.90437813247058,62626,NOYELLES-LES-VERMELLES,62
19380.0,5618.0,1856.578947368421,1807.8707991856259,48.708148182795185,62643,OUTREAU,62
18620.0,4060.0,1629.6296296296296,1505.5243472175484,124.10528241208112,62667,LE PORTEL,62
21340.0,920.0,1885.7769230769231,1616.333748247282,269.44317482964107,62684,RACQUINGHEM,62
26110.0,1083.0,2385.714285714286,2563.42763062311,-177.71334490882418,62706,RICHEBOURG,62
22130.0,630.0,1667.0812603648424,1980.9282512044945,-313.8469908396521,62730,RUMINGHEM,62
25570.0,1577.0,2322.222222222222,2328.0030871179597,-5.780864895737523,62736,SAILLY-SUR-LA-LYS,62
20630.0,2074.0,2310.0,2161.4088520254604,148.59114797453958,62746,SAINT-ETIENNE-AU-MONT,62
18120.0,6822.0,1454.5454545454545,2192.94173966694,-738.3962851214856,62765,SAINT OMER,62
25160.0,1070.0,1984.8484848484848,2169.7423145909247,-184.89382974243995,62801,SOUCHEZ,62
19730.0,1867.0,1659.8063440983797,1565.0851311249107,94.72121297346894,62846,VERMELLES,62
24280.0,1046.0,2856.236786469344,2445.674804751259,410.561981718085,62849,VERTON,62
21560.0,1658.0,2121.3553682342504,2039.7315671525832,81.62380108166712,62894,WIMILLE,62
19250.0,3358.0,1606.3829787234042,1676.7006419827148,-70.31766325931062,62895,WINGLES,62
20170.0,1439.0,1858.1912442396313,1770.3513212172343,87.83992302239699,62902,WIZERNES,62
22170.0,214.0,1894.3089430894308,1730.175773772403,164.13316931702775,63031,BEAULIEU,63
25510.0,5283.0,2595.1049985211475,2948.6060022117103,-353.5010036905628,63032,BEAUMONT,63
22400.0,683.0,1666.6666666666667,1857.0831427614821,-190.41647609481538,63038,BESSE-ET-SAINT-ANASTAISE,63
25490.0,652.0,2371.789410576802,2319.5537920448205,52.235618531981345,63089,CHAPPES,63
22850.0,498.0,1041.0386055891672,2093.3090429263907,-1052.2704373372235,63093,CHARBONNIERES-LES-VIEILLES,63
25780.0,3129.0,2298.7012987012986,3123.7006479014103,-824.9993492001117,63103,CHATELGUYON,63
26340.0,231.0,1833.3566433566434,1911.7976396558975,-78.44099629925404,63112,CLERLANDE,63
23140.0,1014.0,1697.3684210526317,1693.870061121711,3.498359930920742,63116,COMBRONDE,63
22930.0,558.0,1757.5660699062232,1848.962785934627,-91.39671602840372,63121,COUDES,63
23720.0,9239.0,2364.1414141414143,3735.2016890248588,-1371.0602748834444,63124,COURNON D AUVERGNE,63
19640.0,557.0,1111.111111111111,1112.9126204251825,-1.8015093140713816,63132,CUNLHAT,63
24860.0,1050.0,2526.7628205128203,2429.9211960733173,96.841624439503,63148,ENNEZAT,63
21810.0,7310.0,2022.290660225443,2712.7357577929324,-690.4450975674895,63178,ISSOIRE,63
20540.0,299.0,1434.7826086956522,1394.5310588751083,40.251549820543914,63192,LA TOUR-D'AUVERGNE,63
23620.0,3795.0,2487.122252747253,2593.8900391285315,-106.76778638127871,63193,LEMPDES,63
21150.0,703.0,1073.1074260994953,1542.6219894734234,-469.514563373928,63211,MARSAC-EN-LIVRADOIS,63
25490.0,864.0,2019.2307692307693,2196.9332825874076,-177.7025133566383,63213,LES MARTRES D ARTIERE,63
24550.0,1751.0,2331.669227814061,2640.1503476317425,-308.4811198176817,63214,LES MARTRES DE VEYRE,63
26900.0,1442.0,1541.3636363636365,2409.388259006568,-868.0246226429317,63226,MUR-SUR-ALLIER,63
18510.0,751.0,775.78125,919.1507182242718,-143.36946822427183,63231,LA MONNERIE-LE MONTEL,63
25870.0,671.0,2206.627474625666,2341.083104988246,-134.45563036258,63244,CHAMBARON SUR MORGE,63
26710.0,1281.0,1880.952380952381,2223.541362146972,-342.58898119459104,63262,ORCET,63
29370.0,1537.0,2166.7692307692305,2653.7602555213725,-486.99102475214204,63263,ORCINES,63
25430.0,3663.0,2136.986301369863,2325.308819645835,-188.32251827597156,63307,ROMAGNAT,63
25820.0,928.0,1782.749402463688,1897.5014563240566,-114.7520538603685,63322,SAINT-BEAUZIRE,63
21860.0,103.0,1708.3916083916083,1681.6454935967704,26.746114794837922,63331,SAINT-CLEMENT-DE-VALORGUE,63
17390.0,185.0,1019.4444444444446,1291.6799563424381,-272.23551189799355,63377,SAINT MAURICE PRES PIONSAT,63
27580.0,1098.0,2413.347222222222,2304.4830479056723,108.8641743165499,63417,SAYAT,63
19300.0,5412.0,1449.9894224666807,1590.866254628165,-140.87683216148434,63430,THIERS,63
19890.0,348.0,1597.9591836734694,1553.219552555962,44.739631117507315,63448,LE VERNET-CHAMEANE,63
23210.0,1373.0,1807.2222222222222,2114.442918089435,-307.2206958672127,63453,VERTAIZON,63
28890.0,1588.0,2730.8217250598,2833.1994069242005,-102.37768186440053,63455,VEYRE-MONTON,63
24990.0,2021.0,1889.0439757375243,2483.170494504553,-594.1265187670288,63470,VOLVIC,63
26980.0,385.0,2464.5539906103286,2360.5890360155904,103.96495459473817,64023,ANGAIS,64
25700.0,792.0,2354.961832061069,2373.851332520195,-18.889500459125884,64067,ASSAT,64
21780.0,25215.0,4412.631578947368,3876.8350201262206,535.7965588211478,64102,BAYONNE,64
22560.0,4170.0,3750.0,3326.683940562554,423.3160594374458,64140,BOUCAU,64
21590.0,394.0,1080.0,1222.4290045341688,-142.42900453416883,64148,BRUGES CAPBIS MIFAGET,64
22090.0,8276.0,4929.078014184397,2717.9898301813814,2211.0881840030156,64260,HENDAYE,64
30290.0,2131.0,2856.32183908046,3244.135552560991,-387.8137134805311,64269,IDRON,64
24480.0,310.0,1784.591518726696,1956.4513578354617,-171.85983910876575,64300,LACQ,64
21950.0,232.0,1890.7167832167831,1719.0661757419446,171.65060747483858,64305,LAHONTAN,64
24180.0,855.0,3605.3715574548905,3188.52362699551,416.8479304593807,64317,LARRESSORE,64
22050.0,578.0,2032.0454545454545,2000.966289598732,31.079164946722585,64320,LARUNS,64
23690.0,253.0,2096.0911949685533,2111.3901220623757,-15.298927093822385,64343,LIMENDOUS,64
20610.0,1411.0,1944.4444444444443,1841.6672160427834,102.77722840166098,64371,MAULEON LICHARRE,64
18900.0,2770.0,1501.25803746156,1560.8557829751726,-59.59774551361261,64410,MOURENX,64
25240.0,590.0,1596.84934318555,1851.7228269239279,-254.8734837383779,64419,NOUSTY,64
20960.0,5313.0,1598.2384823848238,1753.7515106659214,-155.5130282810976,64422,OLORON SAINTE MARIE,64
22920.0,403.0,1825.0,1910.9420585763648,-85.94205857636484,64443,PARDIES,64
22720.0,1139.0,1383.4328358208954,1699.5389231669967,-316.1060873461013,64453,PONTACQ,64
19580.0,487.0,1905.0908568142609,1177.2336643308781,727.8571924833827,64461,PUYOO,64
21770.0,631.0,2303.2446628261605,2310.749525671123,-7.504862844962645,64477,SAINT ETIENNE DE BAIGORRY,64
25480.0,404.0,1747.8260869565217,1831.2255841692631,-83.39949721274138,65057,AZEREIX,65
21290.0,527.0,1092.8468727534148,1406.7937101074813,-313.9468373540665,65395,SAINT-PE-DE-BIGORRE,65
19070.0,20396.0,1690.453811369509,2035.9263784044595,-345.47256703495054,65440,TARBES,65
19820.0,470.0,1443.298969072165,1335.5866550082178,107.71231406394713,65452,TRIE-SUR-BAISE,65
22720.0,314.0,4318.666666666667,1950.964914722362,2367.701751944305,66004,LES ANGLES,66
19170.0,1279.0,1803.9297658862877,1577.7213509883559,226.2084148979318,66009,ARLES SUR TECH,66
22510.0,1437.0,1938.2177033492821,2014.8443534891185,-76.62665013983633,66012,BAHO,66
20560.0,3321.0,3511.4285714285716,2842.6860732957375,668.742498132834,66017,LE BARCARES,66
20130.0,2917.0,2559.645852749301,2128.6838037699476,430.9620489793533,66024,LE BOULOU,66
23510.0,4519.0,2521.3636363636365,2647.5567204100557,-126.19308404641924,66028,CABESTANY,66
22520.0,7541.0,3260.6194331983806,3276.635321271797,-16.015888073416136,66037,CANET EN ROUSSILLON,66
23760.0,3001.0,2602.0408163265306,2709.398087470902,-107.35727114437123,66038,CANOHES,66
23260.0,1367.0,3342.772277227723,2821.202934931057,521.569342296666,66094,LATOUR BAS ELNE,66
21440.0,766.0,2329.5454545454545,1994.0656567023802,335.47979784307427,66129,ORTAFFA,66
21470.0,539.0,2911.764705882353,1407.3319679096621,1504.432737972691,66130,OSSEJA,66
20120.0,823.0,2428.5714285714284,2246.71521447015,181.8562141012785,66138,PEYRESTORTES,66
20970.0,1702.0,2233.7662337662337,1925.420707797488,308.34552596874573,66140,PEZILLA DE LA RIVIERE,66
19900.0,2032.0,2155.15873015873,1940.0777663609274,215.08096379780272,66148,PORT-VENDRES,66
20410.0,606.0,1848.8247863247861,1751.2771837617704,97.54760256301574,66161,RIA-SIRACH,66
22170.0,5354.0,2452.6959825025897,2374.988677928831,77.70730457375885,66172,ST ESTEVE,66
21220.0,1260.0,2218.0232558139533,1968.6436486452421,249.37960716871112,66174,ST FELIU D AVALL,66
22630.0,1461.0,3082.3211875843454,2660.6597006207317,421.6614869636137,66175,ST GENIS DES FONTAINES,66
22330.0,1014.0,2784.4806763285023,2454.413908148352,330.0667681801501,66178,ST JEAN-PLA DE CORTS,66
19990.0,458.0,1593.5294117647059,1519.6504650189975,73.87894674570839,66179,ST LAURENT DE CERDANS,66
24500.0,2000.0,2580.9523809523807,2596.6369225801245,-15.684541627743783,66227,VILLENEUVE-DE-LA-RAHO,66
21120.0,2196.0,1568.75,1558.8183800022837,9.931619997716325,69006,AMPLEPUIS,69
23450.0,2808.0,3460.0,2951.9478426304245,508.0521573695755,69010,L ARBRESLE,69
22210.0,5875.0,2733.894984326019,2680.6658249602942,53.22915936572463,69019,BELLEVILLE-EN-BEAUJOLAIS,69
24500.0,965.0,2207.305494100295,2359.4044885826074,-152.09899448231226,69021,BESSENAY,69
26720.0,5284.0,4688.568352059925,4230.1213857758585,458.44696628406655,69027,BRIGNAIS,69
27450.0,838.0,2354.26267281106,2380.951562754871,-26.688889943810864,69032,BULLY,69
28030.0,923.0,2035.6583072100314,2374.276931032018,-338.61862382198683,69050,CHATILLON,69
24480.0,175.0,1808.7609649122808,1689.0661095648443,119.69485534743649,69054,CHENELETTE,69
26910.0,720.0,3761.764705882353,2677.7594272440847,1084.0052786382685,69080,ECHALAS,69
29780.0,977.0,3121.497975708502,2284.056785980522,837.4411897279801,69086,FLEURIEUX-SUR-L ARBRESLE,69
22560.0,563.0,2466.420843115239,1666.6130771707278,799.8077659445114,69099,HAUTE-RIVOIRE,69
33180.0,1229.0,4175.883174057769,3610.922376939999,564.9607971177697,69117,LISSIEU,69
27760.0,1268.0,4212.5,3712.086600556153,500.4133994438471,69136,MONTAGNY,69
23150.0,3626.0,3875.5,3295.5575829529225,579.9424170470775,69143,NEUVILLE SUR SAONE,69
42270.0,2765.0,3707.8651685393256,3953.987124318066,-246.12195577874036,69194,SAINT-DIDIER-AU-MONT-D OR,69
24060.0,838.0,1813.959212376934,2302.407866048808,-488.4486536718741,69220,ST LAURENT-DE-CHAMOUSSET,69
28720.0,1024.0,3093.2727272727275,2981.738673929469,111.53405334325862,69241,TALUYERS,69
19730.0,4651.0,2850.7954545454545,2418.458178025649,432.3372765198055,69243,TARARE,69
29010.0,9944.0,4216.216216216216,3908.9160073878265,307.30020882838926,69244,TASSIN-LA-DEMI-LUNE,69
17140.0,25157.0,3129.6129612961295,2717.6998062742887,411.9131550218408,69259,VENISSIEUX,69
26920.0,2192.0,3538.235294117647,3369.647623667684,168.58767044996284,69278,GENAY,69
28030.0,2284.0,3290.0641025641025,3746.0303743199684,-455.9662717558658,69279,JONAGE,69
29440.0,753.0,3561.253561253561,3447.8570305104577,113.39653074310354,69281,MARENNES,69
27420.0,1488.0,3711.7254733218588,3709.079300048773,2.6461732730858785,69285,PUSIGNAN,69
19980.0,11930.0,3645.5,1937.3275721493471,1708.1724278506529,69286,RILLIEUX-LA-PAPE,69
28430.0,1833.0,4000.0,3291.9355783512374,708.0644216487626,69289,SAINT-PIERRE-DE-CHANDIEU,69
21030.0,772.0,983.695652173913,1310.115402114073,-326.41974994016005,70122,CHAMPLITTE,70
22720.0,532.0,1159.375,1443.7894116902037,-284.4144116902037,70198,DAMPIERRE-SUR-SALON,70
24240.0,433.0,1730.6962025316457,2597.267874229788,-866.5716716981424,70280,GRAY-LA-VILLE,70
20650.0,4783.0,1750.0,1802.0514157573944,-52.05141575739435,70285,HERICOURT,70
24500.0,207.0,1592.9354876754333,1726.3398989265092,-133.404411251076,70306,LOMONT,70
19500.0,3674.0,1563.329081632653,1615.419727526469,-52.09064589381592,70310,LURE,70
18770.0,3224.0,1227.802197802198,1416.4341164391362,-188.63191863693828,70311,LUXEUIL-LES-BAINS,70
24030.0,604.0,1541.304347826087,1761.2325865027149,-219.92823867662787,70321,MAGNY-VERNOIS,70
21900.0,617.0,1720.2646561009387,1868.7574234948727,-148.49276739393395,70464,SAINT-GERMAIN,70
19150.0,7807.0,1498.8157894736842,1786.1657396987314,-287.3499502250472,70550,VESOUL,70
21480.0,2773.0,1442.0410009044317,1467.7769646420193,-25.735963737587554,71040,BLANZY,71
21690.0,1134.0,1760.3622897425603,1874.4999175256785,-114.1376277831182,71056,BRANGES,71
22790.0,142.0,1304.8218673218673,1454.700679285506,-149.87881196363878,71062,BRION,71
23600.0,1576.0,2623.6559139784945,2490.0594657732127,133.59644820528183,71090,CHAPELLE-DE-GUINCHAY (LA),71
21460.0,1341.0,1617.5339656498336,1633.966775186154,-16.43280953632052,71106,CHAROLLES,71
22130.0,2661.0,2052.5,2258.6988758162984,-206.19887581629837,71118,CHATENOY-LE-ROYAL,71
23470.0,1405.0,1964.2857142857142,2229.1276389858367,-264.8419247001225,71150,CRECHES-SUR-SAONE,71
20180.0,9620.0,1334.7222222222222,1662.3548566408758,-327.63263441865365,71153,LE CREUSOT,71
22620.0,813.0,881.781914893617,1285.0414379204053,-403.2595230267883,71157,CUISEAUX,71
23940.0,729.0,2278.5122950819673,2174.1341026149657,104.37819246700155,71170,DEMIGNY,71
21320.0,418.0,1457.142857142857,1754.6516666037676,-297.50880946091047,71178,DOMPIERRE-LES-ORMES,71
19890.0,1048.0,1176.4705882352941,1325.5561797622274,-149.08559152693329,71190,EPINAC,71
21440.0,810.0,1400.0,1351.1855686178426,48.81443138215741,71192,ETANG-SUR-ARROUX,71
21900.0,306.0,1743.119266055046,1758.6892140802129,-15.569948025166923,71205,FRANGY-EN-BRESSE,71
27390.0,797.0,2688.3720930232557,2609.4051164511866,78.96697657206914,71235,HURIGNY,71
19320.0,15469.0,2328.7699973773933,2222.14718364016,106.62281373723317,71270,MACON,71
20640.0,909.0,1149.4252873563219,1304.8177026776941,-155.39241532137225,71275,MARCIGNY,71
21160.0,2323.0,1378.0566280566281,1500.7105415288386,-122.65391347221043,71310,MONTCHANIN,71
25280.0,809.0,2300.0,2364.3629160575015,-64.36291605750148,71360,PRISSE,71
26700.0,699.0,2010.3260869565217,2124.532091214986,-114.20600425846419,71378,RULLY,71
26500.0,421.0,1840.6153846153848,1895.2263191474867,-54.610934532101965,71404,SAINT-DESERT,71
22620.0,346.0,1588.8460527468676,1542.4653322352556,46.380720511612026,71410,SAINT-ETIENNE-EN-BRESSE,71
25740.0,634.0,3023.040050457269,2623.4055730678174,399.6344773894516,71443,SAINT-LOUP-GEANGES,71
23920.0,807.0,1612.6170577395578,1796.1887089547804,-183.57165121522257,71456,SAINT-MARTIN-EN-BRESSE,71
24440.0,670.0,1565.2173913043478,1923.32716734358,-358.1097760392322,71502,SASSENAY,71
22700.0,516.0,1722.0,1785.170651740039,-63.17065174003892,71506,SAVIGNY-EN-REVERMONT,71
22870.0,363.0,1256.4102564102564,1372.0576371517914,-115.64738074153502,71550,UCHIZY,71
19620.0,496.0,1506.1728395061727,1416.3105156131435,89.86232389302927,71566,VERDUN CIEL,71
25250.0,642.0,1971.8309859154929,1999.4968147528389,-27.665828837345998,72001,AIGNE,72
18570.0,4468.0,1493.421052631579,1536.5213374674743,-43.10028483589531,72003,ALLONNES,72
22990.0,2393.0,1584.1584158415842,2228.05444427063,-643.8960284290458,72008,ARNAGE,72
21090.0,1012.0,1214.2857142857142,1758.3455365559173,-544.0598222702031,72013,AUBIGNE RACAN,72
21570.0,473.0,1338.7096774193549,2127.7470238319747,-789.0373464126199,72022,LE BAILLEUL,72
21840.0,957.0,1570.0934579439252,1618.4093723545614,-48.315914410636196,72023,BALLON-SAINT MARS,72
22040.0,846.0,1460.8695652173913,1641.9808172466585,-181.11125202926723,72025,BAZOUGES CRE SUR LOIR,72
23130.0,1376.0,1100.0,1597.4907291813888,-497.4907291813888,72051,CERANS FOULLETOURTE,72
25280.0,2721.0,2170.1368806631963,2341.8047073406233,-171.667826677427,72058,CHANGE,72
21420.0,858.0,1304.3478260869565,1376.8547475395817,-72.50692145262519,72089,CONLIE,72
21880.0,432.0,1257.127192982456,1446.2231129365098,-189.09591995405367,72115,DISSAY SOUS COURCILLON,72
24730.0,802.0,1923.7288135593221,2300.8240569431027,-377.0952433837806,72127,ETIVAL LES LE MANS,72
20330.0,189.0,1271.6370558375634,1533.2995372214107,-261.6624813838473,72144,GREEZ SUR ROC,72
23220.0,798.0,1900.7947409733124,2287.2538323876074,-386.459091414295,72165,LOMBRON,72
21650.0,718.0,1685.3932584269662,1715.824577816002,-30.431319389035707,72175,LUCHE PRINGE,72
20820.0,884.0,1296.324978879189,1448.8980974506205,-152.57311857143145,72179,MALICORNE SUR SARTHE,72
19510.0,2465.0,1000.0,1454.9386466270962,-454.9386466270962,72180,MAMERS,72
21750.0,641.0,1547.8218269520653,1607.719771296311,-59.897944344245616,72182,MANSIGNE,72
22300.0,371.0,1909.090909090909,1872.7738779515744,36.31703113933463,72186,MARESCHE,72
22650.0,734.0,911.5384615384615,1718.7023780646216,-807.16391652616,72195,MEZERAY,72
23240.0,717.0,2300.929682217715,2212.5901792718814,88.33950294583337,72205,MONTBIZOT,72
26320.0,1023.0,2052.6315789473683,2515.760089163795,-463.12851021642655,72217,NEUVILLE SUR SARTHE,72
21750.0,381.0,1382.6030927835052,1319.220793222689,63.382299560816136,72220,NOGENT LE BERNARD,72
22580.0,826.0,1210.3174603174602,1885.691548498803,-675.3740881813428,72228,PARCE SUR SARTHE,72
22450.0,256.0,1518.3792815371762,1449.0644587878137,69.31482274936252,72245,PREVAL,72
20620.0,1431.0,1060.6060606060605,1404.4367314656292,-343.8306708595687,72269,SAINT CALAIS,72
21240.0,324.0,1145.4545454545455,1646.5029058734663,-501.04836041892077,72303,SAINT MICHEL DE CHAVAIGNES,72
23060.0,502.0,1046.5116279069769,1363.4992846169157,-316.98765670993885,72306,SAINT OUEN EN BELIN,72
20110.0,991.0,1042.857142857143,1090.207042182595,-47.34989932545204,72334,SILLE LE GUILLAUME,72
20730.0,405.0,912.2069317023445,1166.8795807684073,-254.67264906606283,72337,SOUGE LE GANELON,72
22800.0,2123.0,1836.734693877551,1870.6824975313282,-33.9478036537771,72346,LA SUZE SUR SARTHE,72
26080.0,624.0,2419.0476190476193,2471.552347059123,-52.50472801150363,72360,TRANGE,72
21700.0,768.0,1643.0097680097679,1679.1633146321428,-36.15354662237496,72363,TUFFE VAL DE LA CHERONNE,72
20950.0,684.0,1123.5955056179776,1464.9638231903023,-341.3683175723247,72364,VAAS,72
22050.0,367.0,893.6170212765958,1111.5394958567622,-217.9224745801664,72382,VAL-DE-LA-HUNE,72
24280.0,1800.0,2000.0,2231.2170022683786,-231.21700226837856,73003,GRAND-AIGUEBLANCHE,73
24020.0,548.0,2611.1111111111113,2488.2267418019746,122.88436930913667,73007,AITON,73
20680.0,9083.0,2735.6241234221598,2160.128298410982,575.4958250111777,73011,ALBERTVILLE,73
25550.0,239.0,2104.511426319937,2133.855534894719,-29.344108574781785,73022,ATTIGNAT-ONCIN,73
25220.0,2386.0,3610.821759259259,2505.94301274966,1104.8787465095993,73031,BASSENS,73
26020.0,1101.0,3170.9934395501405,3041.7429301495695,129.250509400571,73043,LA BIOLLE,73
26880.0,2552.0,3271.911045943304,3305.385640817618,-33.47459487431388,73064,CHALLES-LES-EAUX,73
23260.0,831.0,2069.4444444444443,2065.702983495986,3.7414609484585526,73121,FRONTENEX,73
25040.0,528.0,2001.4363143631435,2081.4797550840954,-80.04344072095182,73129,GRESY SUR ISERE,73
25150.0,472.0,1970.5241307732226,1563.3398661042675,407.18426466895517,73135,LA TOUR-EN-MAURIENNE,73
23700.0,1751.0,3564.102564102564,2264.4239863314406,1299.6785777711234,73150,LA PLAGNE TARENTAISE,73
27110.0,444.0,3929.7281553398057,3676.7713504480494,252.9568048917563,73164,LE MONTCEL,73
19280.0,1559.0,2212.8652597402597,2017.703997039264,195.16126270099562,73181,MOUTIERS,73
28930.0,961.0,4211.95,3150.3085415442683,1061.6414584557315,73182,MOUXY,73
24520.0,4287.0,3575.0,3513.6341623036947,61.365837696305334,73213,LA RAVOIRE,73
25180.0,191.0,2440.548780487805,2259.7147947177377,180.8339857700671,73223,SAINT-ANDRE,73
21840.0,3562.0,2315.068493150685,2139.0335827122094,176.03491043847544,73248,ST JEAN DE MAURIENNE,73
24340.0,727.0,2116.266628108733,2282.78696929871,-166.520341189977,73250,SAINT JULIEN MONTDENIS,73
22700.0,1104.0,2063.6757801712233,1965.5557697801012,98.12001039112215,73261,SAINT-MICHEL-DE-MAURIENNE,73
31960.0,1119.0,3495.3589743589746,3418.3499212764227,77.00905308255187,74007,AMANCY,74
42490.0,603.0,3699.421500883818,3784.0047798049163,-84.5832789210981,74025,BALLAISON,74
31060.0,725.0,4692.241379310345,3978.733412119822,713.5079671905232,74037,BOEGE,74
33300.0,2371.0,2059.3081761006288,2709.014155103358,-649.7059790027292,74043,BONS-EN-CHABLAIS,74
30900.0,607.0,4415.454545454545,3916.715188813153,498.7393566413921,74075,CHILLY,74
21720.0,7113.0,3423.456790123457,2439.9543678503064,983.5024222731504,74081,CLUSES,74
34800.0,2129.0,3590.3019744483163,3917.6621963827465,-327.36022193443023,74096,CRUSEILLES,74
26980.0,2595.0,4181.818181818182,4015.2609759688044,166.55720584937762,74164,MARIGNIER,74
27780.0,781.0,2972.168188202247,3044.70690034675,-72.53871214450282,74189,MONT-SAXONNEX,74
25320.0,4836.0,4086.5384615384614,3587.866600593249,498.6718609452123,74208,PASSY,74
29330.0,3820.0,4874.094202898551,4298.26338015206,575.8308227464913,74213,POISY,74
31780.0,243.0,3417.948717948718,3312.975159483676,104.9735584650416,74226,SAINT-ANDRE-DE-BOEGE,74
27090.0,1320.0,3985.714285714286,3325.165659107297,660.5486266069888,74241,SAINT-JEOIRE,74
24950.0,7827.0,4462.5,3705.930304274565,756.5696957254349,74256,SALLANCHES,74
31650.0,2559.0,2695.0354609929077,3038.5193919451826,-343.48393095227493,74263,SCIEZ,74
24450.0,16709.0,4205.555555555556,4001.444578479908,204.1109770756475,74281,THONON LES BAINS,74
26300.0,1085.0,3752.6881720430106,3160.293893153182,592.3942788898285,74289,VALLIERES-SUR-FIER,74
28860.0,363.0,4043.103448275862,3491.376753738175,551.7266945376869,74308,VINZIER,74
22480.0,1450.0,2298.8505747126437,2192.2303511650466,106.6202235475971,76005,AMFREVILLE-LA-MIVOIE,76
24050.0,547.0,1646.1747151383615,2204.9633520171888,-558.7886368788272,76041,LES HAUTS-DE-CAUX,76
23890.0,256.0,2228.0,2103.300719678779,124.69928032122107,76117,BORDEAUX-SAINT-CLAIR,76
23440.0,1189.0,1580.5030534941247,1661.2437054259603,-80.7406519318356,76146,BUCHY,76
24020.0,999.0,3083.8888888888887,2823.7108515646355,260.1780373242532,76196,CRIQUETOT-L ESNEVAL,76
22810.0,1831.0,2041.867088607595,2203.8409127496834,-161.97382414208846,76222,DUCLAIR,76
25290.0,1108.0,2411.4583333333335,2423.796511579068,-12.338178245734525,76238,EPOUVILLE,76
23900.0,449.0,2599.9887203910266,2459.498872736351,140.4898476546755,76252,ETALONDES,76
24930.0,823.0,1693.2151300236405,2017.4534643489017,-324.2383343252611,76281,FRENAYE (LA),76
23180.0,1292.0,2358.7662337662337,2242.1903844486637,116.57584931756992,76302,GODERVILLE,76
24010.0,590.0,2533.7837837837837,2261.7852040654575,271.99857971832625,76307,GONNEVILLE-LA-MALLET,76
20510.0,12420.0,2612.6923076923076,2518.871382063209,93.82092562909884,76322,GRAND QUEVILLY (LE),76
23270.0,272.0,2154.6050475254015,1889.198523585401,265.4065239400004,76348,HAUTOT-SAINT-SULPICE,76
28850.0,570.0,2274.0384615384614,2514.604884325403,-240.56642278694153,76354,HENOUVILLE,76
27640.0,256.0,2333.3333333333335,2331.9824756159437,1.350857717389772,76361,HEUQUEVILLE,76
21270.0,1851.0,1649.4252873563219,1629.8251018275632,19.60018552875863,76366,LE HOULME,76
19530.0,3916.0,1610.3896103896104,1882.317514936549,-271.92790454693863,76384,LILLEBONNE,76
22010.0,501.0,2134.5238095238096,2044.012844243572,90.51096528023754,76390,LOGES (LES),76
24570.0,665.0,2000.0,2095.091040692366,-95.09104069236582,76414,MARTIN-EGLISE,76
26150.0,411.0,2084.1237113402062,2073.5308914059374,10.592819934268846,76434,MESNIL-RAOUL,76
26740.0,592.0,2270.6797706797706,2239.043372323049,31.636398356721656,76448,MONTMAIN,76
28790.0,7639.0,3006.3025210084033,3805.2206830521873,-798.9181620437839,76451,MONT-SAINT-AIGNAN,76
29440.0,2454.0,2976.231884057971,3214.337055586832,-238.10517152886086,76481,OCTEVILLE-SUR-MER,76
24370.0,249.0,1867.0212765957447,1903.574051678233,-36.552775082488324,76491,OUVILLE-L ABBAYE,76
21220.0,3690.0,2056.190476190476,2107.0606963527975,-50.8702201623214,76497,PETIT-COURONNE (LE),76
22210.0,355.0,2181.736478895843,2041.1324813777298,140.60399751811315,76507,PONTS-ET-MARAIS,76
21330.0,49611.0,2576.923076923077,2654.6598369347116,-77.73676001163449,76540,ROUEN,76
28540.0,585.0,2281.746031746032,2475.31952921082,-193.57349746478803,76541,ROUMARE,76
27720.0,1194.0,2481.4814814814813,2623.595046570633,-142.1135650891515,76591,SAINT-JACQUES-SUR-DARNETAL,76
27050.0,733.0,1856.6094144551907,2765.2847045692797,-908.675290114089,76595,SAINT-JOUIN-BRUNEVAL,76
36360.0,680.0,2565.4761904761904,3060.0935166807258,-494.6173262045354,76617,SAINT-MARTIN-DU-VIVIER,76
25000.0,981.0,2213.686046511628,2580.8444002776487,-367.1583537660208,76636,SAINT-PIERRE-DE-VARENGEVILL,76
26950.0,439.0,2141.666666666667,2301.7234321234046,-160.0567654567376,76657,SAINT-VIGOR-D YMONVILLE,76
19630.0,411.0,1333.3333333333333,1324.37720553576,8.956127797573345,76672,SERQUEUX,76
22650.0,247.0,2450.7778317938746,2346.469478517343,104.30835327653176,76690,THIL-MANNEVILLE,76
20610.0,2162.0,1691.2146676852558,1667.3694166046073,23.845251080648495,76709,LE TRAIT,76
26730.0,461.0,2394.970861213037,2468.8837993054667,-73.91293809242961,76728,LA VAUPALIERE,76
24280.0,283.0,2011.3636363636363,1993.1164652751374,18.247171088498817,76735,VEULES-LES-ROSES,76
23670.0,133.0,2327.849588719154,2294.3842725100426,33.46531620911128,76736,VEULETTES-SUR-MER,76
24790.0,727.0,1844.047619047619,2182.470006160521,-338.4223871129018,76743,VILLERS ECALLES,76
26780.0,361.0,2203.1632653061224,2125.8827136261034,77.28055168001902,77010,AUBEPIERRE-OZOUER-LE-REPOS,77
26990.0,2568.0,3965.322580645161,3825.861032374194,139.4615482709669,77018,BAILLY-ROMAINVILLIERS,77
26270.0,10695.0,4092.822636300897,3808.147300109646,284.67533619125106,77058,BUSSY-SAINT-GEORGES,77
23840.0,993.0,1874.6957030792646,1977.6852268446833,-102.98952376541865,77061,CANNES-ECLUSE,77
27030.0,4168.0,3188.6539606908873,3363.3342787867605,-174.6803180958732,77067,CESSON,77
27450.0,1420.0,4112.056620400969,3895.9399935524307,216.11662684853854,77085,CHANTELOUP EN BRIE,77
27230.0,2834.0,4241.558441558442,3934.9237943385447,306.63464721989703,77111,CHESSY,77
30190.0,1207.0,3448.2758620689656,3303.6199317918417,144.65593027712384,77132,COUPVRAY,77
26530.0,554.0,2278.8139646102345,2384.416571496485,-105.60260688625067,77135,COURPALAY,77
23830.0,664.0,2345.950704225352,2362.8635636724457,-16.912859447093524,77148,CROUY-SUR-OURCQ,77
22690.0,918.0,1444.4444444444443,1522.6915559000793,-78.24711145563492,77168,EGREVILLE,77
21220.0,4270.0,2153.639938043608,1986.3966403412533,167.24329770235454,77183,LA FERTE SOUS JOUARRE,77
27340.0,6990.0,4294.117647058823,4150.936780277686,143.1808667811374,77186,FONTAINEBLEAU,77
27850.0,1022.0,3034.246417013407,2855.4566770451033,178.78973996830382,77219,GUERARD,77
24290.0,4784.0,3123.5955056179773,3029.5038714714897,94.09163414648765,77251,LIEUSAINT,77
29460.0,518.0,3011.5847588017014,3029.9245431740196,-18.339784372318263,77254,LIVERDY-EN-BRIE,77
27370.0,918.0,2866.698564593302,2867.085786740589,-0.38722214728704785,77255,LIVRY-SUR-SEINE,77
24690.0,424.0,2307.6923076923076,2192.2395800489326,115.45272764337506,77280,MARY-SUR-MARNE,77
29350.0,526.0,3207.5471698113206,2990.0214027770307,217.52576703428986,77295,MOISENAY,77
26710.0,5957.0,3882.3529411764707,3721.742920326374,160.6100208500966,77307,MONTEVRAIN,77
19330.0,5413.0,1937.911014650027,1851.9732373911027,85.93777725892437,77333,NEMOURS,77
27080.0,428.0,2365.0,2424.3247801517996,-59.32478015179959,77358,PENCHARD,77
27180.0,624.0,3580.246913580247,3228.6493267585824,351.59758682166466,77363,LE PIN,77
28610.0,280.0,2509.35138620245,2349.4016124994673,159.94977370298284,77369,POINCY,77
25660.0,1184.0,2250.0,2382.0089834254036,-132.00898342540358,77371,POMMEUSE,77
28540.0,834.0,2944.626721170396,2821.1617486955265,123.46497247486968,77377,PRESLES-EN-BRIE,77
27280.0,727.0,2510.061188811189,2537.8832749938488,-27.82208618265986,77400,SAINT-AUGUSTIN,77
26320.0,283.0,2554.7785547785547,2322.6705342958808,232.10802048267396,77401,SAINTE-AULDE,77
28340.0,1466.0,3108.3188553909044,3014.496493574492,93.82236181641247,77413,SAINT-GERMAIN-SUR-MORIN,77
24330.0,1388.0,2050.0,2390.8313348687157,-340.83133486871566,77419,SAINT-MAMMES,77
26790.0,2180.0,2954.4751640112463,3011.6761710004107,-57.2010069891644,77430,SAINT-PATHUS,77
28840.0,1026.0,3012.8205128205127,3068.4488241608947,-55.62831134038197,77442,SAMOREAU,77
24130.0,214.0,1987.5511542907125,1806.4986726533007,181.0524816374118,77448,SEPT-SORTS,77
22960.0,547.0,1364.448051948052,2193.447913727579,-828.999861779527,77459,SOURDUN,77
21830.0,8546.0,3412.5,2522.789886840846,889.7101131591539,77468,TORCY,77
25450.0,1916.0,2988.095238095238,2945.289128294191,42.806109801047114,77475,TRILPORT,77
26430.0,5487.0,3885.41241322989,3755.774568204404,129.6378450254856,77479,VAIRES SUR MARNE,77
25970.0,831.0,3126.1290322580644,2997.728058815098,128.40097344296646,77483,VARREDDES,77
25360.0,1171.0,2603.7735849056603,2776.37556724395,-172.60198233828987,77493,VERNEUIL-L ETANG,77
26150.0,309.0,2342.534722222222,2332.5687367281866,9.965985494035522,77501,VILLECERF,77
24730.0,2054.0,2792.2494943820225,2765.9263151862438,26.32317919577872,77513,VILLENOY,77
22730.0,753.0,2475.6490023600086,2401.0962932891703,74.55270907083832,77531,VOULX,77
23420.0,8933.0,3697.842105263158,3509.2104922606113,188.6316130025466,78005,ACHERES,78
23070.0,4775.0,3022.7844509599927,2908.704786358607,114.0796646013855,78029,AUBERGENVILLE,78
33110.0,226.0,3781.1753731343283,3645.9918200926472,135.18355304168108,78036,AUTOUILLET,78
26910.0,317.0,3000.0,2806.7522410686483,193.24775893135165,78068,BLARU,78
27520.0,6544.0,4573.75,4175.205207569735,398.54479243026526,78073,BOIS D ARCY,78
28450.0,871.0,2640.51638530288,2600.4131493630666,40.1032359398132,78090,BOUAFLE,78
37670.0,658.0,3700.1146788990827,3746.4786126928298,-46.36393379374704,78189,CRESPIERES,78
26630.0,1628.0,3080.4597701149423,2839.970902492772,240.48886762217035,78206,ECQUEVILLY,78
29600.0,2737.0,3166.509433962264,3341.4732212138456,-174.96378725158138,78220,ESSARTS-LE-ROI (LES),78
25620.0,1003.0,2449.497751124438,2523.121782118124,-73.62403099368612,78238,FLINS-SUR-SEINE,78
25020.0,1544.0,2269.822134387352,2266.2209267208027,3.6012076665492714,78314,ISSOU,78
26870.0,8487.0,3136.7555555555555,3310.532950804236,-173.77739524868048,78383,MAUREPAS,78
37290.0,521.0,4121.825396825397,3898.627439809891,223.19795701550584,78384,MEDAN,78
28830.0,835.0,3039.6410818097565,2928.0486703546035,111.59241145515307,78403,MEZY-SUR-SEINE,78
30360.0,13613.0,4471.369341102645,4479.6890223625805,-8.31968125993535,78423,MONTIGNY LE BRETONNEUX,78
28120.0,315.0,2756.384795111431,2434.8996057610343,321.48518935039647,78444,NEAUPHLETTE,78
37660.0,3181.0,4701.547349709114,4453.2449630863075,248.3023866228068,78455,NOISY LE ROI,78
37140.0,2595.0,4440.454545454545,4505.5255880131235,-65.07104255857848,78466,ORGEVAL,78
23910.0,17068.0,4153.333333333333,4084.1619424358255,69.17139089750754,78498,POISSY,78
29530.0,988.0,4037.5,3362.9655885632596,674.5344114367404,78513,QUEUE-LES-YVELINES (LA),78
29630.0,2513.0,2803.3189033189033,3346.625871436211,-543.3069681173079,78537,SAINT-ARNOULT-EN-YVELINES,78
27600.0,863.0,3039.9470472440944,2860.6841939360997,179.26285330799465,78591,SEPTEUIL,78
18320.0,11647.0,3000.5937699826436,2678.700917188309,321.89285279433443,78621,TRAPPES,78
32060.0,352.0,3151.6339869281046,3123.0021944972273,28.63179243087734,78623,TREMBLAY-SUR-MAULDRE (LE),78
31450.0,1309.0,3437.837837837838,3398.566145798087,39.27169203975109,78683,VILLIERS-SAINT-FREDERIC,78
19020.0,457.0,1038.9610389610389,1073.3843320532872,-34.42329309224829,79001,L ABSIE,79
20010.0,1181.0,1422.2222222222222,1463.608005159892,-41.385782937669774,79014,LORETZ-D ARGENTON,79
22510.0,1685.0,1150.0,1454.8482431989341,-304.84824319893414,79061,CELLES-SUR-BELLE,79
19700.0,854.0,1264.6486065431886,1294.9978234225136,-30.349216879325013,79063,VAL EN VIGNES,79
26010.0,3128.0,2226.890756302521,2582.3637025295243,-355.4729462270034,79081,CHAURAY,79
21580.0,710.0,1384.6153846153845,1615.5910393445613,-230.97565472917677,79088,CHICHE,79
21780.0,399.0,1250.0,1364.4850923117438,-114.48509231174376,79091,CIRIERES,79
20140.0,410.0,1091.6083916083917,1209.6264428509414,-118.01805124254975,79136,ALLOINAY,79
20650.0,731.0,1125.0,1291.6959696188846,-166.69596961888465,79184,LA MOTHE SAINT HERAY,79
22810.0,723.0,1086.6862567811936,1226.8567266385123,-140.17046985731872,79189,NANTEUIL,79
23120.0,29280.0,1909.5238095238096,2523.1634666892046,-613.639657165395,79191,NIORT,79
21910.0,1036.0,1131.422893481717,2004.5940145955622,-873.1711211138452,79196,PLAINE-ET-VALLEES,79
21390.0,740.0,937.5,1120.5563076161154,-183.05630761611542,79201,PAMPROUX,79
20240.0,5020.0,1407.9583938074504,1795.0751567754091,-387.1167629679587,79202,PARTHENAY,79
22190.0,467.0,1809.7772762951336,3958.617527899052,-2148.8402516039187,79210,LE PIN,79
21270.0,454.0,1068.6041666666665,1341.3808390283575,-272.776672361691,79242,VOULMENTIN,79
23450.0,448.0,1278.9824854045037,1504.530737831656,-225.54825242715242,79276,ST MARTIN DE ST MAIXENT,79
20370.0,208.0,1226.8334578043316,1370.7600410197972,-143.9265832154656,79286,SAINT-PAUL-EN-GATINE,79
20280.0,6916.0,1237.596450617284,1528.8047063112137,-291.2082556939297,79329,THOUARS,79
19000.0,10876.0,1631.578947368421,1818.8276898005256,-187.24874243210456,80001,ABBEVILLE,80
21990.0,1313.0,1850.6784011734508,1871.430589113957,-20.752187940506246,80011,AILLY-SUR-SOMME,80
19650.0,55134.0,2234.0425531914893,2575.847603365588,-341.8050501740986,80021,AMIENS,80
24660.0,1441.0,2235.357142857143,3096.3857116224403,-861.0285687652972,80131,BOVES,80
20290.0,502.0,1547.8831375960563,1523.131506752466,24.751630843590192,80190,CHEPY,80
22340.0,680.0,1656.2962962962963,1794.42771966172,-138.13142336542364,80211,CONTY,80
21720.0,2596.0,1792.888888888889,1713.2106106964802,79.6782781924087,80212,CORBIE,80
23770.0,799.0,2013.3064516129032,2267.6840427072284,-254.37759109432523,80316,FLESSELLES,80
20370.0,967.0,1531.1850311850312,1526.5677797479887,4.617251437042569,80360,FRESSENNEVILLE,80
17450.0,2009.0,931.8181818181818,1066.6134692474789,-134.7952874292971,80410,HAM,80
23410.0,314.0,1529.3333333333335,1800.6658263903612,-271.3324930570277,80416,HANGEST-SUR-SOMME,80
21450.0,2402.0,1905.8823529411766,1931.4092728803237,-25.526919939147092,80489,LONGUEAU,80
19090.0,1016.0,900.0,1045.1976959749286,-145.1976959749286,80585,NESLE,80
18800.0,3545.0,1630.4347826086957,1675.6957058946523,-45.26092328595655,80620,PERONNE,80
20910.0,1021.0,1391.304347826087,1427.8293496193119,-36.525001793224874,80630,POIX-DE-PICARDIE,80
21910.0,646.0,2977.8205128205127,2530.1266748721105,447.69383794840223,80649,QUEND,80
18970.0,2646.0,1383.6046511627906,1527.4213531659768,-143.81670200318626,80685,ROYE,80
22550.0,567.0,2216.0,1949.0726995025789,266.92730049742113,80714,SAINT-QUENTIN-LAMOTTE-CROIX-,80
19810.0,580.0,1030.9278350515465,1234.2869427169544,-203.35910766540792,80827,WOINCOURT,80
21090.0,1133.0,1616.8141592920354,1987.2267983489173,-370.41263905688197,81002,AIGUEFONDE,81
21650.0,23612.0,2091.8367346938776,2243.2375043839934,-151.4007696901158,81004,ALBI,81
20980.0,633.0,1064.2857142857142,1316.4023089408847,-252.1165946551705,81037,BRASSAC,81
23900.0,967.0,2501.639344262295,1906.4723322512116,595.1670120110832,81038,BRENS,81
22910.0,915.0,1085.7142857142858,1405.0404866880915,-319.3262009738057,81042,BURLATS,81
24090.0,286.0,2187.405974640017,2003.6973220169027,183.7086526231144,81059,CARLUS,81
19120.0,501.0,697.6744186046511,909.4923738222619,-211.8179552176108,81062,FONTRIEU,81
20940.0,19395.0,1452.2267206477732,2176.632542780311,-724.4058221325377,81065,CASTRES,81
18800.0,5713.0,1406.881118881119,1548.4317573758506,-141.55063849473163,81105,GRAULHET,81
17620.0,687.0,948.6428571428571,1169.2341412917224,-220.59128414886527,81115,LABASTIDE-ROUAIROUX,81
22770.0,1999.0,2025.0316086364521,2125.6147044170402,-100.58309578058811,81144,LESCURE-D ALBIGEOIS,81
24090.0,1499.0,1872.6635514018692,2138.7864835741198,-266.12293217225056,81156,MARSSAC-SUR-TARN,81
23190.0,2563.0,1617.9962025316456,1865.4492033338863,-247.4530008022407,81220,RABASTENS,81
21490.0,701.0,1231.8840579710145,1749.8422715810202,-517.9582136100057,81233,TERRE-DE-BANCALIE,81
22270.0,887.0,2000.0,1912.3919540111733,87.60804598882669,81281,SEMALENS,81
21660.0,432.0,1460.6875,1520.3711363520263,-59.68363635202627,82008,AUVILLAR,82
23660.0,733.0,2010.923220973783,2277.440244027481,-266.51702305369827,82044,CORBARIEU,82
22400.0,437.0,1753.7844311377246,1732.200293105431,21.584138032293595,82049,DONZAC,82
19890.0,667.0,1850.0,1665.683129186137,184.31687081386303,82094,LAUZERTE,82
20900.0,1269.0,2280.0,2054.5522397791974,225.4477602208026,82096,LA VILLE DIEU DU TEMPLE,82
24530.0,518.0,1653.8461538461538,1971.9053814892532,-318.05922764309935,82098,LEOJAC,82
19440.0,514.0,1734.6805147888913,1695.1867726925086,39.493742096382675,82101,MALAUSE,82
19200.0,5704.0,1447.6190476190477,1558.9879567182884,-111.36890909924068,82112,MOISSAC,82
22260.0,113.0,1472.5886524822695,1480.7978535818793,-8.2092010996098,82166,SAINT-MICHEL,82
21410.0,1013.0,1250.0455373406194,1293.09107388643,-43.04553654581059,82169,ST NICOLAS DE LA GRAVE,82
22480.0,2174.0,1935.483870967742,2003.9570434530415,-68.47317248529953,82190,VERDUN-SUR-GARONNE,82
19510.0,633.0,3193.548387096774,1360.2808684082402,1833.267518688534,83011,BARGEMON,83
21560.0,855.0,2446.306818181818,2236.9809321580924,209.32588602372562,83026,CABASSE,83
22700.0,860.0,3177.178641067947,2620.7552803217636,556.4233607461833,83028,CALLAS,83
22860.0,1863.0,3330.0,3012.7188357317104,317.28116426828956,83031,LE CANNET DES MAURES,83
21290.0,1633.0,2696.8572675687474,2446.886080866663,249.9711867020842,83032,CARCES,83
24620.0,2771.0,4524.390243902439,3950.0531319433294,574.3371119591093,83035,LE CASTELLET,83
20520.0,326.0,2475.0,1501.7562834762646,973.2437165237354,83041,CLAVIERS,83
21650.0,822.0,2689.655172413793,2264.560342976773,425.09482943702005,83043,COLLOBRIERES,83
25000.0,3890.0,3842.1052631578946,3482.0678041056967,360.03745905219785,83054,LA FARLEDE,83
23630.0,1116.0,2756.046979865772,2192.2533234782845,563.7936563874873,83056,FIGANIERES,83
25010.0,2476.0,3754.5454545454545,3152.53827637886,602.0071781665947,83064,GAREOULT,83
21490.0,1921.0,1860.2141102141104,1910.377028357248,-50.16291814313763,83067,GONFARON,83
24650.0,2242.0,4583.333333333333,4210.418353826769,372.9149795065641,83068,GRIMAUD,83
22970.0,391.0,2948.974358974359,2662.098586138816,286.8757728355431,83076,MAZAUGUES,83
24130.0,943.0,3606.818181818182,3063.0924742935645,543.7257075246175,83077,MEOUNES-LES-MONTRIEUX,83
23620.0,1413.0,3157.8947368421054,2731.5064184498806,426.38831839222485,83085,LA MOTTE,83
25930.0,1957.0,3118.1968114348547,2975.625337725486,142.57147370936855,83087,NANS-LES-PINS,83
25060.0,6244.0,4047.1014492753625,3729.8569867172796,317.2444625580829,83090,OLLIOULES,83
21900.0,1897.0,2860.6022486044503,2435.5487804874165,425.05346811703384,83092,PIGNANS,83
22840.0,1791.0,3055.5555555555557,3019.4297655557107,36.12578999984498,83100,PUGET-VILLE,83
22940.0,1921.0,2975.0,2567.264173893531,407.7358261064692,83104,RIANS,83
24780.0,2060.0,3335.438596491228,3003.4190620994113,332.0195343918167,83106,ROCBARON,83
24940.0,7446.0,4180.205278592375,3924.684608651747,255.52066994062807,83107,ROQUEBRUNE-SUR-ARGENS,83
26690.0,6566.0,4687.5,4315.731904552369,371.7680954476309,83112,SAINT-CYR-SUR-MER,83
20890.0,2120.0,3303.8732653061224,2047.2356236334015,1256.637641672721,83121,SALERNES,83
20960.0,79462.0,4074.074074074074,3560.971786955818,513.1022871182558,83137,TOULON,83
23070.0,1286.0,3946.3636363636365,2881.26329130876,1065.1003450548765,83138,TOURRETTES,83
22240.0,2272.0,3516.200569129624,3060.3874654297715,455.8131036998525,83140,TOURVES,83
23810.0,11059.0,3761.4518633540374,3651.778799507168,109.67306384686935,83144,LA VALETTE DU VAR,83
19780.0,560.0,1419.2307692307693,1349.3892078053543,69.84156142541497,83145,VARAGES,83
21320.0,5236.0,3467.1717171717173,3002.6327620822385,464.5389550894788,83148,VIDAUBAN,83
24320.0,1908.0,2766.40522875817,2651.321771304422,115.083457453748,83150,VINON-SUR-VERDON,83
21470.0,366.0,2425.291553442029,2053.7416226672203,371.5499307748087,83154,SAINT-ANTONIN-DU-VAR,83
24490.0,1209.0,3183.2678711704634,2988.091213401394,195.1766577690696,84001,ALTHEN DES PALUDS,84
23540.0,483.0,2067.5824175824173,2007.4008991919131,60.18151839050415,84014,BEAUMONT-DE-PERTUIS,84
23430.0,1098.0,2972.972972972973,2560.4655013445054,412.50747162846756,84027,CADEROUSSE,84
23700.0,1914.0,2495.7026332691075,2366.042060477126,129.6605727919814,84029,CAMARET-SUR-AIGUES,84
23900.0,2360.0,2625.0,2787.7466991286465,-162.74669912864647,84034,CAUMONT-SUR-DURANCE,84
26620.0,1426.0,3481.0679611650485,3338.011463698649,143.05649746639938,84036,CHATEAUNEUF-DE-GADAGNE,84
22500.0,3795.0,2894.572806171649,2723.6021123017044,170.97069386994463,84043,ENTRAIGUES-SUR-LA-SORGUE,84
21870.0,1348.0,3071.4285714285716,1958.2148567513732,1113.2137146771984,84047,GARGAS,84
21940.0,2137.0,2763.2978723404253,2450.985562040437,312.31231029998844,84056,JONQUIERES,84
23680.0,2658.0,3360.0,3073.738491670981,286.26150832901885,84072,MAZAN,84
22090.0,1636.0,2878.8584527662197,2552.8753694938882,325.98308327233144,84078,MONDRAGON,84
21430.0,5460.0,2591.153846153846,2492.790478712095,98.36336744175105,84080,MONTEUX,84
20840.0,835.0,2428.5714285714284,2031.1850433997874,397.386385171641,84082,MORMOIRON,84
25520.0,553.0,3504.3336944745397,3084.455682741287,419.8780117332526,84084,LA MOTTE D AIGUES,84
24530.0,4520.0,3472.717391304348,3417.3746051191933,55.34278618515464,84088,PERNES LES FONTAINES,84
24540.0,604.0,3850.0,3048.2719002920016,801.7280997079984,84102,ROUSSILLON,84
23890.0,1260.0,2591.247191011236,2419.7811627972183,171.46602821401757,84127,SERIGNAN-DU-COMTAT,84
22330.0,829.0,1875.0,1905.6528563851723,-30.6528563851723,84150,VISAN,84
22490.0,424.0,1443.0611850994017,1458.7875645692557,-15.72637946985401,85005,ANTIGNY,85
21450.0,837.0,2345.779220779221,2034.928923768049,310.85029701117196,85006,APREMONT,85
23880.0,984.0,3295.689655172414,1834.2469568758584,1461.4426982965556,85011,BARBATRE,85
21960.0,1265.0,3134.3283582089553,1660.4851364371195,1473.8432217718357,85012,BARRE-DE-MONTS (LA),85
20900.0,503.0,1122.2222222222222,1559.6307505830573,-437.40852836083513,85014,BAZOGES-EN-PAREDS,85
23400.0,1697.0,1728.6938139741878,2043.8686737102973,-315.1748597361095,85020,BENET,85
24800.0,2927.0,3313.4086599241464,3205.2899709746725,108.11868894947384,85035,BRETIGNOLLES-SUR-MER,85
20590.0,481.0,1432.0583012409072,1691.7808920023076,-259.7225907614004,85040,LA CAILLERE-SAINT-HILAIRE,85
22600.0,10741.0,2448.266019694591,3107.043827916604,-658.7778082220134,85047,CHALLANS,85
22590.0,392.0,1639.367816091954,1730.4158475477107,-91.0480314557567,85073,CORPE,85
24310.0,1828.0,2230.0,2884.641731936139,-654.641731936139,85081,DOMPIERRE-SUR-YON,85
22220.0,1234.0,2010.3092783505156,2053.0535596475033,-42.744281296987765,85082,EPESSES (LES),85
22670.0,3663.0,1695.7992057582528,1976.202340436636,-280.40313467838314,85084,ESSARTS EN BOCAGE,85
23810.0,831.0,2245.1159951159952,2167.1711649746453,77.94483014134994,85098,GENETOUZE (LA),85
25160.0,1870.0,3021.2215320910973,2860.747717853985,160.4738142371125,85114,JARD-SUR-MER,85
22640.0,688.0,2500.0,2388.2411377503577,111.75886224964233,85120,LANDEVIEILLE,85
23710.0,1494.0,3049.8199279711885,2628.893631861338,420.9262961098507,85127,LONGEVILLE-SUR-MER,85
21510.0,4802.0,1959.6681922196797,1928.1925802822316,31.475611937448093,85128,LUCON,85
22840.0,617.0,1749.3279569892472,1960.8607564560018,-211.53279946675457,85144,MESNARD-LA-BAROTIERE,85
21280.0,728.0,1213.7984745944784,1409.9503239046933,-196.15184931021486,85147,MONTOURNAIS,85
22240.0,350.0,1498.913043478261,1677.280737425767,-178.36769394750604,85148,MONTREUIL,85
20370.0,617.0,1170.7191780821918,1267.881330616021,-97.16215253382916,85177,VELLUIRE-SUR-VENDEE(LES),85
22320.0,2482.0,1789.4736842105262,2422.524057544289,-633.0503733337628,85182,POUZAUGES,85
21390.0,456.0,1191.9422941590428,1234.2462312757402,-42.3039371166974,85188,REORTHE (LA),85
24520.0,26107.0,3436.141304347826,3804.8128983437828,-368.67159399595675,85194,SABLES-D'OLONNE (LES),85
21750.0,1141.0,2109.090909090909,1659.5394863004854,449.55142279042366,85204,SAINT-CHRISTOPHE-DU-LIGNERON,85
22160.0,874.0,2346.590909090909,1592.6161759242898,753.9747331666192,85236,SAINT-JULIEN-DES-LANDES,85
22320.0,417.0,1963.8181818181818,1956.6839927204742,7.134189097707576,85242,SAINT-MARS-LA-REORTHE,85
23010.0,1512.0,3408.433466844682,3016.533660029972,391.8998068147098,85243,BREM-SUR-MER,85
22010.0,1206.0,2002.5189125295508,1882.7046995362207,119.8142129933301,85255,SAINT-MICHEL-EN-L HERM,85
21730.0,516.0,1705.2005012531326,1557.3646899760743,147.83581127705838,85256,SAINT-MICHEL-LE-CLOUCQ,85
22110.0,1404.0,1813.0182421227196,1697.508889529157,115.50935259356265,85262,SAINT-PHILBERT-DE-BOUAINE,85
22220.0,789.0,2722.222222222222,2283.4692606891604,438.7529615330618,85273,SAINT-URBAIN,85
21970.0,345.0,1123.0867346938776,1264.5246703376208,-141.43793564374323,85276,SAINT-VINCENT-STERLANGES,85
23260.0,2139.0,2936.25,2578.315955088959,357.9340449110409,85284,SOULLANS,85
21110.0,292.0,1631.7940786566505,1533.9571695187656,97.83690913788496,85292,RIVES-DU-FOUGERAIS,85
21990.0,816.0,3326.7944078947367,2870.2096134881517,456.58479440658493,85298,VAIRE,85
19980.0,641.0,1022.7272727272727,1275.6919053367812,-252.9646326095085,86015,AVAILLES LIMOUZINE,86
23350.0,1264.0,1537.6344086021506,1950.718771372711,-413.08436277056035,86019,BEAUMONT SAINT CYR,86
23340.0,808.0,1331.8077803203662,1568.2281269806224,-236.4203466602562,86046,CENON-SUR-VIENNE,86
23520.0,402.0,1653.1347962382445,1580.1177169967268,73.01707924151765,86065,CHATEAU-LARCHER,86
22230.0,3285.0,1500.0,2343.569209640418,-843.5692096404182,86070,CHAUVIGNY,86
25930.0,1148.0,1766.2337662337663,2339.6111673878677,-573.3774011541013,86076,CISSE,86
20090.0,1206.0,1320.5128205128206,1380.5295881213397,-60.0167676085191,86078,CIVRAY,86
21060.0,1903.0,1258.3570412517781,1381.9942893087805,-123.63724805700235,86082,VALENCE EN POITOU,86
24080.0,1224.0,1788.4615384615386,1963.5407866878786,-175.07924822634004,86113,ITEUIL,86
23340.0,3175.0,1782.051282051282,2142.438787946735,-360.38750589545293,86115,JAUNAY-MARIGNY,86
19730.0,956.0,1153.8461538461538,1518.5903255181672,-364.7441716720134,86160,MIREBEAU,86
20270.0,428.0,930.3900709219859,1245.549260946382,-315.15919002439614,86161,MONCONTOUR,86
26820.0,1511.0,2128.035520115984,2382.7739196353123,-254.73839951932814,86163,MONTAMISE,86
21410.0,2838.0,1076.9487008660892,1176.4734618515429,-99.52476098545367,86165,MONTMORILLON,86
22640.0,2636.0,1581.7368421052631,2229.090847390925,-647.3540052856617,86174,NAINTRE,86
24380.0,1024.0,2014.2602495543674,2095.6388102291953,-81.3785606748279,86178,NIEUIL-L'ESPOIR,86
21630.0,710.0,779.816513761468,1135.7714651887202,-355.95495142725224,86183,LES ORMES,86
25320.0,3301.0,2025.5421184320267,3088.9120856029595,-1063.3699671709328,86214,SAINT-BENOIT,86
19360.0,178.0,1200.5208333333335,1299.2248228582862,-98.7039895249527,86229,ST LEGER DE MONTBRILLAIS,86
19490.0,429.0,1463.111356728378,1462.9872077417722,0.12414898660586005,86246,SAINT-SAVIN-SUR-GARTEMPE,86
20620.0,598.0,882.3529411764706,1153.3499264051159,-270.99698522864526,86255,SAVIGNE,86
22510.0,318.0,1127.450980392157,1414.8695302651756,-287.4185498730187,86271,THURAGEAU,86
19580.0,413.0,1173.4657142857143,1258.661670155141,-85.19595586942683,86273,LA TRIMOUILLE,86
23780.0,429.0,1372.7938727938727,1844.3902500916247,-471.59637729775204,86285,VERRIERES,86
25280.0,2564.0,2221.7391304347825,2338.3993837386006,-116.66025330381808,86297,VOUNEUIL SOUS BIARD,86
23440.0,2605.0,1802.0989304812833,2175.4799756545667,-373.3810451732834,87001,AIXE-SUR-VIENNE,87
22970.0,2408.0,1521.978021978022,1800.564121336796,-278.58609935877394,87002,AMBAZAC,87
24560.0,683.0,1794.871794871795,1867.2538771957134,-72.38208232391844,87020,BONNAC-LA-COTE,87
24930.0,1107.0,1989.625,2113.1934325753514,-123.56843257535138,87021,BOSMIE-L'AIGUILLE,87
20470.0,779.0,950.2415458937198,1178.980732267072,-228.73918637335214,87032,CHALUS,87
20760.0,991.0,1187.614566284779,1784.7912269919689,-597.17666070719,87041,CHATEAUPONSAC,87
23350.0,810.0,1169.5906432748538,1719.4966561938418,-549.9060129189879,87047,COMPREIGNAC,87
24820.0,4179.0,1533.132530120482,2698.533937667983,-1165.401407547501,87050,COUZEIX,87
19230.0,533.0,1310.3607770582794,1412.0968479988837,-101.73607094060435,87082,LADIGNAC-LE-LONG,87
19590.0,212.0,1539.390977443609,1528.9134987913899,10.477478652219133,87104,NEDDE,87
23090.0,1097.0,1566.5285714285715,2313.1448291214524,-746.6162576928809,87106,NEXON,87
22430.0,1101.0,1518.4363263912596,2193.0203982878725,-674.5840718966128,87110,ORADOUR-SUR-GLANE,87
22160.0,223.0,875.9832366215345,1183.4112711277826,-307.4280345062481,87142,SAINT-DENIS-DES-MURS,87
24730.0,885.0,1701.538208168643,1773.3056670057817,-71.76745883713875,87143,SAINT-GENCE,87
21940.0,466.0,1044.3037974683543,1972.3345761975843,-928.03077872923,87146,SAINT-GERMAIN-LES-BELLES,87
22060.0,5438.0,1676.8822393822393,2324.8317119830945,-647.9494726008552,87154,SAINT JUNIEN,87
22700.0,799.0,1512.5,1779.5505024569718,-267.0505024569718,87191,SEREILHAC,87
19040.0,357.0,795.5555555555555,1038.8222463989523,-243.26669084339676,87199,VAYRES,87
25640.0,937.0,2333.3333333333335,2480.7761145087848,-147.44278117545127,87205,LE VIGEN,87
19550.0,766.0,1102.0408163265306,1238.7063383536138,-136.66552202708317,88029,LA VOGE-LES-BAINS,88
23400.0,685.0,945.9459459459459,1356.227454945295,-410.28150899934906,88079,BULGNEVILLE,88
22010.0,612.0,2940.4595443833464,2528.4258945289803,412.0336498543661,88081,BUSSANG,88
21040.0,1503.0,1189.2857142857142,1361.3872643762077,-172.10155009049345,88114,CONTREXEVILLE,88
22390.0,467.0,1545.7854406130268,1675.554641396888,-129.76920078386115,88151,DOMPAIRE,88
23530.0,498.0,1065.8602150537636,1467.6554249475491,-401.79520989378557,88247,IGNEY,88
19400.0,277.0,1276.9850895341372,1266.9597480467482,10.025341487388914,88262,LAVELINE-DEVANT-BRUYERES,88
21280.0,589.0,1149.712643678161,1544.3296425092499,-394.61699883108895,88361,PROVENCHERES-ET-COLROY,88
18770.0,9467.0,1666.6666666666667,2021.0158194829332,-354.3491528162665,88413,SAINT DIE DES VOSGES,88
22350.0,1067.0,2003.7383177570093,2060.629698534787,-56.89138077777784,88424,SAINTE-MARGUERITE,88
22420.0,1835.0,1797.2972972972973,1893.4447611371738,-96.14746383987654,88486,VAGNEY,88
20540.0,1162.0,1375.7717545482578,1451.9957115055256,-76.22395695726777,88530,XERTIGNY,88
23160.0,1318.0,1718.6533212010918,1894.3271400077128,-175.67381880662106,89003,MONTHOLON,89
20190.0,625.0,960.4072398190046,974.3869134244836,-13.979673605478979,89046,BLENEAU,89
21840.0,517.0,1314.3796992481202,1299.2051153333682,15.17458391475202,89085,CHARMOY,89
21520.0,594.0,1960.4035308953341,1996.2489636584571,-35.84543276312297,89130,DEUX RIVIERES,89
24050.0,736.0,1323.2293791897405,2042.2743272684907,-719.0449480787502,89198,GURGY,89
23790.0,470.0,1065.9347970725216,1579.1258673419832,-513.1910702694615,89337,ST BRIS LE VINEUX,89
17570.0,1955.0,1022.4165341812401,1109.365166747765,-86.9486325665249,89345,SAINT-FLORENTIN,89
23120.0,671.0,1661.0169491525423,1887.0417819926938,-226.02483284015148,89354,ST MARTIN DU TERTRE,89
18610.0,12353.0,1569.8979591836735,1728.388429050575,-158.49046986690155,89387,SENS,89
24680.0,495.0,1649.3975903614457,1890.4055851504258,-241.0079947889801,90001,ANDELNANS,90
22360.0,2101.0,1603.2608695652175,1893.005472027675,-289.7446024624576,90009,BEAUCOURT,90
21660.0,2530.0,1870.5008736167733,2708.9879599910664,-838.4870863742931,90033,DELLE,90
21980.0,5562.0,3173.3766233766232,2397.6269768617767,775.7496465148465,91021,ARPAJON,91
22380.0,14103.0,3757.1428571428573,3828.672139729985,-71.52928258712745,91027,ATHIS MONS,91
26390.0,4343.0,2801.327731092437,3424.6890305472793,-623.3612994548425,91086,BONDOUFLE,91
27530.0,1507.0,2916.6666666666665,3043.2575381544943,-126.59087148782783,91115,BRUYERES-LE-CHATEL,91
26830.0,1860.0,3268.769425019425,3021.4273798845493,247.34204513487566,91179,COUDRAY-MONTCEAUX (LE),91
27380.0,3008.0,2994.964292254166,3152.4151948420085,-157.4509025878424,91226,ETRECHY,91
26470.0,1537.0,2772.9044834307992,2588.3855672847694,184.51891614602982,91232,FERTE-ALAIS (LA),91
34730.0,8514.0,4043.478260869565,4064.2694479178217,-20.79118704825669,91272,GIF SUR YVETTE,91
31760.0,4361.0,4618.731752563411,4456.7834994335235,161.94825312988723,91312,IGNY,91
30320.0,805.0,3373.9454094292805,2897.30978828774,476.63562114154047,91318,JANVILLE-SUR-JUINE,91
23320.0,8469.0,3287.5,3196.4954521770915,91.00454782290853,91345,LONGJUMEAU,91
25500.0,9617.0,3399.2805755395684,3545.0475887702555,-145.7670132306871,91421,MONTGERON,91
26260.0,5351.0,4170.940170940172,4074.906341178611,96.03382976156081,91432,MORANGIS,91
28170.0,1793.0,2697.549019607843,2984.3039463317195,-286.75492672387645,91433,MORIGNY-CHAMPIGNY,91
30540.0,1778.0,3641.304347826087,3484.3493635373125,156.95498428877454,91458,NOZAY,91
22820.0,947.0,1687.5,1903.7774760619973,-216.27747606199728,91511,PUSSAY,91
24370.0,14489.0,3297.1014492753625,3402.1825218198774,-105.08107254451488,91549,SAINTE-GENEVIEVE-DES-BOIS,91
29890.0,3011.0,3096.7741935483873,3212.190891944943,-115.4166983965556,91553,SAINT-GERMAIN-LES-CORBEIL,91
26200.0,4443.0,3008.2644628099174,3122.0624578925217,-113.7979950826043,91573,SAINT-PIERRE-DU-PERRAY,91
30670.0,2986.0,2942.9192546583854,3160.1859593485688,-217.26670469018336,91600,SOISY-SUR-SEINE,91
27420.0,1559.0,3060.5072463768115,3087.2472703702806,-26.740023993469094,91617,TIGERY,91
31820.0,633.0,3053.559027777778,2849.638932996817,203.92009478096088,91630,VAL-SAINT-GERMAIN (LE),91
27390.0,3060.0,3633.587786259542,3417.237060978289,216.3507252812533,91665,VILLE-DU-BOIS (LA),91
21860.0,13423.0,3428.5714285714284,3506.318086118381,-77.74665754695252,91687,VIRY CHATILLON,91
29510.0,3015.0,3972.5459039548023,3931.966491385765,40.57941256903723,91689,WISSOUS,91
15330.0,29692.0,4011.25,3370.608472811727,640.6415271882729,93001,AUBERVILLIERS,93
19060.0,16390.0,4000.0,3425.229941446249,574.7700585537509,93006,BAGNOLET,93
15150.0,14248.0,3550.1207729468597,3129.1075223150797,421.01325063178,93027,LA COURNEUVE,93
18660.0,26320.0,3757.716049382716,3519.715069328685,238.00098005403106,93029,DRANCY,93
20870.0,9070.0,3278.31715210356,2616.8337901625296,661.4833619410306,93047,MONTFERMEIL,93
21150.0,45958.0,4489.505597014926,3760.5236080193267,728.9819889955993,93048,MONTREUIL,93
21000.0,13536.0,3516.4835164835163,3357.0827916767676,159.4007248067487,93050,NEUILLY-SUR-MARNE,93
28820.0,6532.0,4158.854166666666,4020.5280541989796,138.32611246768647,93062,LE RAINCY,93
21820.0,19032.0,3815.9879336349923,3653.212721934922,162.77521170007049,93064,ROSNY-SOUS-BOIS,93
16620.0,41208.0,3062.5,2907.7101253563583,154.78987464364172,93066,SAINT-DENIS,93
24000.0,2253.0,3872.549019607843,3114.2269983758106,758.3220212320325,94001,ABLON-SUR-SEINE,94
23560.0,8838.0,4408.493852459016,4143.624634589212,264.86921786980383,94003,ARCUEIL,94
21260.0,30681.0,4178.571428571428,4065.5466661923297,113.02476237909877,94017,CHAMPIGNY-SUR-MARNE,94
23910.0,7907.0,3834.567901234568,3483.614936916916,350.952964317652,94019,CHENNEVIERES SUR MARNE,94
21270.0,34979.0,4933.656174334141,4560.522499423329,373.13367491081226,94028,CRETEIL,94
25750.0,21819.0,4244.209903917221,4292.112619900395,-47.90271598317395,94033,FONTENAY-SOUS-BOIS,94
22550.0,9663.0,3686.7924528301887,3318.9703510356285,367.82210179456024,94044,LIMEIL-BREVANNES,94
25520.0,4238.0,3358.1128640776697,3342.8641143370505,15.248749740619132,94060,LA QUEUE-EN-BRIE,94
30540.0,1517.0,3110.902376162937,3221.8264225965354,-110.9240464335985,94070,SANTENY,94
28120.0,10195.0,3908.333333333333,3818.6862709776883,89.64706235564472,94071,SUCY-EN-BRIE,94
16960.0,11934.0,3012.5,2429.4545480455527,583.0454519544473,94078,VILLENEUVE-SAINT-GEORGES,94
24210.0,861.0,2901.7857142857147,2624.0831067099625,277.70260757575215,95058,BERNES-SUR-OISE,95
25810.0,6310.0,3681.818181818182,3456.311397331328,225.50678448685403,95199,DOMONT,95
26900.0,10522.0,3436.196319018405,3488.270446655839,-52.074127637433776,95203,EAUBONNE,95
25760.0,2725.0,3090.277777777778,3080.4357063657108,9.842071412067071,95205,ECOUEN,95
23310.0,3675.0,2636.3636363636365,2466.180060342455,170.18357602118158,95250,FOSSES,95
15750.0,12727.0,3263.157894736842,3076.939359228611,186.21853550823107,95268,GARGES-LES-GONESSE,95
27080.0,11779.0,3819.191919191919,3356.82722361995,462.36469557196915,95306,HERBLAY-SUR-SEINE,95
22430.0,4335.0,2577.319587628866,2260.8728274757505,316.4467601531155,95351,LOUVRES,95
28090.0,1940.0,3400.6915266106444,3115.1971627710127,285.49436383963166,95352,LUZARCHES,95
28980.0,700.0,3716.6666666666665,3355.151909681698,361.5147569849687,95353,MAFFLIERS,95
26220.0,3598.0,3304.3478260869565,3267.573699261394,36.77412682556269,95394,MERY-SUR-OISE,95
21400.0,5142.0,3321.280991735537,2904.610020894958,416.67097084057923,95427,MONTMAGNY,95
28640.0,623.0,2668.3168316831684,2657.807768622975,10.509063060193512,95436,MOURS,95
31280.0,748.0,2696.5045592705164,2886.6284643072077,-190.1239050366912,95446,NESLES-LA-VALLEE,95
25860.0,1370.0,3304.6875,2927.6228915673773,377.06460843262266,95509,PUISEUX-EN-FRANCE,95
25890.0,934.0,3144.4220779220777,2786.890258052398,357.53181986967957,95566,SAINT-MARTIN-DU-TERTRE,95
27920.0,2181.0,2933.3333333333335,2931.630807581966,1.702525751367375,95652,VIARMES,95
24360.0,851.0,2770.833333333333,2598.9792767136114,171.85405661972163,17373,SAINT-MEDARD-D AUNIS,17
26980.0,1038.0,2642.7068723702664,2709.2496755532106,-66.54280318294423,17420,SALLES-SUR-MER,17
23660.0,920.0,2389.5582329317267,2337.4854806749204,52.072752256806325,17429,SOUBISE,17
23200.0,497.0,1626.5060240963855,1632.425161672329,-5.919137575943523,17441,TESSON,17
24770.0,783.0,2658.346709470305,2555.0425200488417,103.30418942146343,17443,THAIRE,17
24290.0,841.0,3232.5581395348836,2944.0714711302276,288.48666840465603,17472,VILLEDOUX,17
24750.0,661.0,4514.492753623188,3823.8747496839705,690.6180039392175,17483,YVES,17
23180.0,964.0,2539.664502164502,2258.8831453687294,280.7813567957728,17484,PORT-DES-BARQUES,17
22850.0,372.0,1272.7272727272727,1493.4877582257523,-220.7604854984795,18035,BRECY,18
21000.0,117.0,805.1242236024844,1107.8696678131978,-302.74544421071334,18062,LE CHAUTAY,18
22720.0,441.0,1370.0281690140846,1481.6162428000723,-111.58807378598772,18075,COURS-LES-BARRES,18
20540.0,647.0,912.5,1152.2126301227013,-239.71263012270128,18103,GRACAY,18
20780.0,849.0,1321.141545022142,1473.8653413001368,-152.72379627799478,18109,HENRICHEMONT,18
24060.0,615.0,1521.7391304347825,1648.979079693702,-127.23994925891952,18126,LEVET,18
23200.0,696.0,1350.0,2350.290786151956,-1000.2907861519561,18145,MENETOU-SALON,18
25470.0,393.0,1288.9325943143215,1975.4065479295737,-686.4739536152522,18179,PIGNY,18
26800.0,824.0,1682.2601010101012,1967.1213970013748,-284.86129599127366,18180,PLAIMPIED-GIVAUDINS,18
23380.0,724.0,938.4982638888889,1403.4627509793231,-464.9644870904342,18233,SAINT-SATUR,18
22420.0,506.0,1538.4615384615386,1631.482538349607,-93.02099988806845,18246,SAVIGNY-EN-SANCERRE,18
22110.0,288.0,1422.0352564102564,1625.9532909725158,-203.91803456225944,18263,THENIOUX,18
21020.0,352.0,1060.7142857142858,1438.3921733145478,-377.677887600262,18269,VAILLY-SUR-SAULDRE,18
25220.0,309.0,1265.3139232270657,1471.6857811143154,-206.3718578872497,18280,VIGNOUX-SOUS-LES-AIX,18
23090.0,1791.0,1528.0,1760.0836414348428,-232.08364143484278,19005,ALLASSAC,19
21320.0,327.0,2162.5,1856.3464686884886,306.1535313115114,19015,AYEN,19
24080.0,306.0,1365.234375,1527.1810315418882,-161.94665654188816,19068,DAMPNIAT,19
22280.0,460.0,2432.4324324324325,2165.716438487109,266.7159939453236,19125,MARCILLAC-LA-CROISILLE,19
21020.0,1062.0,1205.439595192916,1485.6813018307053,-280.2417066377893,19136,MEYMAC,19
21320.0,4381.0,1391.2569389373514,2296.95798669819,-905.7010477608385,19275,USSEL,19
21590.0,1135.0,1099.009900990099,1338.2410613479383,-239.23116035783937,19276,UZERCHE,19
22280.0,551.0,1241.0576923076924,1471.2975565298627,-230.23986422217035,19285,VIGEOIS,19
23310.0,557.0,1314.717741935484,1695.3620213449447,-380.64427940946075,19288,VOUTEZAC,19
20840.0,662.0,1150.7199594389049,1427.1106943637494,-276.39073492484454,21023,ARNAY-LE DUC,21
22880.0,9577.0,2553.191489361702,2792.177176113373,-238.98568675167098,21054,BEAUNE,21
29080.0,296.0,2976.6317016317016,2808.4130563390104,168.21864529269124,21192,CORCELLES-LES-MONTS,21
33340.0,618.0,3042.39416407558,3223.0419418787055,-180.64777780312534,21223,DAIX,21
22970.0,294.0,1232.723185613359,1490.7084119622575,-257.98522634889855,21249,ESBARRES,21
28750.0,4332.0,3310.9977741960242,3691.8840914231314,-380.88631722710716,21278,FONTAINE-LES-DIJON,21
26840.0,287.0,2347.51523229246,2385.4151227141497,-37.89989042168963,21320,IZIER,21
27900.0,204.0,1905.1418439716313,1968.7561482810554,-63.61430430942414,21339,LANTENAY,21
23980.0,2354.0,2625.0,2563.082580926408,61.9174190735921,21390,MARSANNAY LA COTE,21
26400.0,730.0,2282.1020408163267,2298.0465196159594,-15.944478799632634,21606,LADOIX SERRIGNY,21
20470.0,1104.0,1470.388888888889,1373.4498581099715,96.93903077891741,21607,SEURRE,21
27330.0,731.0,2496.3636363636365,2562.766730448926,-66.40309408528947,21661,VELARS-SUR-OUCHE,21
22330.0,386.0,2449.6547756041427,2610.833426493889,-161.17865088974622,22012,LA BOUILLIE,22
21300.0,1031.0,1000.0,1413.6304777948226,-413.6304777948226,22013,BOURBRIAC,22
18680.0,309.0,1000.0,1176.470131459155,-176.47013145915503,22031,CARNOET,22
23290.0,7338.0,2587.0416666666665,2806.3588797773727,-219.31721311070623,22050,DINAN,22
22460.0,756.0,1865.9420289855075,1961.607841881878,-95.66581289637043,22056,EVRAN,22
23110.0,558.0,1664.835164835165,1667.980643860188,-3.1454790250229507,22059,LE FOEIL,22
21750.0,320.0,1084.776119402985,1267.8231755998288,-183.04705619684387,22064,GOUAREC,22
20910.0,299.0,898.2035928143713,1094.628186328298,-196.42459351392665,22074,LE HAUT-CORLAY,22
24090.0,1838.0,2224.897435897436,2216.327896595871,8.569539301564873,22081,HILLION,22
23960.0,1984.0,2333.3333333333335,2438.149947594917,-104.81661426158371,22118,LANVALLAY,22
21760.0,854.0,1819.25,1716.0502593700119,103.19974062998813,22121,LANVOLLON,22
20750.0,424.0,930.2434456928838,1044.00701879291,-113.76357310002618,22131,LOGUIVY-PLOUGRAS,22
21470.0,1019.0,2033.8983050847457,1420.2637912633663,613.6345138213794,22135,LOUARGAT,22
21810.0,4436.0,1570.385818561001,2090.8771254330395,-520.4913068720384,22136,LOUDEAC,22
20320.0,757.0,1061.3590263691685,1250.6549328234523,-189.2959064542838,22137,MAEL CARHAIX,22
22610.0,714.0,2352.2727272727275,1986.9683343420181,365.30439293070935,22175,PLEDELIAC,22
24130.0,862.0,1875.0,2124.7284469031733,-249.72844690317334,22179,FREHEL,22
23190.0,835.0,1879.032258064516,1984.7072697625647,-105.67501169804859,22180,PLELAN-LE-PETIT,22
23430.0,1340.0,2075.332760841563,2040.2665448637358,35.06621597782714,22182,PLELO,22
22710.0,1185.0,2368.703431372549,2052.8398569385945,315.86357443395445,22195,PLEUBIAN,22
25900.0,1970.0,2526.9973241590214,2735.853622995824,-208.85629883680258,22198,PLEUMEUR-BODOU,22
21800.0,1785.0,1500.0,1716.1193727512907,-216.1193727512907,22203,PLOEUC-L'HERMITAGE,22
20460.0,579.0,1295.2380952380952,1325.960216834214,-30.722121596118768,22204,PLOEZAL,22
21060.0,526.0,1964.0151515151515,1975.1913730916085,-11.17622157645701,22212,PLOUEC-DU-TRIEUX,22
22340.0,5106.0,2074.601515547426,2155.7094015287453,-81.10788598131921,22215,PLOUFRAGAN,22
21140.0,860.0,2218.5592185592186,2072.0409285497312,146.51829000948737,22221,PLOUGUIEL,22
21130.0,478.0,818.311403508772,1177.5412034834821,-359.2297999747102,22241,PLUMIEUX,22
20680.0,274.0,1140.2976811594203,1260.0706976032175,-119.77301644379713,22249,PONT-MELVEZ,22
21650.0,511.0,1683.427777777778,1717.1228329159653,-33.6950551381874,22256,QUEMPER GUEZENNEC,22
21680.0,220.0,1668.0555555555557,1634.1952762797484,33.860279275807216,22260,LE QUILLIO,22
21260.0,1180.0,1857.9642857142858,1738.6690318056499,119.29525390863591,22264,LA ROCHE-JAUDY,22
23640.0,250.0,2692.7272727272725,2479.0348926531215,213.69238007415106,22319,SAINT-MICHEL-EN-GREVE,22
19160.0,204.0,1096.774193548387,1162.7262319151791,-65.95203836679207,22328,SAINT-SERVAIS,22
23350.0,905.0,2379.7971652003907,1908.5285761927908,471.2685890076,22372,TREMUSON,22
24270.0,432.0,2546.653144016227,2801.9541933470564,-255.3010493308293,22377,TREVENEUC,22
21780.0,525.0,1267.6419965576592,1261.5437836478093,6.098212909849963,22391,YVIGNAC-LA-TOUR,22
18410.0,651.0,941.747572815534,1163.2893808671213,-221.54180805158728,23031,BOUSSAC,23
23490.0,162.0,1217.3149015932522,1262.5387736866066,-45.22387209335443,23052,LA CHAPELLE TAILLEFERT,23
18260.0,172.0,868.75,1038.4684180773686,-169.7184180773686,23090,GENTIOUX-PIGEROLLES,23
20580.0,394.0,1237.7877596855699,1317.0632026325027,-79.2754429469328,24016,AUGIGNAC,24
20040.0,14155.0,1677.0833333333335,1940.375083354299,-263.29175002096554,24037,BERGERAC,24
22100.0,1750.0,1553.5714285714287,1757.8066367796657,-204.23520820823705,24064,BRANTOME EN PERIGORD,24
20970.0,952.0,1000.0,1856.3850335175075,-856.3850335175075,24068,LE BUISSON-DE-CADOUIN,24
22030.0,3688.0,1774.1935483870968,1978.0457046834895,-203.85215629639265,24138,COULOUNIEIX-CHAMIERS,24
21920.0,532.0,2573.529411764706,2359.587780333879,213.94163143082687,24142,COUX ET BIGAROQUE-MOUZENS,24
19540.0,195.0,1188.811188811189,1310.4609352675636,-121.64974645637471,24168,PLAISANCE,24
21290.0,1095.0,1859.1549295774648,1819.0946021170748,40.06032746039,24225,LAMONZIE-ST-MARTIN,24
21410.0,812.0,1892.7777777777778,1708.1310485809854,184.64672919679242,24264,MENESPLET,24
19560.0,333.0,1065.7714285714285,1285.3640383771383,-219.5926098057098,24269,MIALLET,24
20380.0,2839.0,1327.2347937730701,1342.8737217741957,-15.638928001125578,24294,MONTPON-MENESTEROL,24
20890.0,1475.0,1753.831417624521,1599.69810213521,154.13331548931092,24309,NEUVIC,24
21990.0,1048.0,1855.5839646464647,1566.4014237823274,289.1825408641373,24350,RAZAC-SUR-L ISLE,24
19500.0,1383.0,1464.1151685393259,1405.1665727152638,58.94859582406207,24354,LA ROCHE-CHALAIS,24
19860.0,739.0,2027.056277056277,1735.7539706348498,291.30230642142715,24356,ROUFFIGNAC-ST-CERNIN-DE-REILHA,24
20450.0,687.0,1312.592775853538,1279.1478595416077,33.44491631193023,24376,SAINT AULAYE-PUYMANGOU,24
20780.0,174.0,1366.6666666666667,1800.0512785212513,-433.3846118545846,24522,SARRAZAC,24
19130.0,2647.0,2072.289156626506,1806.078712407148,266.2104442193581,24547,TERRASSON LAVILLEDIEU,24
21910.0,2444.0,2000.0,2117.4903467516747,-117.49034675167468,25047,BAUME LES DAMES,25
22790.0,1577.0,1658.9473684210527,1941.4498665656479,-282.50249814459517,25048,BAVANS,25
22730.0,619.0,1791.044776119403,1813.673557826214,-22.62878170681097,25058,BEURE,25
22280.0,979.0,1741.048128342246,1765.9494918987145,-24.901363556468596,25237,FESCHES-LE-CHATEL,25
26850.0,657.0,2473.5040530582164,2634.3822240503637,-160.87817099214726,25287,GRANDFONTAINE,25
24730.0,926.0,2211.6788321167883,2124.787114065864,86.89171805092428,25334,LEVIER,25
26730.0,1070.0,2474.226804123711,2491.137871511102,-16.91106738739063,25381,MISEREY SALINES,25
25590.0,593.0,2308.611437196042,2275.513738139493,33.09769905654912,25448,PELOUSEY,25
30740.0,1091.0,2138.486312399356,2543.9243833828673,-405.43807098351135,25512,RUSSEY (LE),25
25410.0,1381.0,2315.1063829787236,2370.0789068883714,-54.97252390964786,25532,SAONE,25
25110.0,791.0,3107.1942446043167,2961.4517705564303,145.7424740478864,25542,SERRE LES SAPINS,25
25130.0,1014.0,3067.982456140351,2832.065848338554,235.916607801797,26006,ALLEX,26
23380.0,1794.0,1935.2272727272727,1956.1347594433985,-20.90748671612573,26010,ANNEYRON,26
22050.0,8974.0,2411.2244897959185,2510.2829131869494,-99.05842339103083,26058,BOURG LES VALENCE,26
21560.0,2689.0,1893.30081300813,2008.3622772955462,-115.06146428741613,26166,LORIOL SUR DROME,26
27010.0,604.0,2271.0014238253443,2305.3658083308082,-34.36438450546393,26196,MONTELEGER,26
23910.0,4009.0,2457.317145220371,2712.814045682556,-255.49690046218484,26324,SAINT-PAUL-TROIS-CHATEAUX,26
22020.0,405.0,2277.4555541545833,1957.9099718626676,319.5455822919157,26353,LES TOURRETTES,26
25570.0,625.0,2583.666666666667,2362.7971117822567,220.86955488441026,26358,UPIE,26
23290.0,453.0,1340.5521324151264,2008.0432644389389,-667.4911320238125,27037,BARC,27
21710.0,772.0,1279.0697674418604,1408.1148215302542,-129.04505408839373,27151,CHARLEVAL,27
25930.0,304.0,2552.3809523809523,2651.609385724069,-99.22843334311665,27158,CIERREY,27
25070.0,342.0,2132.5362623502206,2331.737354170549,-199.20109182032866,27287,GLISOLLES,27
22490.0,235.0,2045.4545454545455,1563.4561600793227,481.9983853752228,27288,GLOS-SUR-RISLE,27
22970.0,397.0,1855.5286521388216,1978.773878669203,-123.24522653038139,27294,VAL D'ORGER,27
25120.0,236.0,1926.7656500802568,1930.8602095613273,-4.094559481070519,27410,MISEREY,27
20450.0,1021.0,1214.3234332084894,1238.8035897940251,-24.480156585535724,27438,NONANCOURT,27
25460.0,350.0,1606.2721631205673,1791.2758151620928,-185.00365204152558,27447,LE VAL-DORE,27
26190.0,469.0,2021.4285714285713,2146.066452987845,-124.63788155927364,27474,POSES,27
25240.0,396.0,2181.818181818182,2117.0766879588136,64.74149385936835,27478,PREY,27
23080.0,410.0,2450.0,2430.2713010157076,19.72869898429235,27497,ROUGEMONTIER,27
22460.0,686.0,1789.7727272727273,1802.8603767428865,-13.08764947015925,27500,ROUTOT,27
25660.0,1349.0,2304.6756015839173,2364.9432748993004,-60.267673315383036,27554,LA CHAPELLE-LONGUEVILLE,27
26290.0,784.0,2068.75,2066.525906166902,2.224093833097868,27616,LA SAUSSAYE,27
20960.0,903.0,1570.6219312602293,1566.6607196707598,3.9612115894694853,27622,SERQUIGNY,27
24600.0,309.0,1709.252450980392,1833.0313734180238,-123.77892243763176,27665,TROUVILLE-LA-HAULE,27
23870.0,151.0,1716.2566844919786,1702.8307012639593,13.425983228019277,27672,VASCOEUIL,27
21350.0,1683.0,1151.7857142857142,1382.819745928123,-231.03403164240876,28012,VALD'YERRE,28
20400.0,317.0,1000.6410256410256,1198.8456898619681,-198.2046642209425,28149,LA FERTE VIDAME,28
22530.0,1073.0,1666.6666666666667,1822.341537645449,-155.67487097878234,28199,JANVILLE-EN-BEAUCE,28
23950.0,585.0,1683.6734693877552,1894.1515538844187,-210.47808449666354,28223,LURAY,28
23860.0,253.0,1787.0903391279567,1857.4261185911737,-70.33577946321702,28225,MAGNY,28
27920.0,546.0,2500.0,2429.015634918968,70.98436508103214,28278,NOGENT LE PHAYE,28
21450.0,1271.0,1498.936170212766,1658.2096035841269,-159.27343337136085,28373,SENONCHES,28
19570.0,4556.0,1930.6930693069307,1996.99113208506,-66.29806277812918,28404,VERNOUILLET,28
25030.0,445.0,2029.8275862068965,1984.070481979197,45.75710422769953,28405,VERT EN DROUAIS,28
26880.0,539.0,1896.0882867132868,2281.0249517057896,-384.93666499250276,28417,VILLIERS LE MORHIER,28
19870.0,485.0,1000.0,1031.187459605634,-31.187459605634103,29016,BRASPARTS,29
22910.0,1363.0,2000.0,2225.693629917097,-225.69362991709704,29049,ELLIANT,29
26610.0,813.0,3108.777686628384,2915.236449769091,193.5412368592929,29056,LA FOREST-LANDERNEAU,29
26020.0,2665.0,2335.4054054054054,2591.413497338446,-256.00809193304076,29061,GOUESNOU,29
22410.0,942.0,2134.1463414634145,2097.0787244734524,37.06761698996206,29077,GUISSENY,29
26170.0,1728.0,2598.695652173913,2592.2817288992114,6.413923274701574,29101,LANDEDA,29
22180.0,3355.0,2061.223404255319,2160.5373986168715,-99.31399436155243,29124,LESNEVEN,29
24630.0,1446.0,2856.178977272727,2897.0530463225186,-40.874069049791615,29161,PLEUVEN,29
25190.0,1843.0,2533.7837837837837,2634.040868564615,-100.25708478083106,29170,PLOMELIN,29
22630.0,964.0,1985.3846153846155,1985.698967986498,-0.3143526018825469,29173,PLONEIS,29
23120.0,897.0,1741.6107382550335,1994.38236463099,-252.77162637595643,29196,PLOUGUIN,29
21590.0,1066.0,1585.3658536585365,1613.7437472489878,-28.377893590451322,29206,PLOUNEVEZ-LOCHRIST,29
24740.0,5226.0,2146.880741273265,3624.497642902243,-1477.6169016289782,29212,PLOUZANE,29
21880.0,771.0,1798.2548797736918,1899.9037199396207,-101.64884016592896,29213,PLOUZEVEDE,29
23630.0,1795.0,1944.4444444444443,1897.7776946413019,46.666749803142466,29216,PLUGUFFAN,29
21110.0,766.0,2058.6768149882905,2004.8306967499466,53.846118238343934,29218,PONT CROIX,29
25640.0,882.0,2237.5,2083.3251662950283,154.17483370497166,29221,PORSPODER,29
21520.0,508.0,1937.5,1954.6266447508801,-17.126644750880132,29229,QUEMENEVEN,29
22410.0,1279.0,1305.9701492537313,1381.9162082473404,-75.94605899360909,29266,SAINT-THEGONNEC LOC-EGUINER,29
21880.0,405.0,1898.1694681096017,1792.5605817330745,105.60888637652715,29271,SAINT-VOUGAY,29
23070.0,3245.0,3500.0,2344.014094726313,1155.985905273687,2B042,BORGO,2B
20920.0,2428.0,3194.0,2843.3793077342525,350.6206922657475,2B148,LUCCIANA,2B
22900.0,4161.0,3751.557971014493,3301.112612901093,450.44535811339983,30003,AIGUES-MORTES,30
18000.0,20089.0,2101.2195121951218,2310.9798869972906,-209.76037480216883,30007,ALES,30
24550.0,917.0,2790.301724137931,2467.184412685271,323.11731145266003,30020,AUBORD,30
24610.0,501.0,3176.1592741935483,2720.4407073505454,455.7185668430029,30041,BLAUZAC,30
23690.0,214.0,2380.5223880597014,2148.4005150586772,232.12187300102414,30069,CARNAS,30
24700.0,189.0,2421.90737833595,2099.1438167189376,322.76356161701233,30071,CASSAGNOLES,30
25050.0,699.0,2661.2045454545455,2352.0287709408726,309.1757745136729,30073,CASTILLON-DU-GARD,30
24940.0,1786.0,3136.822429906542,2758.407967606798,378.4144622997437,30082,CLARENSAC,30
22590.0,704.0,2112.5,2165.513483366178,-53.01348336617821,30089,COMPS,30
23230.0,288.0,2358.645833333333,2091.7640278850117,266.8818054483213,30114,FONTANES,30
18270.0,513.0,1999.0942028985505,1748.5639882063954,250.53021469215514,30120,GAGNIERES,30
23860.0,778.0,2405.6603773584907,2161.3972592360833,244.26311812240738,30173,MONS,30
18760.0,67641.0,2731.969696969697,2367.6577342600067,364.3119627096903,30189,NIMES,30
18590.0,5976.0,2443.9309871063197,2261.374275196981,182.55671190933845,30258,ST GILLES,30
20230.0,447.0,2872.222222222222,2308.843377052738,563.3788451694841,30266,SAINT-JEAN-DE-MARUEJOLS-ET-,30
18900.0,1228.0,1882.3529411764705,1777.2918340484923,105.06110712797818,30269,SAINT-JEAN-DU-GARD,30
22830.0,1446.0,2725.1908396946565,2584.6585855554167,140.53225413923974,30295,SAINT-QUENTIN-LA-POTERIE,30
21440.0,2065.0,2474.6166263115415,2202.3291198026527,272.2875065088888,30333,UCHAUD,30
20910.0,4514.0,2996.764705882353,2702.9632906627353,293.80141521961787,30334,UZES,30
24980.0,2802.0,2635.98775,2682.1755251804493,-46.187775180449535,31118,CASTELNAU D ESTRETEFONDS,31
25600.0,3700.0,2651.133849557522,2793.639447382069,-142.5055978245473,31150,CORNEBARRIEU,31
23980.0,8420.0,2766.40625,2875.085598673386,-108.6793486733859,31157,CUGNAUX,31
25090.0,1451.0,3026.0,2710.50645570643,315.4935442935698,31205,GAGNAC SUR GARONNE,31
28720.0,953.0,3250.8928571428573,3024.8562388874143,226.03661825544305,31228,GRAGNAGUE,31
25750.0,405.0,1754.2372881355932,1968.0308652245137,-213.79357708892053,31233,GREPIAC,31
21040.0,88.0,1241.3793103448277,1306.9432369037984,-65.5639265589707,31245,JUZET-D IZAUT,31
24630.0,1480.0,2527.522935779816,3000.382633757821,-472.859697978005,31287,LAVERNOSE-LACASSE,31
25030.0,1512.0,2389.521276595745,2439.653487523179,-50.132210927434244,31299,LHERM,31
23920.0,2827.0,3527.03125,3260.0294373563856,267.00181264361436,31351,MONDONVILLE,31
27630.0,1543.0,2602.409638554217,2721.890081098372,-119.48044254415481,31358,MONTASTRUC LA CONSEILLERE,31
22450.0,11064.0,2550.833333333333,3154.878522487492,-604.0451891541588,31395,MURET,31
21880.0,364.0,1309.1713596138375,1499.0323383386415,-189.860978724804,31457,ROQUEFORT-SUR-GARONNE,31
23010.0,2874.0,2738.219313063063,2694.269631620212,43.949681442851215,31467,ST ALBAN,31
28000.0,894.0,3181.3307575757576,3082.447378462477,98.88337911328063,31533,SAUBENS,31
24100.0,4586.0,2606.112054329372,3163.2979704975883,-557.1859161682164,31588,VILLENEUVE TOLOSANE,31
21350.0,509.0,1500.0,1465.1911651521805,34.808834847819526,32155,LE HOUGA,32
20390.0,644.0,1712.4495412844037,1622.4042387820718,90.04530250233188,32233,MARCIAC,32
19940.0,584.0,1740.1266061980348,1692.0932902640855,48.033315933949325,32252,MIELAN,32
20400.0,1733.0,1357.142857142857,1437.7668628349024,-80.62400569204533,32256,MIRANDE,32
21570.0,536.0,2238.805970149254,1707.1987179156117,531.6072522336422,32290,MONTREAL,32
22000.0,454.0,2000.0,2252.038403151908,-252.03840315190791,33021,AUROS,33
25130.0,986.0,3048.9502787268475,2800.9488747084174,248.0014040184301,33037,BEAUTIRAN,33
23670.0,549.0,1220.1408096555192,2103.7104983125814,-883.5696886570622,33052,LES BILLAUX,33
24700.0,7408.0,3093.963541666667,3628.371476768556,-534.407935101889,33056,BLANQUEFORT,33
25450.0,913.0,2079.615048118985,2135.186983740554,-55.57193562156863,33077,CABANAC-VILLAGRAINS,33
20700.0,262.0,2168.955472326259,1853.1015192773798,315.85395304887925,33088,CAMPS-SUR-L'ISLE,33
23810.0,1371.0,3341.176470588235,3083.977413554023,257.1990570342123,33097,CARCANS,33
27950.0,1728.0,3333.3333333333335,3293.4265395068396,39.90679382649387,33099,CARIGNAN-DE-BORDEAUX,33
24940.0,1014.0,2358.01965429499,2451.8099726226737,-93.79031832768396,33109,CASTRES GIRONDE,33
28590.0,880.0,2895.9423423423423,2446.3158832374716,449.6264591048707,33118,CENAC,33
28830.0,7399.0,3603.8961038961043,3725.0259949968504,-121.12989110074614,33122,CESTAS,33
22480.0,691.0,2854.031007751938,1975.5554573054978,878.4755504464401,33142,CUBNEZAIS,33
21490.0,862.0,2269.0850815850818,2096.066473507015,173.0186080780668,33146,CUSSAC-FORT-MEDOC,33
24700.0,675.0,2080.5384615384614,2191.8795297845286,-111.34106824606715,33164,FARGUES,33
24120.0,811.0,2442.0707630878437,2305.198756324722,136.8720067631216,33185,GENISSAC,33
19940.0,745.0,1565.2173913043478,1462.2861927462293,102.93119855811847,33198,GUITRES,33
24130.0,582.0,2123.1060606060605,2122.0958539315284,1.010206674532128,33205,ILLATS,33
25500.0,3099.0,4267.676767676768,4058.3068678556015,209.3698998211662,33214,LACANAU,33
20390.0,3944.0,2141.926470588235,2071.582001076309,70.34446951192604,33227,LANGON,33
27750.0,3243.0,3525.3593145384193,3302.387104093982,222.97221044443722,33273,MARTIGNAS SUR JALLE,33
22810.0,713.0,2223.9224137931033,1542.3055500991532,681.6168636939501,33307,NOAILLAN,33
22830.0,473.0,2051.2820512820513,2180.2750929946064,-128.99304171255517,33317,PERISSAC,33
25040.0,387.0,2159.476227795193,2148.1169579609223,11.35926983427089,33323,LE PIAN SUR GARONNE,33
22370.0,979.0,1653.5433070866143,1761.4074461919345,-107.86413910532019,33341,PUGNAC,33
25460.0,948.0,2596.153846153846,2538.9792275822215,57.174618571624706,33413,ST GERMAIN DU PUCH,33
21900.0,1331.0,2075.735294117647,2017.577440121709,58.157853995937785,33473,SAINT-SAVIN,33
22850.0,601.0,2204.180213464696,2056.6662817059505,147.51393175874546,33480,SAINT-SULPICE-DE-FALEYRENS,33
22830.0,388.0,2473.684210526316,2218.721598983893,254.96261154242302,33487,SAINT VINCENT DE PAUL,33
20730.0,1023.0,2047.632575757576,1652.6715043729355,394.9610713846405,33492,SAINT-YZAN-DE-SOUDIAC,33
20750.0,697.0,1840.0,1686.571415987856,153.42858401214403,34013,ASPIRAN,34
22540.0,1058.0,2472.1176470588234,2469.733867863078,2.383779195745319,34025,BASSAN,34
18710.0,823.0,1586.2871067789101,1481.480939387584,104.8061673913262,34038,LE BOUSQUET D'ORB,34
25040.0,823.0,4102.5641025641025,2158.2121940440957,1944.3519085200069,34050,CANDILLARGUES,34
25160.0,11572.0,4405.555555555555,4054.950557548586,350.6049980069688,34057,CASTELNAU LE LEZ,34
22500.0,759.0,2472.5274725274726,2345.110456208292,127.41701631918068,34084,CORNEILHAN,34
24410.0,3099.0,3456.6425120772947,3107.4593080007235,349.1832040765712,34095,FABREGUES,34
21290.0,267.0,1500.0,1911.9616855815796,-411.96168558157956,34096,FAUGERES,34
21830.0,11002.0,3294.1176470588234,2538.2308359853896,755.8868110734338,34108,FRONTIGNAN,34
17600.0,335.0,1500.0,1514.1585577153955,-14.158557715395546,34117,GRAISSESSAC,34
23340.0,657.0,2194.1543940125543,2082.7167890618757,111.43760495067863,34139,LIEURAN-LES-BEZIERS,34
23050.0,1446.0,2063.4920634920636,2118.3983204505384,-54.90625695847484,34140,LIGNAN-SUR-ORB,34
21930.0,2013.0,1747.743487638958,2076.804039523879,-329.0605518849211,34148,MARAUSSAN,34
25140.0,9007.0,4021.1111111111113,4048.193833328184,-27.082722217072842,34154,MAUGUIO,34
21400.0,678.0,2306.3543599257882,2082.7289539607004,223.6254059650878,34180,NEBIAN,34
23420.0,745.0,2272.0,2106.1734709219368,165.82652907806323,34182,NEZIGNAN-L EVEQUE,34
21000.0,494.0,1776.9383394383394,1624.7786090214809,152.15973041685857,34197,PERET,34
21360.0,1124.0,2174.8611111111113,2044.9032601557544,129.9578509553569,34237,ROUJAN,34
21100.0,843.0,2124.2797593921487,1944.9034287875554,179.37633060459325,34243,SAINT-BAUZILLE-DE-PUTOIS,34
16920.0,876.0,1359.2233009708739,1360.5181682910143,-1.2948673201403835,34284,SAINT-PONS-DE-THOMIERES,34
20480.0,532.0,1185.2941176470588,1285.4102001627182,-100.1160825156594,34293,LA SALVETAT-SUR-AGOUT,34
21240.0,4151.0,2869.4444444444443,2059.7309500927236,809.7134943517208,34299,SERIGNAN,34
22860.0,1291.0,2970.0714285714284,2693.616712210278,276.45471636115053,34310,THEZAN-LES-BEZIERS,34
25850.0,2934.0,3159.5693430656934,3078.4810862558975,81.0882568097959,35001,ACIGNE,35
22930.0,3248.0,2341.772151898734,2410.502345354663,-68.73019345592866,35012,BAIN-DE-BRETAGNE,35
23290.0,867.0,2118.5185185185182,1864.2559755925474,254.26254292597082,35015,BALAZE,35
20720.0,643.0,2106.7391304347825,1770.6183481254548,336.12078230932775,35029,BONNEMAIN,35
24290.0,1736.0,2119.6581196581196,2529.629317879351,-409.9711982212316,35031,LA BOUEXIERE,35
24440.0,1290.0,2150.0,2573.562955584264,-423.5629555842638,35033,BOURG-DES-COMPTES,35
24290.0,2596.0,2567.2990469340048,2514.7727343284587,52.52631260554608,35037,BREAL-SOUS-MONTFORT,35
29450.0,7858.0,3649.122807017544,3573.7878167380495,75.33499027949438,35051,CESSON-SEVIGNE,35
26210.0,601.0,2510.576923076923,2509.1687580828993,1.4081649940235366,35067,CHASNE-SUR-ILLET,35
24060.0,583.0,2107.4233600346397,1987.5560644548514,119.86729557978833,35118,GAHARD,35
22300.0,1049.0,1311.111111111111,1575.752907139116,-264.6417960280048,35124,GRAND-FOUGERAY,35
27510.0,664.0,3119.266055045872,2970.5408726500714,148.7251823958004,35181,LE MINIHIC SUR RANCE,35
25160.0,1426.0,2496.09375,2598.267561929566,-102.173811929566,35204,NOUVOITOU,35
26350.0,2589.0,2801.948051948052,2990.088279113356,-188.1402271653037,35207,NOYAL-SUR-VILAINE,35
23440.0,769.0,1561.3358778625955,1852.9696847790162,-291.6338069164208,35211,PAIMPONT,35
24280.0,1226.0,2116.4457983193274,2064.9405639624165,51.50523435691093,35220,PIRE-CHANCE,35
22470.0,511.0,1646.4710884353742,1631.6000219808016,14.871066454572656,35234,QUEDILLAC,35
21610.0,4345.0,2243.5897435897436,2064.2187595842943,179.37098400544937,35236,REDON,35
25390.0,1297.0,2824.4691745749983,2651.621228836285,172.8479457387134,35241,LA RICHARDAIS,35
23580.0,938.0,1780.8747855917668,1928.6987781560927,-147.82399256432586,35243,ROMAGNE,35
22810.0,539.0,2266.6666666666665,2158.7113997695847,107.95526689708186,35246,ROZ-LANDRIEUX,35
23260.0,742.0,2398.913043478261,2278.199763419581,120.71328005868008,35312,SAINT-SENOUX,35
20220.0,366.0,1890.7602339181285,1283.2478206107453,607.5124133073832,35316,SAINT-SULPICE-DES-LANDES,35
23000.0,661.0,2153.846153846154,2218.3174061220875,-64.4712522759337,35333,LE THEIL-DE-BRETAGNE,35
23520.0,499.0,2051.4018691588785,1813.410772238432,237.99109692044658,35340,TREFFENDEL,35
23150.0,1050.0,2169.6969696969695,2152.6741696984577,17.0227999985118,35347,VAL-D'IZE,35
24540.0,2275.0,3076.923076923077,2754.769881120016,322.15319580306095,35353,VEZIN-LE-COQUET,35
23060.0,8670.0,2500.0,3504.0251664283064,-1004.0251664283064,35360,VITRE,35
20400.0,2515.0,1211.7281303602058,1302.354521247612,-90.62639088740616,36006,ARGENTON-SUR-CREUSE,36
21320.0,469.0,1032.1777777777777,1160.5791755947566,-128.40139781697894,36016,BELABRE,36
19690.0,493.0,1147.080979284369,1157.27532085508,-10.194341570711003,36035,CHAILLAC,36
20710.0,485.0,1042.2818791946308,1250.3255331121693,-208.04365391753845,36055,CLION,36
20290.0,693.0,1071.4285714285713,1169.6038505795505,-98.17527915097912,36070,EGUZON-CHANTOME,36
21460.0,1318.0,962.697956577267,1288.8685084783397,-326.1705519010727,36093,LEVROUX,36
22220.0,798.0,1212.121212121212,1649.6613883205764,-437.5401761993644,36127,MONTGIVRAY,36
22200.0,512.0,1192.948717948718,1365.7203385782386,-172.7716206295206,36140,NEUVY-PAILLOUX,36
20130.0,358.0,986.6071428571429,1179.1435107937284,-192.53636793658552,36155,PELLEVOISIN,36
20280.0,406.0,1186.1901168014376,1520.248328252585,-334.0582114511474,36162,POULAINES,36
19880.0,775.0,1113.0,1301.9491354656648,-188.94913546566477,36192,SAINT-GAULTIER,36
19770.0,392.0,1309.8591549295775,1437.9357592656559,-128.0766043360784,36220,THENAY,36
26100.0,1213.0,2592.9032258064517,2662.283027288801,-69.3798014823492,37006,ARTANNES SUR INDRE,37
23310.0,787.0,1940.1184486373165,1934.9646027868466,5.1538458504699065,37010,AUZOUER-EN-TOURAINE,37
26590.0,3428.0,2544.308943089431,2755.1390463405473,-210.83010325111627,37018,BALLAN MIRE,37
21750.0,858.0,1431.978196684079,1514.285800421384,-82.30760373730504,37020,BEAULIEU-LES-LOCHES,37
22980.0,2414.0,2326.053370786517,2165.8213909882134,160.23197979830366,37027,BLERE,37
21040.0,205.0,1111.111111111111,1278.915741208345,-167.80463009723394,37061,CHARNIZAY,37
23400.0,1615.0,1392.0,1738.124862209181,-346.12486220918095,37077,CINQ MARS LA PILE,37
24640.0,749.0,1957.8313253012047,1942.071151246041,15.760174055163816,37079,CIVRAY-DE-TOURAINE,37
19910.0,434.0,1011.2423780487804,1162.4229563395259,-151.18057829074542,37113,LE GRAND PRESSIGNY,37
19890.0,1795.0,1145.8333333333333,1268.2389299797799,-122.40559664644661,37115,DESCARTES,37
22540.0,566.0,1980.5848115299334,1942.4837449814208,38.10106654851256,37128,LIGNIERES DE TOURAINE,37
23420.0,573.0,2034.1880341880342,2183.4153113458224,-149.2272771577882,37150,MAZIERES DE TOURAINE,37
27100.0,1243.0,2723.214285714286,3460.099914903859,-736.8856291895731,37151,LA MEMBROLLE-SUR-CHOISILLE,37
24710.0,4788.0,2500.0,2754.716490980152,-254.71649098015178,37156,MONTLOUIS-SUR-LOIRE,37
23930.0,511.0,1792.7051671732524,1795.4755355732414,-2.770368399988911,37171,NOIZAY,37
22730.0,155.0,1141.2835249042146,1348.9148905168952,-207.6313656126806,37184,LE PETIT PRESSIGNY,37
19460.0,466.0,1000.0,1466.1319462429467,-466.1319462429467,37189,PREUILLY SUR CLAISE,37
23920.0,545.0,1827.6119402985073,1860.3053418035272,-32.69340150501989,37192,REIGNAC SUR INDRE,37
19130.0,875.0,1182.1917808219177,1373.2115339426462,-191.0197531207284,37196,RICHELIEU,37
24320.0,580.0,2352.212389380531,2413.0865448503364,-60.87415546980537,37205,SACHE,37
28660.0,6343.0,2826.086956521739,3153.957724705446,-327.8707681837068,37208,SAINT AVERTIN,37
23810.0,1112.0,1623.3766233766235,2226.275444355416,-602.8988209787924,37211,SAINT BRANCHS,37
27530.0,1328.0,2737.0169082125603,2798.382575804816,-61.365667592255704,37243,SAVONNIERES,37
23160.0,590.0,1680.7894736842104,2160.220675844662,-479.43120216045145,37249,SONZAY,37
21720.0,467.0,2043.670438472419,2931.6114110746253,-887.9409726022063,37271,VILLAINES LES ROCHERS,37
24230.0,1876.0,2361.801541425819,2469.5774548968107,-107.77591347099178,38006,ALLEVARD,38
21860.0,1106.0,2464.6546310832027,2302.7802181407155,161.8744129424872,38012,AOSTE,38
20870.0,13341.0,3015.777777777778,3063.2595119149855,-47.481734137207695,38053,BOURGOIN-JALLIEU,38
24200.0,598.0,2336.1869266055046,2392.203403916563,-56.016477311058225,38054,BOUVESSE-QUIRIEU,38
23590.0,822.0,2553.940568475452,2406.302359689045,147.63820878640718,38058,BREZINS,38
28170.0,1391.0,2940.3361344537816,2884.879469609321,55.45666484446065,38061,LA BUISSE,38
24060.0,842.0,2517.1875,2424.2487988993607,92.93870110063926,38082,CHARAVINES,38
22650.0,2342.0,2954.5454545454545,2589.8577990577796,364.6876554876749,38087,CHASSE-SUR-RHONE,38
26100.0,960.0,2493.5064935064934,2481.1150472713452,12.391446235148123,38105,CHIRENS,38
29740.0,3336.0,4335.060096153846,3449.443286806596,885.6168093472497,38111,CLAIX,38
23940.0,1241.0,2434.5,2382.140472514409,52.359527485591116,38182,LE GRAND-LEMPS,38
22140.0,71309.0,3560.0,3334.944637277841,225.05536272215886,38185,GRENOBLE,38
21370.0,5992.0,2602.316984275747,2542.519800670515,59.79718360523202,38193,L'ISLE-D'ABEAU,38
26820.0,647.0,2912.5860832137732,2864.9093924820295,47.67669073174375,38197,JANNEYRIAS,38
23560.0,481.0,2080.2832968913394,1993.0235443208987,87.2597525704407,38198,JARCIEU,38
28430.0,1603.0,2970.5882352941176,3045.558495190799,-74.97025989668145,38200,JARRIE,38
21930.0,427.0,1414.2857142857142,1602.2210903335429,-187.93537604782864,38218,MARCILLOLES,38
24190.0,420.0,1945.9134615384614,1887.971069876615,57.942391661846386,38246,MONTAGNIEU,38
27910.0,796.0,2138.256738842245,2321.3490044448254,-183.09226560258048,38270,LA MURETTE,38
23340.0,3182.0,3000.162601626016,2571.4428554606816,428.7197461653345,38314,PONTCHARRA,38
20510.0,2324.0,2653.5087719298244,2146.1533059990225,507.355465930802,38316,PONT-DE-CHERUY,38
27410.0,844.0,3570.2127659574467,2325.6781595120074,1244.5346064454393,38339,ROCHE,38
24350.0,905.0,2127.9166666666665,2203.0210883209943,-75.10442165432778,38349,SABLONS,38
28440.0,908.0,3364.1304347826085,3018.230281063194,345.90015371941445,38352,SAINT-ALBAN-DE-ROCHE,38
24060.0,281.0,2523.809523809524,1808.6297056240185,715.1798181855054,38372,SAINT-BUEIL,38
26030.0,1441.0,2647.0588235294117,3260.0865207489387,-613.027697219527,38374,SAINT-CHEF,38
22330.0,1387.0,2543.8596491228072,1797.3904411298665,746.4692079929407,38384,SAINT-ETIENNE-DE-SAINT-GEOIRS,38
25700.0,1410.0,2863.666915608663,2674.3265619080657,189.34035370059746,38389,SAINT-GEORGES-D'ESPERANCHE,38
24570.0,600.0,2289.814814814815,2336.79343072964,-46.97861591482524,38401,SAINT-JEAN-DE-SOUDAIN,38
26130.0,475.0,2781.0810810810813,2390.1378640969515,390.9432169841298,38405,SAINT-JOSEPH-DE-RIVIERE,38
23220.0,1969.0,2026.6524520255862,2012.9032148828026,13.749237142783613,38412,SAINT-LAURENT-DU-PONT,38
34260.0,1170.0,4018.5185185185187,4018.4297920282174,0.08872649030126922,38431,SAINT-NAZAIRE-LES-EYMES,38
24890.0,1316.0,3296.703296703297,3152.654297350059,144.04899935323783,38439,CRETS EN BELLEDONNE,38
23890.0,444.0,2058.823529411765,1998.2855868753354,60.537942536429455,38465,SAINT-VICTOR-DE-MORESTEL,38
25750.0,4991.0,3814.7321428571427,3664.7899976802673,149.94214517687533,38474,SASSENAGE,38
24000.0,413.0,2296.7716612697477,2121.6572887314687,175.11437253827899,38478,SECHILIENNE,38
23980.0,811.0,1655.1724137931035,1815.6428989306307,-160.47048513752725,38479,PORTE DES BONNEVAUX,38
27130.0,746.0,3667.031312725813,3360.7361051876574,306.29520753815586,38484,SERPAIZE,38
24820.0,5529.0,4195.609126130004,3950.21416908509,245.39495704491446,38485,SEYSSINET-PARISET,38
25480.0,850.0,3162.4613003095974,2622.2200290960054,540.241271213592,38501,TENCIN,38
26530.0,1016.0,3252.450980392157,2972.1814448200475,280.26953557210936,38530,VAULX-MILIEU,38
28030.0,725.0,3276.3767857142857,2947.4958293412305,328.88095637305514,38554,VILLEMOIRIEU,38
22050.0,1537.0,1616.1616161616162,1763.6819809778954,-147.5203648162792,39013,ARBOIS,39
22860.0,410.0,1938.169642857143,1979.1261242397568,-40.9564813826139,39193,LE DESCHAUX,39
21020.0,863.0,1389.5248613998615,1416.641271740112,-27.116410340250468,39333,MOIRANS-EN-MONTAGNE,39
23540.0,739.0,1273.2142857142858,1677.306352836497,-404.0920671222111,39411,PERRIGNY,39
26170.0,826.0,2540.4430064708813,2452.493950212737,87.94905625814408,39487,SAINT-LAURENT-EN-GRANDVAUX,39
23400.0,990.0,1984.251968503937,2022.1848694113662,-37.93290090742926,39491,COTEAUX DU LIZON,39
21530.0,3025.0,1649.6243055555556,1606.816269818341,42.808035737214595,40001,AIRE-SUR-L'ADOUR,40
22200.0,674.0,1915.9235668789809,1884.8780825964,31.0454842825809,40002,AMOU,40
23010.0,541.0,1914.1414141414143,1905.9919695566628,8.149444584751564,40031,BEGAAR,40
22700.0,1063.0,2306.1176470588234,2194.8843338526053,111.2333132062181,40075,CASTETS,40
22900.0,326.0,1785.316265060241,1770.079072813829,15.23719224641195,40077,CAUNEILLE,40
22330.0,386.0,2980.597014925373,2610.833426493889,369.7635884314841,40129,JOSSE,40
19870.0,1144.0,2193.1219717716453,1921.8709595119863,271.2510122596591,40134,LABOUHEYRE,40
24670.0,1154.0,3714.285714285714,3287.3420064153165,426.9437078703977,40150,LEON,40
21660.0,435.0,2254.901960784314,1590.5236738027643,664.3782869815495,40152,LESPERON,40
24060.0,905.0,2594.2028985507245,2473.69587562591,120.50702292481446,40157,LIT ET MIXE,40
27350.0,273.0,1770.812996792637,1901.0856922098312,-130.2726954171942,40178,MAZEROLLES,40
22080.0,3654.0,2758.6206896551726,2533.107196448378,225.51349320679446,40184,MIMIZAN,40
22510.0,198.0,1966.1016949152543,1674.6293512427167,291.4723436725376,40188,MOMUY,40
22030.0,13941.0,1984.9675324675325,2748.5828583434445,-763.615325875912,40192,MONT-DE-MARSAN,40
21970.0,234.0,1647.2701149425288,1675.6300125821465,-28.359897639617657,40195,MONTGAILLARD,40
21260.0,588.0,1625.0,1676.1276875486612,-51.12768754866124,40201,MUGRON,40
22580.0,1483.0,2068.416613957411,2262.060548240308,-193.64393428289713,40202,NARROSSE,40
22610.0,316.0,2553.191489361702,1881.150870393486,672.0406189682162,40211,ORIST,40
23290.0,2996.0,3159.2836879432625,2815.9922549547964,343.2914329884661,40217,PARENTIS EN BORN,40
22200.0,647.0,2164.642375168691,2132.2869957072758,32.355379461415396,40227,PISSOS,40
21190.0,1344.0,2368.4210526315787,2045.618552082363,322.80250054921567,40243,RION-DES-LANDES,40
21960.0,413.0,1601.6761954261956,1550.5331262194095,51.143069206786095,40267,SAINT-JUSTIN,40
22940.0,2120.0,1329.113924050633,1789.4148570311115,-460.3009329804786,40282,SAINT-SEVER,40
25430.0,1955.0,3518.5185185185187,3231.452078511257,287.0664400072619,40287,SANGUINET,40
24680.0,655.0,3203.3898305084745,2753.9370556298295,449.45277487864496,40292,SAUBRIGUES,40
22760.0,466.0,3419.139866177423,2830.5779194788247,588.5619466985981,40293,SAUBUSSE,40
22380.0,1036.0,4305.840943683409,3459.35434309759,846.4866005858189,40328,VIEUX BOUCAU-LES-BAINS,40
24720.0,2143.0,1863.276836158192,2300.7765597302264,-437.4997235720343,41047,LA CHAUSSEE SAINT VICTOR,41
25210.0,1085.0,1459.85401459854,1865.6329455452494,-405.77893094670935,41055,VALLOIRE-SUR-CISSE,41
25620.0,1228.0,1833.3333333333333,2177.8376244282645,-344.5042910949312,41067,COUR CHEVERNY,41
23880.0,484.0,985.0,1413.6915816204198,-428.6915816204198,41085,LA FERTE SAINT CYR,41
20870.0,497.0,1000.0,1252.7083494738429,-252.70834947384287,41095,FRETEVAL,41
23320.0,521.0,1588.654401154401,1814.4021754579442,-225.7477743035431,41101,HERBAULT,41
26480.0,1065.0,1701.8386524822695,2031.8304051433445,-329.991752661075,41142,VALENCISSE,41
23530.0,585.0,1750.0,1687.8833153229536,62.11668467704635,41148,MONTLIVAULT,41
20900.0,2070.0,1549.2957746478874,1811.0581919742692,-261.76241732638186,41151,MONTRICHARD VAL DE CHER,41
22850.0,1596.0,1626.0869565217392,2676.7340247468505,-1050.6470682251113,41167,VEUZAIN-SUR-LOIRE,41
22110.0,1409.0,1209.950110864745,1466.0096849058143,-256.05957404106925,41173,BEAUCE LA ROMAINE,41
20290.0,1365.0,1388.888888888889,1507.678253095542,-118.78936420665309,41198,SAINT AIGNAN,41
21590.0,2375.0,1125.0,1515.9321195735474,-390.9321195735474,41232,SALBRIS,41
22840.0,83.0,1632.5115562403698,1674.7264931683217,-42.21493692795184,41254,LE TEMPLE,41
22400.0,518.0,1228.7362637362637,1389.5609139893922,-160.82465025312854,41258,THESEE,41
22900.0,1184.0,1177.8579356270811,1719.8679801288222,-542.010044501741,41280,VILLEFRANCHE-SUR-CHER,41
24530.0,3488.0,1957.8947368421052,2491.7627428728815,-533.8680060307763,41295,VINEUIL,41
22200.0,4232.0,2622.105263157895,3220.2338389540596,-598.1285757961646,42005,ANDREZIEUX-BOUTHEON,42
25590.0,673.0,2850.4854368932038,2706.9334721333635,143.5519647598403,42010,AVEIZIEUX,42
19810.0,1550.0,1289.2857142857142,1426.3352541619831,-137.0495398762689,42019,BOEN-SUR-LIGNON,42
23000.0,724.0,1867.5892589258926,1756.4367632236006,111.15249570229207,42026,BRIENNON,42
26190.0,688.0,3144.927536231884,2797.4691764181025,347.4583598137815,42032,CELLIEU,42
27920.0,697.0,2391.3366336633662,2539.942238737633,-148.6056050742668,42043,CHAMBOEUF,42
20420.0,1951.0,1631.5100250626567,1574.2614413550566,57.24858370760012,42052,CHARLIEU,42
25340.0,599.0,2300.0,2163.795600819634,136.20439918036618,42065,CIVENS,42
21560.0,321.0,2040.8163265306123,1377.8760544753004,662.9402720553119,42073,COTTANCE,42
28340.0,553.0,2720.4148986327205,2544.317769074408,176.09712955831264,42087,ECOTAY-L OLME,42
20980.0,4056.0,2168.63038277512,2309.049147486978,-140.41876471185833,42094,FEURS,42
21280.0,1944.0,1919.1919191919192,1833.5414914023008,85.65042778961833,42103,LA GRAND-CROIX,42
21200.0,2021.0,2408.653846153846,2202.804873402396,205.84897275145022,42110,L HORME,42
23810.0,493.0,2217.995622263915,1967.493466160305,250.50215610360988,42115,JONZIEUX,42
22450.0,278.0,1037.6643796455116,1211.0856394469183,-173.42125980140668,42118,LAY,42
23650.0,568.0,1584.8876786929884,1703.544536950397,-118.65685825740866,42134,MARCILLY-LE-CHATEL,42
22210.0,7732.0,2381.818181818182,2491.867217707023,-110.04903588884099,42147,MONTBRISON,42
23730.0,2600.0,1967.4145299145298,2359.4111132249654,-391.99658331043565,42149,MONTROND-LES-BAINS,42
24340.0,670.0,2634.877816798361,2363.733026537625,271.14479026073604,42169,PERIGNEUX,42
23450.0,533.0,1626.4113892979872,1847.1140886544642,-220.70269935647707,42175,POUILLY-LES-FEURS,42
23970.0,1452.0,1728.6821705426357,1862.9700921972835,-134.2879216546478,42182,RENAISON,42
22590.0,4503.0,2066.085331672376,2118.454645255126,-52.36931358274978,42189,ROCHE-LA-MOLIERE,42
23510.0,483.0,1989.2156862745098,1914.456065658664,74.75962061584573,42239,ST-JEAN-ST-MAURICE-SUR-LOIRE,42
23810.0,485.0,2041.0098522167486,1931.9090886129661,109.10076360378253,42253,SAINT-LEGER-SUR-ROANNE,42
23780.0,2116.0,2525.252525252525,2621.5066670560614,-96.25414180353619,42256,SAINT-MARCELLIN-EN-FOREZ,42
25630.0,1524.0,2919.821353320089,2789.8974127491097,129.92394057097954,42259,SAINT-MARTIN-LA-PLAINE,42
22600.0,473.0,1678.8461538461538,1699.4159424381075,-20.56978859195374,42293,SAINT-VICTOR-SUR-RHINS,42
21570.0,2654.0,2478.2608695652175,2179.739064681539,298.52180488367867,42304,SURY-LE-COMTAL,42
22230.0,574.0,1262.046568627451,1375.575309138896,-113.528740511445,43018,BAINS,43
23380.0,2088.0,2250.0,2286.5875610569883,-36.58756105698831,43020,BAS-EN-BASSET,43
23770.0,277.0,2207.689393939394,2122.1756745058356,85.51371943355844,43140,LE MONTEIL,43
21280.0,1375.0,1254.8076923076924,1317.4937519918694,-62.68605968417705,43162,RETOURNAC,43
20570.0,1609.0,1570.5153949129854,1596.037642982095,-25.522248069109537,43185,SAINTE-FLORINE,43
23160.0,1088.0,2095.977011494253,2181.0415996054635,-85.06458811121047,43211,SAINT-MAURICE-DE-LIGNON,43
29050.0,3909.0,3609.553478712357,4184.584781268696,-575.0313025563391,44009,BASSE-GOULAINE,44
23960.0,1694.0,3907.6923076923076,2470.2182711908486,1437.474036501459,44010,BATZ-SUR-MER,44
24040.0,1272.0,2525.773195876289,2354.309067205859,171.46412867043,44013,BESNE,44
25430.0,1533.0,2877.3584905660377,2314.2229713792694,563.1355191867683,44014,BIGNON (LE),44
22760.0,4255.0,2200.152207001522,2293.245189219722,-93.09298221819972,44015,BLAIN,44
23740.0,8522.0,2786.41026962728,3655.9203554841333,-869.5100858568535,44020,BOUGUENAIS,44
22550.0,2058.0,2246.376811594203,2322.184766408542,-75.80795481433915,44021,VILLENEUVE-EN-RETZ,44
22690.0,1244.0,1850.3875968992247,1921.2479815005904,-70.8603846013657,44023,BOUVRON,44
23620.0,1561.0,2698.2092696629215,2622.368330742891,75.84093892003057,44025,CAMPBON,44
25080.0,919.0,2998.7613162445323,2707.4090981800896,291.3522180644427,44027,CASSON,44
26130.0,1592.0,2745.695613924846,2763.8178875730678,-18.122273648221835,44028,CELLIER (LE),44
24160.0,2878.0,2526.4423076923076,2724.964195108268,-198.52188741596046,44029,DIVATTE-SUR-LOIRE,44
22270.0,1837.0,2468.253968253968,2264.6895545085763,203.5644137453919,44030,LA CHAPELLE DES MARAIS,44
25340.0,1228.0,2500.0,2550.172353149733,-50.172353149733226,44033,LA CHAPELLE LAUNAY,44
24200.0,1043.0,2500.0,2478.5626366388133,21.437363361186726,44046,CORSEPT,44
25380.0,2291.0,3657.718120805369,2822.5747825923872,835.1433382129817,44049,LE CROISIC,44
21380.0,1414.0,1773.9130434782608,1546.5219227171342,227.39112076112656,44051,DERVAL,44
25270.0,7871.0,3598.2413583990297,3643.054286827344,-44.812928428314535,44069,GUERANDE,44
22510.0,1047.0,2592.5925925925926,2578.2162402728713,14.376352319721263,44077,JOUE-SUR-ERDRE,44
24140.0,2682.0,2925.0,2469.573361513273,455.4266384867269,44101,LA MONTAGNE,44
22090.0,3067.0,2469.879518072289,2440.516266458371,29.363251613918237,44103,MONTOIR-DE-BRETAGNE,44
23710.0,3773.0,2750.841626630062,2992.7402536438913,-241.89862701382935,44110,NORT SUR ERDRE,44
24700.0,1350.0,2851.315789473684,2991.9467603423413,-140.6309708686572,44117,PALLET (LE),44
23640.0,2392.0,4035.869565217391,3524.1391033032223,511.7304619141687,44126,LA PLAINE-SUR-MER,44
22840.0,593.0,2200.9803921568628,2082.9027229041785,118.07766925268425,44140,REGRIPPIERE (LA),44
23550.0,19589.0,3198.214285714286,3481.77702529566,-283.56273958137444,44143,REZE,44
23910.0,1211.0,2076.867816091954,2146.813387292397,-69.94557120044283,44145,ROUANS,44
22720.0,1546.0,2296.363636363636,2472.228740043054,-175.8651036794181,44149,SAFFRE,44
21980.0,1233.0,2016.6666666666665,1674.533517759587,342.13314890707943,44156,CORCOUE-SUR-LOGNE,44
24230.0,2390.0,2685.185185185185,2639.3197712946944,45.8654138904908,44166,SAINT JEAN DE BOISEAU,44
21420.0,2775.0,1195.121951219512,1276.3322576514358,-81.21030643192375,44180,VALLONS-DE-L'ERDRE,44
24210.0,2988.0,4000.0,3562.725875671414,437.2741243285859,44182,SAINT-MICHEL-CHEF-CHEF,44
21900.0,36069.0,2757.7230259192283,3088.5363827964943,-330.81335687726596,44184,SAINT-NAZAIRE,44
23860.0,2820.0,2506.1605107159144,2663.0910137716915,-156.93050305577708,44186,SAINTE PAZANNE,44
24430.0,3617.0,2466.6666666666665,2582.5822350525104,-115.91556838584393,44188,ST-PHILBERT-DE-GRAND-LIEU,44
25500.0,13239.0,3244.6153846153848,3433.643635763353,-189.02825114796815,44190,ST SEBASTIEN SUR LOIRE,44
22650.0,1139.0,2376.8761904761905,2201.6121013002003,175.2640891759902,44192,SAINT-VIAUD,44
30100.0,2974.0,3398.7179487179487,3493.3193503052953,-94.60140158734657,44201,SUCE-SUR-ERDRE,44
22380.0,994.0,1408.6452762923352,1666.679471141719,-258.03419484938377,44205,LES TOUCHES,44
25070.0,2680.0,4000.0,2259.8576378024336,1740.1423621975664,44211,LA TURBALLE,44
22650.0,1640.0,1868.131868131868,1961.881160735617,-93.74929260374893,44216,VIEILLEVIGNE,44
23690.0,697.0,2909.090909090909,2507.8255972665993,401.2653118243097,44220,VUE,44
23770.0,567.0,2088.9378478664194,2006.2346219745614,82.70322589185798,44221,LA CHEVALLERAIS,44
22430.0,665.0,1555.5555555555557,1618.9475096183749,-63.391954062819195,44224,LA GRIGONNAIS,44
22320.0,5704.0,1768.2926829268292,2013.8786640193894,-245.58598109256013,45004,AMILLY,45
22470.0,365.0,1476.5625,1450.512746120878,26.04975387912191,45018,AUXY,45
20940.0,863.0,976.7441860465117,1241.8307637740932,-265.08657772758147,45040,BONNY-SUR-LOIRE,45
22840.0,1110.0,2027.390410958904,2114.609092202793,-87.2186812438888,45061,CEPOY,45
23520.0,388.0,1439.3939393939395,1526.3692583728077,-86.97531897886824,45069,CHAMBON-LA-FORET,45
23370.0,3777.0,1828.3250587927882,2061.4420402282226,-233.11698143543435,45082,CHATEAUNEUF S LOIRE,45
25770.0,3642.0,2083.3333333333335,2548.9533448824136,-465.6200115490801,45089,CHECY,45
20910.0,1949.0,1296.3569239342435,1542.9663048356733,-246.60938090142986,45115,COURTENAY,45
23680.0,905.0,1859.3827160493827,2019.6507542356362,-160.26803818625353,45119,DADONVILLE,45
24770.0,620.0,1258.3065953654188,2515.498828420182,-1257.192233054763,45122,DAMPIERRE-EN-BURLY,45
25090.0,1552.0,1690.8450704225352,1940.771937733883,-249.9268673113479,45142,FAY-AUX-LOGES,45
22250.0,712.0,2017.5438596491229,1923.0924865117072,94.45137313741566,45148,FONTENAY-SUR-LOING,45
21170.0,137.0,1640.625,1593.1727609680377,47.452239031962336,45149,FOUCHEROLLES,45
24890.0,4044.0,2264.367816091954,2439.7371344979456,-175.36931840599163,45169,INGRE,45
21430.0,627.0,1437.5,1588.476740789984,-150.97674078998398,45178,LADON,45
26420.0,531.0,1908.47414234511,2059.778470014339,-151.30432766922877,45182,LIGNY-LE-RIBAULT,45
25260.0,1042.0,1982.8263274336282,2122.3997390854065,-139.57341165177831,45188,LOURY,45
26450.0,1220.0,2551.0204081632655,2654.019421922245,-102.99901375897934,45194,MARDIE,45
25770.0,646.0,3159.722222222222,2938.062606927746,221.65961529447623,45196,MAREAU-AUX-PRES,45
16670.0,7367.0,1915.0,1849.3232311190427,65.6767688809573,45208,MONTARGIS,45
24230.0,134.0,1536.346516007533,1676.1623767543808,-139.81586074684787,45209,MONTBARROIS,45
27680.0,9336.0,2427.3504273504273,2869.9103644472593,-442.5599370968321,45232,OLIVET,45
25700.0,1644.0,2493.1288291354663,2463.87864889624,29.25018023922621,45235,ORMES,45
22260.0,1571.0,1363.6363636363637,1854.7995260824964,-491.1631624461327,45247,PANNES,45
24110.0,1117.0,1493.119266055046,1759.2593075186132,-266.1400414635673,45254,POILLY-LEZ-GIEN,45
22700.0,1440.0,1831.0353535353536,2035.5738409744572,-204.53848743910362,45258,PUISEAUX,45
26680.0,567.0,2297.41847826087,2343.588619391456,-46.17014113058622,45261,REBRECHIEN,45
25240.0,1488.0,1752.5985761226725,2024.5734096004414,-271.9748334777689,45269,SAINT-AY,45
23370.0,872.0,1492.5373134328358,1754.360066202308,-261.8227527694721,45270,SAINT-BENOIT-SUR-LOIRE,45
27790.0,1437.0,2204.331683168317,2665.1274330660626,-460.79574989774574,45272,SAINT-CYR-EN-VAL,45
23190.0,1335.0,2057.4712643678163,2072.34355456638,-14.87229019856386,45273,SAINT-DENIS-DE-L HOTEL,45
20610.0,497.0,1195.121951219512,1302.8508468542773,-107.7288956347652,45278,SAINTE-GENEVIEVE-DES-BOIS,45
22930.0,809.0,1285.7142857142858,1605.1293429626423,-319.41505724835656,45279,SAINT-GERMAIN-DES-PRES,45
22100.0,9544.0,2501.5592515592516,2517.6056840899732,-16.04643253072163,45284,ST JEAN DE BRAYE,45
26090.0,4049.0,2487.9709595959594,3621.7675987880752,-1133.796639192116,45286,SAINT-JEAN-LE-BLANC,45
20200.0,2319.0,1783.5820895522388,1739.0029578550925,44.579131697146295,45315,SULLY-SUR-LOIRE,45
26110.0,582.0,1856.9105691056911,2128.6182552872046,-271.7076861815135,45317,TAVERS,45
25730.0,1310.0,1731.9620206489676,1993.8766511341348,-261.9146304851672,45327,TRAINOU,45
25570.0,775.0,1181.159420289855,1555.2625869736305,-374.1031666837755,45335,VIENNE-EN-VAL,45
24790.0,927.0,1713.2805755395684,1831.3702659817843,-118.0896904422159,45346,VITRY-AUX-LOGES,45
23570.0,320.0,1302.7522935779816,1385.3486930452189,-82.59639946723723,45347,VRIGNY,45
21390.0,481.0,1900.2705361534677,1614.029781647941,286.24075450552664,46028,BETAILLE,46
20730.0,953.0,1100.3225744843392,1273.3331938923784,-173.01061940803925,46029,BIARS SUR CERE,46
21440.0,232.0,1742.6609848484848,1723.0098351142683,19.65114973421646,46033,PORTE-DU-QUERCY,46
20570.0,850.0,1877.563454627134,1797.894204834053,79.66924979308101,46063,CASTELNAU-MONTRATIER,46
22230.0,281.0,1760.1010101010102,1634.068426091074,126.03258400993627,46066,CAZALS,46
22150.0,4838.0,1772.3108413325804,2087.7614347198805,-315.45059338730016,46102,FIGEAC,46
22670.0,315.0,1689.4670231729056,1827.5545327678547,-138.0875095949491,46118,GIGNAC,46
21830.0,472.0,1402.391304347826,1650.2310258604277,-247.83972151260173,46138,COEUR DE CAUSSE,46
22720.0,254.0,1660.6744359037937,1805.2537698909748,-144.57933398718114,46153,LANZAC,46
21160.0,289.0,2499.1496598639455,2033.1232228446706,466.0264370192749,46240,ROCAMADOUR,46
21240.0,318.0,2005.1475113122174,1712.5960858954134,292.551425416804,46263,BARGUELONNE-EN-QUERCY,46
19500.0,1656.0,1438.4615384615386,1348.62383409264,89.83770436889859,46309,SOUILLAC,46
19160.0,15608.0,1888.888888888889,2162.114591437777,-273.2257025488882,47001,AGEN,47
22890.0,341.0,1101.8939393939395,1327.4145557308218,-225.5206163368823,47028,BIRAC SUR TREC,47
22470.0,2292.0,1733.0174413646055,2017.3955939060095,-284.378152541404,47031,BOE,47
20490.0,152.0,1630.2215884159718,2037.018275403312,-406.7966869873401,47033,BOUDY-DE-BEAUREGARD,47
24480.0,840.0,2062.3381877022653,2346.9216854384385,-284.5834977361733,47040,BRAX,47
21960.0,1234.0,1468.75,1580.8242479195499,-112.07424791954986,47069,COLAYRAC ST CIRQ,47
20400.0,552.0,1637.0967741935483,1584.887686995995,52.209087197553345,47078,DAMAZAN,47
21180.0,209.0,1176.3649425287356,1400.423581106104,-224.05863857736836,47079,DAUSSE,47
20170.0,586.0,1109.6491228070176,1260.5707343047613,-150.9216114977437,47086,DURAS,47
21030.0,348.0,1493.3333333333333,1468.0042785038347,25.329054829498546,47095,FAUILLET,47
19470.0,173.0,1621.7012987012986,1503.2870138096428,118.41428489165583,47151,LOUBES-BERNAC,47
23530.0,1778.0,1926.3095238095239,2023.274703857125,-96.96518004760105,47209,PONT-DU-CASSE,47
22470.0,1594.0,1666.6666666666667,1850.017571169578,-183.35090450291136,47215,PUJOLS,47
18850.0,201.0,1225.3694581280788,1251.5149121870522,-26.145454058973428,47235,SAINT COLOMB DE LAUZUN,47
18320.0,2697.0,1611.6666666666667,1534.9392136297686,76.72745303689817,47252,SAINTE LIVRADE SUR LOT,47
20150.0,570.0,956.0714285714286,1073.4913083505778,-117.41987977914926,47264,SAINT PARDOUX ISAAC,47
21480.0,1090.0,1485.9375,1646.632292055083,-160.6947920550831,47280,SAINT SYLVESTRE SUR LOT,47
20260.0,411.0,1570.6778206778206,1473.1269682598004,97.55085241802021,47301,SEYCHES,47
21280.0,976.0,1600.0,1651.711181041353,-51.71118104135303,48061,FLORAC TROIS RIVIERES,48
21170.0,1337.0,1472.3557692307693,1516.243741546134,-43.88797231536478,48080,LANGOGNE,48
20830.0,561.0,1514.8809523809523,1399.5607556182947,115.32019676265759,48127,MONTS-DE-RANDON,48
20770.0,429.0,1825.0,1571.7054640741155,253.29453592588447,48146,GORGES DU TARN CAUSSES,48
18730.0,215.0,1414.141414141414,1372.814832236037,41.326581905377,48194,VIALAS,48
21450.0,66797.0,3074.471963791803,3048.650267822225,25.82169596957783,49007,ANGERS,49
21530.0,216.0,1624.9015748031497,1602.9109428320123,21.990631971137418,49017,BARACE,49
22280.0,2712.0,2107.975034674064,2127.7586596159144,-19.783624941850576,49021,BEAUFORT-EN-ANJOU,49
28850.0,2713.0,2859.825,3558.9676032446027,-699.1426032446029,49035,BOUCHEMAINE,49
21240.0,1452.0,1533.3333333333333,1581.5559581249097,-48.222624791576436,49127,DURTAL,49
20070.0,511.0,1178.0420168067226,1230.1150827187803,-52.0730659120577,49140,FONTEVRAUD L ABBAYE,49
22090.0,1067.0,1601.5625,1631.3526131234828,-29.790113123482797,49163,JARZE VILLAGES,49
22950.0,1280.0,2083.3333333333335,2500.0635013239266,-416.73016799059315,49192,MAULEVRIER,49
21620.0,6570.0,1651.948051948052,1825.5380931982613,-173.59004125020942,49218,MONTREVAULT SUR EVRE,49
25300.0,1042.0,2742.7685950413224,2517.68280183437,225.08579320695253,49241,PLESSIS-GRAMMOIRE (LE),49
23300.0,5851.0,2338.152985074627,2370.9624334029368,-32.80944832830983,49246,LES PONTS DE CE,49
22750.0,820.0,2050.8474576271187,2003.764773640389,47.08268398672976,49260,LA ROMAGNE,49
26120.0,1624.0,2905.2983131438923,2860.3535351033483,44.94477804054395,49278,STE GEMMES SUR LOIRE,49
22210.0,1143.0,1904.4117647058824,2174.360449609774,-269.9486849038917,49333,SEICHES-SUR-LE-LOIR,49
22810.0,521.0,2026.25,2038.6373680795928,-12.387368079592761,49352,TOUTLEMONDE,49
23070.0,1263.0,1746.987951807229,2263.186940139115,-516.1989883318861,49355,TREMENTINES,49
22200.0,467.0,1413.0434782608695,2240.396877628656,-827.3533993677866,49364,VAUDELNAY,49
20310.0,799.0,1638.5944456222176,1521.4647452392608,117.1297003829568,49368,VERNANTES,49
21190.0,3351.0,1379.3103448275863,1702.4653330583624,-323.1549882307761,49373,LYS-HAUT-LAYON,49
21070.0,574.0,980.0,1403.1365555904165,-423.1365555904165,49374,VILLEBERNIER,49
25110.0,2178.0,2252.747252747253,2746.39359236011,-493.646339612857,49377,RIVES-DU-LOIR-EN-ANJOU,49
27110.0,1683.0,2747.252747252747,3506.723253611119,-759.470506358372,50003,AGON-COUTAINVILLE,50
24400.0,1393.0,2822.780861749934,2703.7127805646173,119.06808118531671,50031,BARNEVILLE-CARTERET,50
22650.0,38106.0,2346.195358877496,2557.668898305825,-211.47353942832933,50129,CHERBOURG-EN-COTENTIN,50
22430.0,264.0,1106.901489117984,1423.2531819259852,-316.3516928080012,50137,LA COLOMBE,50
24890.0,403.0,3000.0,2174.0828665741287,825.9171334258713,50143,COUDEVILLE-SUR-MER,50
20280.0,4082.0,2260.27397260274,2086.231588285126,174.04238431761405,50147,COUTANCES,50
25950.0,697.0,2557.8552744163308,2437.793969472009,120.06130494432182,50162,DIGOSVILLE,50
22270.0,1308.0,2055.5555555555557,2047.5516536912805,8.003901864275122,50168,DUCEY LES CHERIS,50
23510.0,441.0,1683.6187068745207,1808.0403797411595,-124.4216728666388,50185,FLEURY,50
19940.0,152.0,824.5754716981132,1728.409525106395,-903.8340534082818,50210,GORGES,50
21010.0,2019.0,1790.6976744186047,1752.8698795803662,37.82779483823856,50236,LA HAYE,50
19720.0,640.0,1641.7797888386124,1435.9980820037883,205.78170683482404,50237,LA HAYE-PESNEL,50
21340.0,1383.0,1389.2676767676767,1475.7723218856315,-86.50464511795485,50256,ISIGNY-LE-BUAT,50
19920.0,788.0,1029.4117647058824,1264.271012084331,-234.85924737844857,50260,JUVIGNY LES VALLEES,50
20040.0,1058.0,1385.7142857142858,1279.291131263836,106.42315445044983,50267,LESSAY,50
22460.0,532.0,1847.679705882353,1741.808672336478,105.87103354587498,50272,TOURNEVILLE-SUR-MER,50
20420.0,634.0,1859.5959595959596,1776.595006456787,83.00095313917268,50273,MONTSENELLE,50
22060.0,1151.0,1234.1772151898733,1338.9338665964085,-104.75665140653518,50292,MARIGNY-LE-LOZON,50
20120.0,990.0,1773.1958762886597,1235.7513669637717,537.444509324888,50341,MONTEBOURG,50
24540.0,695.0,2524.113475177305,2414.7596770995015,109.35379807780373,50349,MONTMARTIN-SUR-MER,50
21810.0,1359.0,1202.3809523809523,1394.4400247036713,-192.05907232271898,50359,MORTAIN-BOCAGE,50
22870.0,546.0,2361.1111111111113,2314.39945861509,46.71165249602109,50388,ORVAL SUR SIENNE,50
22400.0,1278.0,1369.047619047619,1418.6217713409642,-49.57415229334515,50391,GRANDPARIGNY,50
21060.0,1396.0,1641.7910447761194,1690.596677188375,-48.80563241225559,50400,PICAUVILLE,50
22480.0,301.0,1635.6611893583724,1570.3318822545145,65.3293071038579,50401,PIERREVILLE,50
22720.0,798.0,2847.222222222222,2424.063956083981,423.1582661382413,50403,PIROU,50
21790.0,1367.0,1932.7868852459017,1817.974817342195,114.81206790370675,50419,QUETTREVILLE-SUR-SIENNE,50
22550.0,559.0,884.6153846153846,1799.8980179305725,-915.2826333151878,50436,ROMAGNY FONTENAY,50
21390.0,375.0,2283.852258852259,1429.475318343144,854.3769405091152,50455,SAINT-CLAIR-SUR-L'ELLE,50
23780.0,331.0,1930.4584304584305,1906.3503247449944,24.10810571343609,50480,SAINT-GERMAIN-LE-GAILLARD,50
23420.0,495.0,2698.4126984126983,2354.3732550617297,344.03944335096867,50481,SAINT-GERMAIN-SUR-AY,50
20870.0,2968.0,1235.640648011782,1771.219242288498,-535.5785942767159,50484,SAINT-HILAIRE-DU-HARCOUET,50
26460.0,2241.0,3575.9493670886077,3493.1544257373303,82.79494135127743,50532,SAINT-PAIR-SUR-MER,50
24830.0,615.0,2067.8119349005424,1957.087688288556,110.72424661198647,50554,SAINT-SENIER-SOUS-AVRANCHES,50
26930.0,599.0,2455.909090909091,2440.970570712155,14.93852019693577,50599,TOLLEVAST,50
21150.0,297.0,1299.2125984251968,1792.5521158447868,-493.33951741959004,50629,VESLY,50
26300.0,416.0,2195.601851851852,2142.688810331927,52.91304151992517,51025,AUMENANCOURT,51
23440.0,284.0,1427.5036549707602,1579.9072973086745,-152.40364233791433,51065,BLACY,51
25720.0,687.0,1501.904036557502,1784.6146243047467,-282.71058774724474,51074,BOULT-SUR-SUIPPE,51
20320.0,19589.0,1741.1076122672507,1797.5666000981264,-56.458987830875685,51108,CHALONS EN CHAMPAGNE,51
27370.0,474.0,2016.949152542373,2676.299991682921,-659.3508391405478,51153,CHOUILLY,51
26120.0,2864.0,2607.4766355140187,2824.356918827909,-216.88028331389023,51172,CORMONTREUIL,51
24970.0,623.0,2178.0538302277437,2159.7734748689413,18.280355358802353,51204,DAMERY,51
21850.0,1359.0,2178.5714285714284,1827.5130756115043,351.05835295992415,51217,DORMANS,51
20590.0,10852.0,2283.5271317829456,2285.866958276319,-2.3398264933734936,51230,EPERNAY,51
21310.0,983.0,1454.6019900497513,1545.093661482662,-90.49167143291061,51248,FERE-CHAMPENOISE,51
26980.0,307.0,2634.3537414965986,2697.155150107916,-62.801408611317584,51287,HAUTVILLERS,51
26610.0,538.0,2195.6561623138355,2324.3020859415815,-128.64592362774601,51329,LOIVRE,51
21050.0,331.0,1283.1190476190477,1245.7890807580027,37.32996686104502,51352,MAROLLES,51
26340.0,870.0,2556.818181818182,2563.3818635453017,-6.563681727119729,51391,MUIZON,51
26150.0,561.0,1413.0434782608695,1818.102681651843,-405.0592033909736,51431,PIERRY,51
21990.0,718.0,1674.9838187702267,2206.2968607423827,-531.313041972156,51440,PONTFAVERGER-MORONVILLIERS,51
28590.0,428.0,1818.3760683760684,1943.8033123774972,-125.42724400142879,51461,RILLY-LA-MONTAGNE,51
21130.0,2586.0,2114.1655319976658,2074.023859340724,40.141672656941864,51506,SAINT-MEMMIE,51
20090.0,1268.0,1420.358387257342,1485.0813681014033,-64.72298084406134,51559,SUIPPES,51
23810.0,4650.0,2360.0,2683.341768062863,-323.34176806286314,51573,TINQUEUX,51
23820.0,365.0,1505.8823529411766,1799.0899806472476,-293.207627706071,51647,VITRY-EN-PERTHOIS,51
24990.0,2015.0,2235.5868222374743,2471.336246048822,-235.7494238113477,51662,WITRY-LES-REIMS,51
22660.0,136.0,1864.5833333333333,1742.509964649299,122.07336868403422,52105,CHANGEY,52
19820.0,694.0,756.0732775786539,899.5442239428714,-143.47094636421753,52211,FRONCLES,52
18080.0,1386.0,918.6786085150571,1079.2087066371378,-160.53009812208063,52250,JOINVILLE,52
22100.0,839.0,1015.4320987654321,1253.7787730673404,-238.34667430190825,52332,VAL DE MEUSE,52
20780.0,1705.0,896.25,1681.7048142698395,-785.4548142698395,52353,NOGENT,52
21760.0,1148.0,1307.2164948453608,1645.0517868798643,-337.8352920345035,53003,AMBRIERES-LES-VALLEES,53
23290.0,1136.0,1629.7169811320755,1854.2027894366956,-224.48580830462015,53007,ARGENTRE,53
25760.0,2667.0,2190.4761904761904,2728.1022642447956,-537.6260737686052,53054,CHANGE,53
21610.0,2079.0,1649.5983935742972,1913.6356025751645,-264.0372090008673,53084,CRAON,53
23560.0,896.0,1968.75,1999.6484074139014,-30.898407413901396,53094,ENTRAMMES,53
21040.0,570.0,1303.030303030303,1500.8921093291613,-197.86180629885826,53123,JUVIGNE,53
21930.0,1018.0,1267.857142857143,1530.5995639193416,-262.7424210621987,53127,LASSAY-LES-CHATEAUX,53
23940.0,1849.0,2179.032258064516,2419.978306953603,-240.9460488890868,53140,LOUVERNE,53
22450.0,6185.0,1940.250541125541,2158.973866620262,-218.72332549472094,53147,MAYENNE,53
20900.0,1296.0,1596.3855421686746,1731.476962835475,-135.09142066680033,53152,MESLAY DU MAINE,53
22170.0,503.0,1691.2023460410558,1582.0068265734078,109.19551946764796,53168,NUILLE SUR VICOIN,53
21600.0,808.0,1480.1268171976494,1565.738685173229,-85.61186797557957,53182,PORT-BRILLET,53
21630.0,863.0,1572.6851851851852,1723.7576028396832,-151.07241765449794,53186,QUELAINES-SAINT-GAULT,53
23730.0,3348.0,1992.7297543213826,2488.442072193778,-495.7123178723955,53201,SAINT-BERTHEVIN,53
21960.0,334.0,1103.448275862069,1258.0108605484731,-154.56258468640408,53218,SAINTE GEMMES LE ROBERT,53
21940.0,569.0,1165.1785714285716,1528.263408170029,-363.08483674145737,53255,SAINTE-SUZANNE ET CHAMMES,53
21900.0,489.0,905.0,1284.3666325575177,-379.36663255751773,54065,BERTRICHAMPS,54
24950.0,293.0,1737.753036437247,1849.2468276358181,-111.49379119857122,54067,BEUVEILLE,54
22720.0,383.0,2484.126984126984,2132.698809562531,351.428174564453,54084,MONT-BONVILLERS,54
24040.0,1273.0,1837.7664673014874,2166.1105496686027,-328.34408236711533,54111,CHALIGNY,54
22280.0,3066.0,2381.955922865014,2258.0060773516184,123.94984551339576,54115,CHAMPIGNEULLES,54
25710.0,650.0,3676.5996767241377,3188.748869685036,487.8508070391017,54149,CRUSNES,54
23050.0,1319.0,1569.5652173913043,1812.183846395016,-242.6186290037117,54150,CUSTINES,54
29290.0,413.0,2663.326612903226,2749.9959803853462,-86.66936748212038,54151,CUTRY,54
23270.0,1384.0,1843.75,2117.710410340811,-273.960410340811,54152,DAMELEVIERES,54
22920.0,490.0,938.9226955149877,2025.7373697583232,-1086.8146742433355,54176,EINVILLE-AU-JARD,54
22890.0,4223.0,2224.031007751938,2420.1011725011335,-196.07016474919556,54184,ESSEY LES NANCY,54
21590.0,568.0,1932.690541781451,1815.1256637179995,117.56487806345149,54227,GIRAUMONT,54
27420.0,1124.0,1844.877999596693,2604.7326321420596,-759.8546325453667,54232,GONDREVILLE,54
23500.0,1307.0,2330.097087378641,2396.5943341098964,-66.49724673125547,54254,HAUCOURT-MOULAINE,54
28880.0,908.0,2707.079646017699,2871.696454688694,-164.61680867099494,54265,HOUDEMONT,54
28050.0,1431.0,2069.135802469136,2382.8763105137377,-313.74050804460194,54270,HUSSIGNY-GODBRANGE,54
24520.0,387.0,2530.0389483933786,2251.3913494949866,278.64759889839206,54279,JEZAINVILLE,54
19860.0,432.0,969.6180555555555,1054.0276239524035,-84.40956839684793,54284,JOUDREVILLE,54
24000.0,2366.0,2162.921348314607,2434.3176629428363,-271.39631462822945,54318,LIVERDUN,54
21740.0,924.0,2621.951219512195,2365.4268995337893,256.52431997840586,54321,LONGLAVILLE,54
18650.0,6561.0,2109.871031746032,2136.942896546154,-27.071864800122057,54323,LONGWY,54
27240.0,2594.0,2666.002233868889,4039.1607792815353,-1373.1585454126462,54328,LUDRES,54
23710.0,715.0,1978.6666666666667,1975.115971697208,3.5506949694588457,54351,MARBACHE,54
23350.0,1736.0,2012.2277676950998,1904.4722278420443,107.75553985305555,54415,PAGNY SUR MOSELLE,54
19130.0,986.0,1524.9095022624433,1252.575158849645,272.33434341279826,54425,PIENNES,54
21410.0,6016.0,1925.0,2251.2221947974745,-326.22219479747446,54431,PONT A MOUSSON,54
25230.0,506.0,1410.5711086226204,2328.047512334352,-917.4764037117318,54437,PULLIGNY,54
24070.0,1608.0,2391.4601063829787,2336.2124683480115,55.24763803496717,54451,REHON,54
22780.0,3264.0,1963.8690476190477,2099.2891019760123,-135.42005435696456,54483,SAINT-NICOLAS-DE-PORT,54
19940.0,6945.0,1822.9166666666667,1847.8732087008423,-24.956542034175527,54528,TOUL,54
21650.0,1126.0,1798.0,1798.670216807478,-0.6702168074780275,54536,TUCQUEGNIEUX,54
18680.0,11686.0,2182.9268292682927,1941.208737216188,241.7180920521048,54547,VANDOEUVRE LES NANCY,54
30240.0,875.0,2528.2119205298013,2719.6203613843727,-191.40844085457138,54557,BOIS-DE-HAYE,54
19120.0,2522.0,1457.142857142857,1509.5239482092293,-52.381091066372164,55122,COMMERCY,55
18820.0,256.0,1186.881188118812,1196.5655432757267,-9.684355156914762,55167,DUN SUR MEUSE,55
25050.0,911.0,1314.2857142857142,2533.460538227547,-1219.174823941833,55186,FAINS-VEEL,55
23250.0,365.0,1731.4471243042672,1838.0276503063726,-106.58052600210544,55236,HAUDAINVILLE,55
21010.0,879.0,1210.5263157894738,1551.9905497665136,-341.46423397703984,55351,MONTMEDY,55
22430.0,1124.0,2159.7938144329896,2201.4520904315095,-41.65827599851991,55505,THIERVILLE SUR MEUSE,55
20350.0,8199.0,1474.3589743589744,1759.2433104804122,-284.88433612143785,55545,VERDUN,55
22080.0,675.0,1233.2142857142858,1491.5797441750933,-258.36545846080753,55551,VIGNEULLES-LES-HATTONCHATEL,55
30120.0,2683.0,4757.8740157480315,4295.7197683610675,462.154247386964,56003,ARRADON,56
25130.0,463.0,2769.230769230769,2307.576316066134,461.654453164635,56018,BILLIERS,56
22500.0,846.0,1214.4688644688645,1375.2447828117465,-160.77591834288205,56024,BREHAN,56
20630.0,1123.0,1512.7118644067796,1551.2590192852952,-38.547154878515585,56026,BUBRY,56
24070.0,2947.0,2890.625,2826.59504013387,64.02995986612996,56036,CAUDAN,56
22080.0,1225.0,1815.6665468918432,1845.0738952315803,-29.407348339737155,56041,CLEGUEREC,56
25590.0,1625.0,3827.0675471698114,3412.809551971513,414.25799519829843,56046,CRACH,56
22700.0,358.0,1642.857142857143,1674.9570857541341,-32.09994289699125,56050,LA CROIX-HELLEAN,56
23980.0,1149.0,3314.965986394558,2818.9687229743367,495.9972634202213,56055,ETEL,56
22100.0,1813.0,1795.1807228915663,1850.2635859693803,-55.082863077813954,56061,LA GACILLY,56
22430.0,351.0,3508.333333333333,2810.90351405573,697.4298192776032,56062,GAVRES,56
20660.0,1924.0,900.2012072434608,1068.7189727835457,-168.51776554008495,56066,GOURIN,56
22980.0,738.0,2310.8585858585857,2294.1715480845983,16.687037773987413,56074,GUENIN,56
22590.0,2348.0,1739.1304347826087,2395.022337129744,-655.8919023471351,56075,GUER,56
22290.0,613.0,1785.7142857142858,1717.876049727843,67.83823598644267,56079,GUILLAC,56
21370.0,370.0,1250.0,1509.3699165065952,-259.36991650659525,56092,KERFOURN,56
24950.0,2803.0,2916.6666666666665,2676.994199061394,239.6724676052727,56094,KERVIGNAC,56
21330.0,10586.0,2461.099371198846,2381.4610036961144,79.6383675027314,56098,LANESTER,56
29380.0,4430.0,4087.8164888051892,4060.7189214601135,27.09756734507573,56107,LARMOR-PLAGE,56
23940.0,508.0,2117.1296296296296,1943.9973043958257,173.13232523380384,56109,LAUZACH,56
21630.0,1959.0,1993.2432432432433,1987.217781996002,6.02546124724131,56117,LOCMINE,56
21020.0,1401.0,1475.7575757575758,1564.088396641198,-88.33082088362221,56127,MAURON,56
20930.0,808.0,1875.0,1728.9129348858407,146.08706511415926,56128,MELRAND,56
23540.0,1305.0,3129.4117647058824,2838.1132800111823,291.29848469470016,56130,MERLEVENEZ,56
24310.0,1306.0,2458.3333333333335,2609.576134338033,-151.2428010046997,56137,MONTERBLANC,56
22750.0,720.0,1755.7046979865772,1653.297242376913,102.40745560966434,56141,MOUSTOIR-AC,56
21970.0,1465.0,1482.7586206896551,1765.4356701676247,-282.6770494779696,56144,EVELLYS,56
23800.0,1304.0,4193.548387096775,3684.1398072635466,509.40857983322803,56152,LE PALAIS,56
22270.0,1222.0,2289.4736842105262,2262.227204360444,27.246479850082324,56153,PEAULE,56
23340.0,4513.0,2376.237623762376,2413.836869462535,-37.59924570015892,56165,PLOERMEL,56
22580.0,2544.0,2427.3199845976123,2281.7613175494384,145.5586670481739,56166,PLOUAY,56
24810.0,1072.0,2974.137931034483,2849.1898315160647,124.94809951841808,56168,PLOUHARNEL,56
21540.0,1179.0,1381.8977591036414,1508.9975467330396,-127.09978762939818,56172,PLUMELEC,56
22570.0,986.0,2189.948342660353,2213.63230368045,-23.683961020097286,56174,PLUMELIN,56
21690.0,702.0,2101.4017132050285,1917.782437075306,183.6192761297225,56188,QUISTINIC,56
21480.0,801.0,1851.5625,1782.770586345286,68.79191365471411,56190,REGUINY,56
22600.0,1179.0,1707.3170731707316,2391.9650991605527,-684.648025989821,56197,VAL D'OUST,56
20570.0,290.0,1297.6190476190477,1211.0042709478873,86.61477667116037,56201,LE SAINT,56
20690.0,290.0,1519.2173252279636,1459.0286765004275,60.18864872753602,56203,SAINT-AIGNAN,56
23830.0,587.0,3149.3135011441645,2732.661255460554,416.65224568361054,56220,SAINTE HELENE,56
20980.0,680.0,1969.6969696969697,2033.2211589296237,-63.52418923265395,56221,SAINT-JACUT-LES-PINS,56
20320.0,604.0,1454.0816326530612,1461.974441428184,-7.89280877512283,56229,SAINT-MARTIN-SUR-OUST,56
25200.0,1646.0,3179.7619047619046,2614.816886852189,564.9450179097157,56231,SAINT-NOLFF,56
24330.0,1352.0,3311.702127659574,3059.042874116186,252.65925354338833,56234,SAINT-PIERRE-QUIBERON,56
21460.0,1308.0,2278.481012658228,1951.1027242182952,327.3782884399327,56244,SERENT,56
24930.0,2096.0,3326.086956521739,2948.94686190701,377.14009461472915,56248,SURZUR,56
29180.0,961.0,3684.2105263157896,3377.1447729290417,307.06575338674793,56258,LA TRINITE SUR MER,56
23600.0,630.0,1672.5243506493507,1725.2846747009069,-52.760324051556154,58051,CHALLUY,58
21140.0,4952.0,1250.0,1482.7205209972878,-232.72052099728785,58086,COSNE-COURS-SUR-LOIRE,58
20850.0,732.0,814.6341463414634,961.3285194180904,-146.69437307662702,58102,DONZY,58
21620.0,603.0,1214.8467432950192,1457.594790361601,-242.74804706658188,58104,DORNES,58
20270.0,902.0,1238.8037420382166,1413.08106080899,-174.2773187707735,58149,LUZY,58
19510.0,1596.0,869.5652173913044,1047.1678369308938,-177.60261953958945,58151,LA MACHINE,58
21510.0,645.0,687.5,1306.5692776177993,-619.0692776177993,58193,NEUVY SUR LOIRE,58
20190.0,623.0,865.5682347461575,948.4468280547094,-82.8785933085519,58227,ST AMAND EN PUISAYE,58
22600.0,556.0,1041.6666666666667,1431.7814097821329,-390.1147431154661,58232,SAINT-BENIN-D AZY,58
20290.0,365.0,1005.3571428571429,1191.9599166906164,-186.60277383347352,58246,SAINT-HONORE-LES-BAINS,58
22520.0,516.0,1260.8695652173913,1551.224050579235,-290.3544853618437,58261,SAINT PERE,58
22460.0,368.0,1375.0,1337.0123590413987,37.98764095860133,58302,VARENNES-LES-NARCY,58
22420.0,1280.0,1494.4191814799506,1483.089495147912,11.329686332038591,59015,ARLEUX,59
18920.0,11182.0,1900.0,1875.4981352001844,24.50186479981562,59017,ARMENTIERES,59
21460.0,808.0,1476.0262725779967,1504.236664175133,-28.210391597136322,59021,ASSEVENT,59
29920.0,680.0,2544.8340311004786,2713.285991732149,-168.45196063167032,59025,AUBERS,59
29820.0,1083.0,2877.6978417266187,2982.3964059125365,-104.6985641859178,59034,AVELIN,59
17240.0,2656.0,1419.7530864197531,1377.3793413125936,42.37374510715949,59079,BEUVRAGES,59
21910.0,830.0,1809.5238095238096,2003.8524778575388,-194.32866833372918,59084,BLARINGHEM,59
26910.0,611.0,2295.5508474576272,2362.6945620196398,-67.14371456201252,59105,BOUVIGNIES,59
26560.0,565.0,2322.5806451612902,2341.8502898295737,-19.26964466828349,59110,BROUCKERQUE,59
24050.0,653.0,1676.4705882352941,1751.648130169211,-75.17754193391693,59114,BRUILLE-ST-AMAND,59
20700.0,3234.0,1600.0,1709.2438889208152,-109.24388892081515,59131,CAPPELLE-LA-GRANDE,59
22060.0,288.0,1054.7368421052631,1633.3761550654706,-578.6393129602075,59138,CATTENIERES,59
22560.0,665.0,1386.3636363636363,1413.36002022504,-26.99638386140373,59151,COLLERET,59
16620.0,3766.0,1142.65,1363.7611792900373,-221.11117929003717,59153,CONDE SUR L ESCAUT,59
18010.0,1969.0,1350.877192982456,1492.5740800603307,-141.69688707787463,59170,DECHY,59
18440.0,17959.0,1469.0721649484535,1906.3198149838372,-437.2476500353837,59178,DOUAI,59
22070.0,320.0,1438.4519801186468,1609.6422091237782,-171.1902290051314,59192,EMERCHICOURT,59
23960.0,858.0,2337.092731829574,2427.733078687961,-90.64034685838715,59210,ESQUELBECQ,59
21970.0,2716.0,2148.1481481481483,2173.6109368863977,-25.4627887382494,59212,ESTAIRES,59
21230.0,521.0,1043.2692307692307,1340.0422448064035,-296.77301403717274,59218,ETROEUNGT,59
20110.0,2134.0,1531.25,1652.6382751752856,-121.38827517528557,59227,FENAIN,59
19240.0,2159.0,1365.6648451730418,1464.6914951767083,-99.02665000366642,59230,FERRIERE LA GRANDE,59
21520.0,479.0,1236.0635820593297,1476.7708597698938,-240.70727771056409,59243,FONTAINE-AU-PIRE,59
26580.0,1336.0,2829.9319727891157,2693.1861706534396,136.74580213567606,59256,FRETIN,59
29030.0,400.0,3465.960743801653,3284.6576945742922,181.3030492273606,59257,FROMELLES,59
24040.0,1647.0,2019.298245614035,2093.593611418147,-74.29536580411173,59260,GHYVELDE,59
23840.0,816.0,1579.3650793650793,1784.3226596109823,-204.95758024590305,59262,GODEWAERSVELDE,59
25290.0,914.0,1442.457689477557,2432.835996314775,-990.3783068372179,59265,GOMMEGNIES,59
18710.0,1904.0,1451.837187203041,1432.8161657816765,19.021021421364367,59276,GUESNAIN,59
21590.0,8232.0,1991.0,2006.7693874920192,-15.769387492019177,59279,HALLUIN,59
21260.0,1090.0,1141.6666666666665,1970.6032070704566,-828.9365404037901,59285,HASPRES,59
20680.0,956.0,1685.3275401069518,1539.1038907422376,146.22364936471422,59288,HAULCHIN,59
23140.0,7000.0,2489.1304347826085,3099.836359605399,-610.7059248227906,59299,HEM,59
23390.0,655.0,1551.7241379310344,1793.6467637809972,-241.92262584996274,59305,HERZEELE,59
22280.0,602.0,1416.6666666666667,1441.290329181904,-24.623662515237356,59313,HORDAIN,59
18880.0,2667.0,1553.3980582524273,1619.8648210572878,-66.46676280486054,59327,LALLAING,59
28160.0,11880.0,3368.4210526315787,3490.742000148187,-122.32094751660816,59328,LAMBERSART,59
22820.0,2118.0,1504.950495049505,1725.2964099469596,-220.34591489745458,59329,LAMBRES LEZ DOUAI,59
23390.0,1904.0,2584.035788228335,2336.8924186321487,247.1433695961864,59340,LEFFRINCKOUCKE,59
22400.0,5851.0,2300.3061224489793,2262.937928854199,37.36819359478022,59367,LYS LEZ LANNOY,59
19210.0,1113.0,950.8547008547009,1070.2895074409516,-119.43480658625072,59385,MARPENT,59
24500.0,4691.0,3372.093023255814,3302.531021292683,69.56200196313102,59386,MARQUETTE-LEZ-LILLE,59
26720.0,710.0,2734.6938775510203,2433.3932061860855,301.3006713649347,59388,MARQUILLIES,59
16320.0,11857.0,1228.783700980392,1878.9685749177197,-650.1848739373277,59392,MAUBEUGE,59
25250.0,897.0,2023.8553701326487,2475.0108361731145,-451.15546604046585,59401,METEREN,59
19330.0,622.0,1291.6666666666665,1335.2160878834977,-43.549421216831206,59418,MORTAGNE-DU-NORD,59
20750.0,343.0,1752.0397208803006,1642.223059965888,109.81666091441252,59444,ODOMEZ,59
19050.0,3518.0,1397.8494623655913,1554.9268347390298,-157.0773723734385,59447,ONNAING,59
25410.0,881.0,1990.3846153846155,2051.872699118437,-61.48808373382167,59471,PRESEAU,59
21050.0,911.0,1465.7104608911836,1529.7564830914466,-64.046022200263,59475,PROUVY,59
21990.0,1331.0,2111.152882205514,1870.8168583655417,240.33602383997209,59479,QUAROUBLE,59
19720.0,2124.0,1447.0588235294117,1582.2209917439823,-135.16216821457056,59481,LE QUESNOY,59
25610.0,2687.0,2450.0,2655.8973491927873,-205.89734919278726,59482,QUESNOY SUR DEULE,59
23130.0,967.0,1758.6206896551723,1895.95008951182,-137.32939985664757,59488,RAILLENCOURT-SAINTE-OLLE,59
17870.0,5158.0,1484.8296162119325,1658.7107550235098,-173.88113881157733,59491,RAISMES,59
22600.0,774.0,1542.056074766355,1887.4059230387772,-345.34984827242215,59499,REXPOEDE,59
18400.0,1244.0,937.3697916666667,1381.374418402994,-444.0046267363273,59525,SAINS-DU-NORD,59
23930.0,489.0,1749.5192307692307,1821.3817925421772,-71.86256177294649,59546,SAINT SYLVESTRE-CAPPEL,59
24400.0,1057.0,2081.440620782726,2124.9800655862714,-43.53944480354539,59557,SAULTAIN,59
22460.0,5560.0,2389.3653516295026,2334.005402082715,55.35994954678745,59560,SECLIN,59
24650.0,559.0,1751.4140271493213,1976.5289073853198,-225.1148802359985,59579,STEENE,59
23050.0,1818.0,1761.6633366633366,1928.229224000067,-166.56588733673038,59580,STEENVOORDE,59
29900.0,343.0,2686.4378354203936,2721.090881999073,-34.65304657867955,59600,TOURMIGNIES,59
25140.0,443.0,935.428126145948,1249.2536975006913,-313.82557135474326,59610,VERCHAIN MAUGRE,59
20680.0,592.0,1111.111111111111,1340.2253377394015,-229.11422662829045,59614,VIESLY,59
22070.0,491.0,1485.568181818182,1497.0848761910138,-11.516694372831807,59622,VILLERS-EN-CAUCHIES,59
19050.0,845.0,1377.9527559055118,1336.3856313117337,41.56712459377809,59624,VILLERS-OUTREAUX,59
26900.0,4529.0,3092.355889724311,3231.109608623768,-138.753718899457,59636,WAMBRECHIES,59
26830.0,477.0,2797.470794392523,2392.0794163278233,405.3913780646999,59638,WANNEHAIN,59
25680.0,1188.0,2156.028368794326,2361.310843474716,-205.2824746803899,59660,WILLEMS,59
27760.0,204.0,1902.8187919463087,1978.3702539415451,-75.55146199523642,60003,ABBEVILLE ST LUCIEN,60
24750.0,467.0,2528.409090909091,2385.6162419886878,142.79284892040323,60006,LES AGEUX,60
25370.0,725.0,1917.4614388319792,2169.2056771658686,-251.74423833388937,60009,ALLONNE,60
24560.0,1308.0,2399.267399267399,2436.1372672618145,-36.86986799441547,60012,ANDEVILLE,60
23620.0,761.0,1567.2274387063121,1786.61116172957,-219.38372302325797,60025,ATTICHY,60
21200.0,196.0,1282.7932098765432,1415.6124235843129,-132.81921370776968,60039,BACOUEL,60
23340.0,878.0,1979.1666666666667,1894.2635747057645,84.9030919609022,60041,BAILLEUL SUR THERAIN,60
23770.0,674.0,2142.673364371478,1884.917027904572,257.75633646690585,60044,BALAGNY SUR THERAIN,60
19520.0,23968.0,2155.7659208261616,3572.9600859038696,-1417.194165077708,60057,BEAUVAIS,60
25700.0,834.0,3026.315789473684,2891.3562131051663,134.9595763685179,60086,BORAN SUR OISE,60
25690.0,240.0,2818.627450980392,2539.369807044579,279.2576439358131,60101,BREGY,60
19270.0,1811.0,1751.082251082251,1787.6739924138406,-36.591741331589446,60104,BRETEUIL,60
26030.0,1331.0,2292.929292929293,2844.0488842506043,-551.1195913213114,60107,BREUIL LE VERT,60
22550.0,785.0,1901.2345679012346,1988.6379185549608,-87.40335065372619,60119,CAMBRONNE LES RIBECOURT,60
24570.0,981.0,2284.148148148148,2298.332540687377,-14.184392539229066,60134,CAUFFRY,60
34080.0,260.0,3796.6346153846152,3734.8538815867614,61.78073379785383,60170,COURTEUIL,60
15440.0,11475.0,2380.281690140845,2372.704522998485,7.57716714235994,60175,CREIL,60
20500.0,1396.0,1681.0344827586207,1674.9185613837901,6.115921374830577,60178,CREVECOEUR LE GRAND,60
26240.0,534.0,2358.608608608609,2381.96681753153,-23.35820892292122,60218,ESCHES,60
19130.0,612.0,1785.7142857142858,1595.9764334502913,189.73785226399445,60233,FEUQUIERES,60
19260.0,959.0,1515.1515151515152,1631.0926941113703,-115.94117895985505,60245,FORMERIE,60
25320.0,510.0,2315.3153153153153,2353.6520718376178,-38.336756522302494,60256,MONTCHEVREUIL,60
24700.0,631.0,2066.326530612245,2347.6358712477127,-281.30934063546783,60277,GOINCOURT,60
31500.0,3612.0,3106.813852813853,3435.351337854779,-328.5374850409262,60282,GOUVIEUX,60
19400.0,1197.0,1532.4675324675325,1446.4987955798213,85.9687368877112,60286,GRANDVILLIERS,60
23650.0,259.0,1817.2743055555557,1937.6086211156805,-120.33431556012488,60323,JANVILLE,60
25660.0,2298.0,2500.0,2813.923045804734,-313.9230458047341,60338,LACROIX ST OUEN,60
25740.0,233.0,2090.1639344262294,2174.634253833172,-84.47031940694251,60361,LIANCOURT ST PIERRE,60
23050.0,810.0,1117.3896499238965,1447.39307767349,-330.0034277495936,60403,MILLY SUR THERAIN,60
24160.0,556.0,2580.6451612903224,2414.1174958756264,166.527665414696,60404,MOGNEVILLE,60
21110.0,2261.0,1969.879518072289,1858.183676520543,111.69584155174607,60439,MOUY,60
26830.0,438.0,2077.3917552501944,2198.2937734973148,-120.9020182471204,60489,PEROY LES GOMBRIES,60
26570.0,732.0,2805.3763440860216,2423.991535383554,381.3848087024676,60491,PIERREFONDS,60
29870.0,727.0,2765.151515151515,2864.1463225514726,-98.99480739995761,60494,PLAILLY,60
25550.0,304.0,2589.9405772495757,2349.798183987519,240.14239326205643,60517,PUISEUX LE HAUBERGER,60
22540.0,1080.0,2058.823529411765,2122.36265239784,-63.5391229860752,60524,RANTIGNY,60
24910.0,749.0,2503.31088664422,2474.0033795443574,29.307507099862505,60531,REMY,60
20510.0,803.0,1951.219512195122,1790.4984625662005,160.7210496289215,60533,RESSONS SUR MATZ,60
27620.0,241.0,2578.9473684210525,2462.4355879597533,116.51178046129917,60547,ROSOY,60
25660.0,586.0,2147.0588235294117,2185.712499186029,-38.65367565661745,60570,ST CREPIN IBOUVILLERS,60
24660.0,415.0,1991.3223140495868,2040.147779983884,-48.8254659342972,60578,SAINTINES,60
19810.0,2611.0,1666.6666666666667,1770.6179527458942,-103.95128607922743,60581,ST JUST EN CHAUSSEE,60
22220.0,414.0,2118.8197233377955,2078.5707887884237,40.248934549371825,60590,ST OMER EN CHAUSSEE,60
21450.0,1172.0,1945.1114922813035,1793.815236922648,151.29625535865557,60616,SERIFONTAINE,60
29340.0,447.0,2669.270833333333,2889.6213206845005,-220.35048735116743,60631,THIERS SUR THEVE,60
26130.0,411.0,2289.6634615384614,2209.563982001287,80.09947953717437,60642,TRACY LE VAL,60
22570.0,1191.0,2467.6470588235293,2193.3917491962384,274.2553096272909,60665,VENETTE,60
27360.0,1972.0,2690.0,2742.816507610782,-52.81650761078208,60670,VERNEUIL EN HALATTE,60
19910.0,577.0,1411.7333333333333,1433.5076399128195,-21.774306579486165,61008,AUBE,61
20910.0,580.0,1157.3333333333333,1268.5620909225333,-111.22875758920009,61075,CEAUCE,61
21650.0,1283.0,1116.2878787878788,1568.9563225435156,-452.6684437556369,61096,RIVES D'ANDAINE,61
22280.0,901.0,1440.0,1716.7857838781606,-276.7857838781606,61116,SABLONS-SUR-HUISNE,61
22820.0,601.0,1253.8461538461538,1556.8292123885778,-302.98305854242403,61243,MAGNY LE DESERT,61
21780.0,521.0,833.4904919063335,1017.4977443803338,-184.0072524740002,61294,MORTREE,61
20890.0,964.0,1287.7121212121212,1430.2664340968083,-142.55431288468708,61339,PUTANGES-LE-LAC,61
20700.0,86.0,1322.938596491228,1610.3037588373086,-287.3651623460805,61346,LE RENOUARD,61
21960.0,379.0,1343.2377049180327,2014.8493276783743,-671.6116227603416,61376,SAINT-CLAIR-DE-HALOUZE,61
22890.0,211.0,1507.936507936508,1624.9066068573459,-116.97009892083793,61405,SAINT HILAIRE-SUR-ERRE,61
22880.0,666.0,1650.1369327073553,1752.7222066511877,-102.58527394383236,61456,SAINT-SULPICE-SUR-RISLE,61
20400.0,1779.0,1396.7674805771367,1458.5450215548587,-61.77754097772208,61464,SEES,61
22020.0,1599.0,1539.0086206896551,1760.2698628661592,-221.26124217650408,61474,GOUFFERN EN AUGE,61
24230.0,650.0,1543.3070866141732,1788.2749254272098,-244.96783881303668,61497,VALFRAMBERT,61
22100.0,1217.0,1537.9166666666667,1661.6130901674542,-123.69642350078743,62023,ALLOUAGNE,62
22390.0,852.0,3333.3333333333335,2732.742380497085,600.5909528362486,62025,AMBLETEUSE,62
21710.0,633.0,1356.495867768595,1605.1513174938168,-248.65544972522184,62045,AUBIGNY-EN-ARTOIS,62
19290.0,11668.0,1570.1555023923445,1841.4512937693542,-271.29579137700966,62119,BETHUNE,62
21690.0,1812.0,1818.0722891566265,1910.3680662432869,-92.29577708666034,62128,BIACHE-SAINT-VAAST,62
25290.0,952.0,1733.7254901960782,2031.006168513211,-297.2806783171327,62170,BOUVIGNY-BOYEFFLES,62
22660.0,2172.0,1684.084548534394,1825.954160208205,-141.86961167381105,62173,BREBIERES,62
17350.0,9358.0,1355.9322033898304,1691.3242873419742,-335.3920839521438,62178,BRUAY LA BUISSIERE,62
17610.0,2307.0,1418.4397163120568,1373.8455627670169,44.594153545039944,62194,CALONNE RICOUART,62
20790.0,700.0,1382.9787234042553,1280.3599870557448,102.61873634851054,62197,CAMBLAIN-CHATELAIN,62
21230.0,1279.0,3097.154761904762,1650.7152525917897,1446.4395093129722,62201,CAMIERS,62
20530.0,636.0,1261.8639921722115,1282.7531929244826,-20.88920075227111,62295,ENQUIN-LEZ-GUINEGATTE,62
21580.0,1409.0,2181.25,2020.093516484532,161.15648351546793,62297,EPERLECQUES,62
23290.0,753.0,1716.4772727272727,1930.325561957919,-213.8482892306463,62310,ESSARS,62
19350.0,1779.0,1880.2083333333333,1709.9677550442946,170.2405782890387,62321,EVIN-MALMAISON,62
25700.0,483.0,2606.6993464052284,2563.686400677394,43.01294572783445,62323,FAMPOUX,62
22310.0,332.0,1119.6969696969697,1277.5879693142087,-157.890999617239,62340,FLORINGHEM,62
17990.0,990.0,979.3133802816901,1077.0480527802692,-97.73467249857913,62364,FRUGES,62
18570.0,2053.0,1296.6594045025417,1333.0023218309905,-36.34291732844872,62400,HAILLICOURT,62
20400.0,1744.0,1556.6037735849056,1482.1952368208665,74.40853676403913,62401,HAISNES,62
19170.0,11239.0,1558.3720930232557,1608.6707071994192,-50.29861417616348,62427,HENIN-BEAUMONT,62
25890.0,1028.0,1886.7924528301887,2230.4285131416964,-343.63606031150766,62454,HINGES,62
22880.0,702.0,1520.7729468599034,1628.172593802672,-107.39964694276864,62479,LABEUVRIERE,62
21570.0,445.0,1335.7954545454545,1527.7597272731482,-191.9642727276937,62486,LAMBRES,62
21470.0,1466.0,1857.142857142857,1871.8240575362404,-14.681200393383278,62489,LAPUGNOY,62
17250.0,13571.0,1282.8194070080863,1848.5648945298724,-565.7454875217861,62498,LENS,62
20350.0,2750.0,1615.217391304348,1345.8802499262517,269.33714137809625,62528,LOOS EN GOHELLE,62
23350.0,533.0,1929.203539823009,2017.7739887352225,-88.57044891221358,62584,MONT-BERNENCHON,62
21070.0,1035.0,3600.0,1789.9292584115863,1810.0707415884137,62588,MONTREUIL-SUR-MER,62
22870.0,1909.0,2536.5625,2671.380127726153,-134.8176277261532,62688,RANG-DU-FLIERS,62
20990.0,964.0,1724.7706422018348,1811.8610365705993,-87.09039436876446,62735,SAILLY-LABOURSE,62
19920.0,2474.0,1450.0,1702.4335839591447,-252.4335839591447,62737,SAINS EN GOHELLE,62
26350.0,1567.0,1834.5864661654136,2114.5236346835304,-279.9371685181168,62744,SAINTE-CATHERINE,62
21570.0,3084.0,1955.5492424242425,2077.909228703521,-122.35998627927847,62753,SAINT-LAURENT-BLANGY,62
21970.0,2575.0,1911.392405063291,2029.1122490224973,-117.71984395920617,62757,SAINT-MARTIN-LEZ-TATINGHEM,62
18810.0,2294.0,1229.9019607843138,1395.7633718963327,-165.8614111120189,62767,ST-POL-SUR-TERNOISE,62
16370.0,3596.0,1711.2142471667566,1620.7598725811392,90.45437458561742,62771,SALLAUMINES,62
20220.0,1725.0,2035.1507713884994,1864.1896364522804,170.96113493621897,62773,SAMER,62
21800.0,1055.0,1328.5714285714287,1500.2336625646485,-171.66223399321984,62841,VENDIN-LES-BETHUNE,62
21110.0,1440.0,1641.025641025641,1638.5663795431788,2.4592614824623524,62848,VERQUIN,62
21590.0,1982.0,1458.421052631579,1882.7921141588004,-424.3710615272214,62865,VITRY EN ARTOIS,62
21600.0,496.0,1603.2259462040427,1722.6142575464567,-119.388311342414,62882,WAVRANS-SUR-L AA,62
18470.0,3259.0,1506.578947368421,1541.0986147549715,-34.51966738655051,62907,LIBERCOURT,62
26660.0,677.0,2187.062324929972,2657.7207599320677,-470.65843500209576,62908,LA CAPELLE LES BOULOGNE,62
21990.0,3179.0,1365.0,1636.5882062212956,-271.58820622129565,63003,AMBERT,63
19860.0,849.0,1328.125,1299.0474348828893,29.07756511711068,63010,ARLANC,63
25900.0,608.0,1656.060606060606,1784.625864161072,-128.56525810046605,63034,BEAUREGARD-L EVEQUE,63
22540.0,2115.0,2025.884763500197,2283.304195423816,-257.41943192361896,63040,BILLOM,63
21080.0,136.0,1247.4473443223444,1391.142270155143,-143.69492583279862,63046,BOUDES,63
20640.0,1559.0,1523.7048129086104,1464.085406860818,59.61940604779238,63050,BRASSAC-LES-MINES,63
24080.0,2269.0,1941.3461538461538,2640.974471060341,-699.6283172141871,63069,LE CENDRE,63
23120.0,197.0,2923.076923076923,2546.512644333703,376.5642787432198,63077,CHAMBON-SUR-LAC,63
21760.0,515.0,1279.9223085460599,1363.096401352079,-83.17409280601919,63085,CHAPDES-BEAUFORT,63
25130.0,780.0,2420.0,2372.4964840458388,47.50351595416123,63092,CHARBONNIERES-LES-VARENNES,63
26340.0,1411.0,2367.035217035217,2737.7361574570846,-370.7009404218675,63099,CHATEAUGAY,63
24720.0,737.0,2293.0647628760835,2244.789092844686,48.27567003139757,63106,CHAURIAT,63
19970.0,410.0,984.2538759689922,1171.7133540721488,-187.45947810315658,63165,GIAT,63
22320.0,446.0,1420.3821656050955,1671.3767283834945,-250.9945627783991,63201,LUZILLAT,63
22690.0,386.0,1478.9979902383002,1755.6417481568142,-276.643757918514,63207,MARAT,63
24410.0,491.0,1740.3333333333335,1841.0363649832152,-100.70303164988172,63229,MOISSAT,63
19770.0,416.0,911.1336032388664,1106.0519671427378,-194.9183639038714,63233,MONTAIGUT-EN-COMBRAILLE,63
22620.0,398.0,1777.0833333333335,1769.2126656134437,7.870667719889752,63234,MONTAIGUT-LE-BLANC,63
21740.0,584.0,2666.3440860215055,1549.9878798574352,1116.3562061640703,63236,MONT-DORE,63
20480.0,363.0,1496.1427193828351,1547.258845401968,-51.116126019132935,63258,OLLIERGUES,63
23090.0,9019.0,2227.7227722772277,3464.034093521004,-1236.311321243776,63300,RIOM,63
28510.0,1377.0,2380.9523809523807,2617.012567098681,-236.0601861463001,63302,LA ROCHE BLANCHE,63
26290.0,798.0,2614.1304347826085,2517.298722996868,96.83171178574048,63315,SAINT-AMANT-TALLENDE,63
21060.0,371.0,1996.3855421686746,1334.7182441136297,661.667298055045,63319,SAINT-ANTHEME,63
20150.0,110.0,1867.2380952380954,1681.5981093858031,185.63998585229228,63324,SAINT-BONNET-LE-CHASTEL,63
19310.0,1649.0,840.0,1834.2977447219089,-994.2977447219089,63338,SAINT ELOY LES MINES,63
21800.0,887.0,1673.125,1626.8775347964058,46.247465203594174,63352,SAINT-GERMAIN-LEMBRON,63
21200.0,813.0,985.0424448217318,1163.9466945148154,-178.90424969308356,63393,SAINT-REMY-SUR-DUROLLE,63
23000.0,603.0,1716.4179104477612,1789.6027134282258,-73.18480298046461,64123,BIDACHE,64
22820.0,462.0,1318.2382133995038,1563.2571329418038,-245.01891954229995,64188,CHERAUTE,64
23710.0,3442.0,4734.285714285715,4173.177507626287,561.1082066594281,64189,CIBOURE,64
22770.0,3314.0,2280.0,2249.645223431207,30.354776568793113,64284,JURANCON,64
23000.0,705.0,1961.6571699905035,2054.5443960406574,-92.88722605015391,64324,LASSEUBE,64
23800.0,571.0,2558.407079646018,2328.7863232178725,229.62075642814534,64386,MIREPEIX,64
23970.0,1942.0,2493.9024390243903,2488.179231759309,5.723207265081328,64393,MONEIN,64
24860.0,1920.0,2702.9220779220777,2760.5275480659247,-57.605470143847015,64405,MORLAAS,64
22060.0,1560.0,1921.8700725323242,1850.6783391894146,71.19173334290963,64417,NAY,64
22050.0,5250.0,1861.607142857143,2043.2868357398602,-181.6796928827173,64430,ORTHEZ,64
20970.0,39549.0,2521.441701680672,2890.572122943364,-369.1304212626919,64445,PAU,64
26170.0,763.0,1268.9176245210729,1687.8611456498681,-418.9435211287953,64448,POEY DE LESCAR,64
23390.0,7737.0,3351.2820512820513,3187.2748465098903,164.007204772161,64483,SAINT-JEAN-DE-LUZ,64
23070.0,2948.0,3665.0511786600496,2601.9791171032975,1063.072061556752,64495,SAINT-PEE-SUR-NIVELLE,64
23880.0,2746.0,4107.262692307692,3099.5097212090263,1007.752971098666,64496,SAINT-PIERRE-D IRUBE,64
24960.0,1172.0,3604.3956043956046,2404.3602572504437,1200.0353471451608,64540,URCUIT,64
22990.0,614.0,1919.5416666666667,1929.2393735688759,-9.69770690220912,65007,ANDREST,65
23240.0,1515.0,2233.009708737864,2088.612446272691,144.39726246517284,65062,BARBAZAN DEBAT,65
22730.0,317.0,2263.157894736842,2088.95298540581,174.204909331032,65101,BORDES,65
23090.0,530.0,1877.4193548387098,1890.9958068175738,-13.576451978864043,65198,GERDE,65
23630.0,1780.0,1948.0431697220579,1939.091041549143,8.952128172914854,65235,JUILLAN,65
21110.0,183.0,1339.4091710758378,1457.5372317002339,-118.12806062439608,65243,LAFITOLE,65
24580.0,790.0,1729.4797403619198,2098.2712382911304,-368.79149792921066,65251,LALOUBERE,65
18810.0,7424.0,1801.6528559935641,1942.5537383623562,-140.90088236879205,65286,LOURDES,65
21120.0,179.0,1233.9357429718875,1544.9039572713373,-310.96821429944976,65296,MADIRAN,65
20470.0,1082.0,992.3076923076924,1088.7467113817302,-96.43901907403779,65304,MAUBOURGUET,65
22140.0,59.0,1112.6845794392525,1303.7713318912574,-191.08675245200493,65305,MAULEON-BAROUSSE,65
22920.0,352.0,1437.5,1608.7137238002988,-171.2137238002988,65320,MONTGAILLARD,65
23160.0,819.0,1934.7826086956522,1877.6842319069463,57.09837678870599,65340,ORLEIX,65
24200.0,123.0,1176.111111111111,1382.1616444557224,-206.05053334461127,65418,SENAC,65
22190.0,1626.0,2748.7080103359176,2487.387901191567,261.3201091443507,66002,ALENYA,66
22210.0,668.0,1430.7692307692307,1615.1059770696547,-184.336746300424,66015,BANYULS DELS ASPRES,66
22380.0,2158.0,2897.196261682243,2523.011932906684,374.18432877555915,66016,BANYULS SUR MER,66
23310.0,433.0,3886.6666666666665,3160.7605384997,725.9061281669665,66020,BOLQUERE,66
19810.0,434.0,1379.1866438356165,1293.4789952992487,85.70764853636774,66023,BOULETERNERE,66
21840.0,3898.0,2254.237288135593,2206.21092067202,48.026367463573024,66049,CERET,66
21840.0,468.0,2168.4451219512193,1666.6395719410666,501.80555001015273,66056,CORBERE LES CABANES,66
21830.0,832.0,2044.871794871795,1815.6172561213034,229.25453875049152,66058,CORNEILLA DE LA RIVIERE,66
22360.0,1084.0,2560.3101325757575,2193.3600255727406,366.9501070030169,66059,CORNEILLA DEL VERCOL,66
18620.0,1051.0,1383.3333333333335,1205.055874978075,178.27745835525843,66071,ESTAGEL,66
21750.0,565.0,2000.0,1576.8560248317676,423.1439751682324,66084,FOURQUES,66
21460.0,1312.0,2272.7272727272725,1864.803850418934,407.92342230833856,66106,MAUREILLAS LAS ILLAS,66
23020.0,704.0,2672.6254722072317,2455.4640858491957,217.161386358036,66114,MONTESCOT,66
24410.0,622.0,2090.0,2218.355186971109,-128.3551869711091,66115,MONTESQUIEU DES ALBERES,66
21740.0,1369.0,2125.925925925926,2015.3475998535394,110.57832607238674,66133,PALAU DEL VIDRE,66
17380.0,55482.0,2222.222222222222,2544.148997282484,-321.92677506026166,66136,PERPIGNAN,66
20040.0,4158.0,2636.911229946524,2411.0923115869496,225.81891835957458,66141,PIA,66
22740.0,1307.0,2387.83185840708,2255.951073395407,131.88078501167274,66145,PONTEILLA,66
19260.0,432.0,1869.7556390977443,1628.2420265131989,241.5136125845454,66150,PRATS-DE-MOLLO-LA-PRESTE,66
21770.0,630.0,2740.3846153846152,2483.0263621715467,257.35825321306856,66177,ST JEAN LASSEILLE,66
21460.0,2603.0,3133.3333333333335,1760.6959850498804,1372.637348283453,66182,SAINTE-MARIE-LA-MER,66
22080.0,1849.0,2361.1111111111113,2284.1711290658864,76.93998204522495,66212,TORREILLES,66
22290.0,3253.0,2198.5496031746034,2126.744548732329,71.80505444227447,66213,TOULOUGES,66
19910.0,876.0,2002.808988764045,1822.7769386847347,180.03205007931024,66222,VERNET-LES-BAINS,66
21060.0,1421.0,2011.0518292682927,1904.3915034746992,106.66032579359353,66224,VILLELONGUE DE LA SALANQUE,66
27320.0,617.0,2851.7347580138276,2830.3374813742616,21.397276639565916,69023,BLACE,69
21950.0,16960.0,4054.3358732093875,3472.6763798886072,581.6594933207803,69029,BRON,69
27050.0,444.0,3784.6610915492956,3475.112525623464,309.54856592583155,69051,CHAUSSAN,69
27050.0,790.0,2842.4477124183004,2680.2732043268456,162.17450809145475,69056,CHESSY,69
35240.0,1809.0,3607.312252964427,3772.6482520784803,-165.33599911405327,69063,COLLONGES-AU-MONT- D OR,69
28290.0,1009.0,4344.262295081967,3812.908173176111,531.3541219058557,69068,COUZON-AU-MONT-D OR,69
22890.0,577.0,1577.4601063829787,1781.6716038725042,-204.21149748952553,69070,CUBLIZE,69
32510.0,3443.0,4264.849122807018,3660.842868487596,604.0062543194217,69072,DARDILLY,69
29600.0,7078.0,3447.590909090909,3702.128089857517,-254.5371807666079,69081,ECULLY,69
24350.0,562.0,2606.153846153846,2552.9118033352242,53.24204281862194,69084,FLEURIE,69
28120.0,6046.0,4109.58904109589,3477.6382411410427,631.9507999548473,69089,FRANCHEVILLE,69
23660.0,3131.0,3028.3459595959594,2546.1303254132695,482.2156341826899,69092,GLEIZE,69
25740.0,3605.0,4003.2967032967035,3699.120348875625,304.1763544210785,69100,IRIGNY,69
24720.0,1914.0,3371.7750257997936,2924.131067339498,447.64395846029583,69115,LIMAS,69
28690.0,802.0,3418.803418803419,3056.5623633939394,362.2410554094795,69122,LUCENAY,69
21080.0,798.0,1574.404761904762,1549.275922554721,25.128839350040835,69135,DEUX-GROSNES,69
24040.0,12189.0,4006.578947368421,3894.7562275212235,111.82271984719728,69149,OULLINS PIERRE BENITE,69
30730.0,1045.0,3605.25641025641,3577.0000675913634,28.25634266504676,69156,POMMIERS,69
23660.0,583.0,1875.0,1845.2913841941868,29.708615805813224,69162,QUINCIE EN BEAUJOLAIS,69
26670.0,1353.0,3535.714285714286,3097.6512249951697,438.06306071911604,69163,QUINCIEUX,69
25080.0,455.0,2985.063410685375,2731.177931983026,253.8854787023488,69170,RONTALON,69
27940.0,1613.0,3514.9149263950703,3352.7122070336295,162.2027193614408,69179,BEAUVALLON,69
30200.0,854.0,3478.1353383458645,2898.7957130049,579.3396253409646,69190,SAINTE-CONSORCE,69
23380.0,391.0,2288.135593220339,2271.4927084244964,16.642884795842747,69203,SAINT-GENIS-L ARGENTIERE,69
21160.0,2463.0,1775.2151462994836,1737.8018612806231,37.413285018860506,69248,THIZY LES BOURGS,69
17180.0,17520.0,2304.5384615384614,2542.34305593531,-237.80459439684864,69256,VAULX EN VELIN,69
31360.0,1699.0,3616.9444444444443,3567.969177490656,48.97526695378838,69270,CHAPONNAY,69
28750.0,4349.0,4487.878787878788,4259.693960769273,228.18482710951503,69271,CHASSIEU,69
28770.0,1790.0,3737.561140158543,3472.882291398631,264.67884875991194,69272,COMMUNAY,69
25250.0,4045.0,3472.9411764705883,2442.522326607871,1030.4188498627173,69273,CORBAS,69
22050.0,12050.0,3205.128205128205,2826.6510300275563,378.47717510064876,69275,DECINES-CHARPIEU,69
33600.0,1241.0,4295.876875933056,4108.134084040012,187.74279189304434,69284,MONTANAY,69
28700.0,2568.0,3208.7912087912086,3413.253253606533,-204.46204481532413,69287,SAINT-BONNET-DE-MURE,69
27000.0,1003.0,3027.262595894671,2885.454307588086,141.80828830658493,69299,COLOMBIER-SAUGNIEU,69
26130.0,19737.0,3633.968253968254,3934.4957678263563,-300.52751385810234,69385,LYON 5EME,69
21100.0,36868.0,3884.233333333333,3727.8791604069806,156.35417292635248,69388,LYON 8EME,69
20450.0,677.0,1080.1829268292681,1258.4978557121585,-178.3149288828904,70006,AILLEVILLERS-ET-LYAUMONT,70
20420.0,1229.0,1371.3188220230472,1410.2545774793389,-38.935755456291645,70026,ARC-LES-GRAY,70
21710.0,1655.0,1474.4020314547838,1733.9591082624343,-259.55707680765045,70120,CHAMPAGNEY,70
20580.0,335.0,1558.5106382978724,1589.6471311260905,-31.136492828218024,70256,FRESSE,70
22670.0,968.0,1385.7142857142858,1546.6348196318897,-160.92053391760396,70388,NOIDANS-LES-VESOUL,70
23250.0,177.0,1092.5597826086955,1359.0525582466473,-266.4927756379518,70393,OISELAY-ET-GRACHAUX,70
21840.0,1364.0,1483.3333333333333,1551.3707995773148,-68.0374662439815,70421,PORT-SUR-SAONE,70
23350.0,1031.0,2203.3898305084745,2253.7596110783543,-50.36978056987982,70447,RIOZ,70
20050.0,1195.0,1272.5054112554112,1303.1902167769467,-30.68480552153551,70451,RONCHAMP,70
23940.0,480.0,1929.232686487449,1913.862135976023,15.370550511426018,71002,ABERGEMENT STE COLOMBE L,71
20910.0,341.0,731.4285714285714,1039.3287966538282,-307.9002252252568,71009,ANOST,71
25130.0,146.0,2317.8080200501254,1818.1894167368207,499.6186033133047,71026,BEAUMONT-SUR-GROSNE,71
23850.0,1590.0,1412.162162162162,1801.5085083115694,-389.3463461494073,71059,BREUIL (LE),71
21820.0,337.0,1596.9672836848902,1575.776599849522,21.19068383536819,71063,BROYE,71
19590.0,21659.0,1790.1234567901236,2074.708642459144,-284.58518566902035,71076,CHALON-SUR-SAONE,71
24570.0,3918.0,2822.583333333333,3175.617457355903,-353.0341240225698,71105,CHARNAY-LES-MACON,71
25450.0,473.0,2236.842105263158,2229.7761497326233,7.065955530534666,71117,CHATENOY-EN-BRESSE,71
23370.0,2070.0,2026.5151515151515,2181.542502814627,-155.0273512994754,71137,CLUNY,71
24110.0,1004.0,2167.4545454545455,2254.1093101095175,-86.65476465497204,71154,CRISSEY,71
19650.0,3720.0,1230.0,1821.9866279600437,-591.9866279600437,71176,DIGOIN,71
22080.0,438.0,792.8571428571429,1174.6847599570788,-381.8276170999359,71238,IGUERANDE,71
25950.0,549.0,2453.249000173883,2361.3794452110396,91.86955496284327,71294,MERCUREY,71
19210.0,8471.0,928.5714285714286,2116.719717713096,-1188.1482891416676,71306,MONTCEAU LES MINES,71
21040.0,535.0,1827.7310924369747,1803.7455423293868,23.98555010758787,71318,MONTPONT-EN-BRESSE,71
23020.0,536.0,1376.8415036830074,1527.715492248773,-150.87398856576556,71325,MOTTE-SAINT-JEAN (LA),71
24370.0,491.0,1701.863354037267,1798.925359920264,-97.06200588299703,71333,OSLON,71
21180.0,777.0,1567.3076923076924,1506.6715334697863,60.63615883790612,71373,ROMENAY,71
21270.0,317.0,1256.3955708285605,1468.0242815094089,-211.62871068084837,71401,SAINTE-CROIX-EN-BRESSE,71
24000.0,168.0,2232.4561403508774,2089.2085909048687,143.24754944600863,71430,SAINT-JEAN-DE-VAUX,71
23560.0,2795.0,1925.0,2358.9064022047046,-433.9064022047046,71475,SAINT-REMY,71
21600.0,1975.0,1100.0,1818.0783414091784,-718.0783414091784,71499,SANVIGNES LES MINES,71
22720.0,723.0,937.5,1205.8930574048918,-268.3930574048918,71522,SIMANDRE,71
21300.0,712.0,1065.3333333333333,1242.4870903468968,-177.15375701356356,71542,TOULON-SUR-ARROUX,71
20950.0,2755.0,1697.3118279569892,1716.731102192388,-19.419274235398916,71543,TOURNUS,71
22570.0,497.0,1353.8961038961038,1457.040481498311,-103.14437760220721,71558,VARENNES-SAINT-SAUVEUR,71
24780.0,1554.0,2083.3333333333335,2630.2704795606423,-546.9371462273089,72024,LA BAZOGE,72
21020.0,980.0,1381.8428184281843,1609.9221535802915,-228.0793351521072,72042,BOULOIRE,72
22460.0,656.0,1308.411214953271,1447.2815302098406,-138.8703152565697,72046,LE BREIL SUR MERIZE,72
20840.0,689.0,1525.6180223285487,1383.4625411573818,142.1554811711669,72050,BRULON,72
22110.0,681.0,1286.7346938775509,1393.073219935211,-106.33852605766015,72061,LA CHAPELLE D ALIGNE,72
26530.0,995.0,2485.0,2569.7493925887015,-84.74939258870154,72065,LA CHAPELLE SAINT AUBIN,72
24090.0,453.0,2320.0,2119.341066336432,200.65893366356795,72073,CHAUFOUR NOTRE DAME,72
23540.0,439.0,2381.352018767749,2109.5825979945384,271.76942077321064,72119,DOMFRONT-EN-CHAMPAGNE,72
22050.0,2198.0,1820.0,1909.411855930082,-89.41185593008208,72124,ECOMMOY,72
21120.0,4226.0,1496.9466702883788,1574.0873163193862,-77.14064603100746,72132,LA FERTE BERNARD,72
22120.0,222.0,1342.857142857143,1318.8849613944535,23.972181462689377,72134,FLEE,72
23560.0,957.0,1867.1720500988795,1994.6143626654093,-127.44231256652984,72155,LAIGNE SAINT GERVAIS,72
20160.0,990.0,1114.921875,1229.5719161996587,-114.65004119965874,72189,MAROLLES-LES-BRAULTS,72
21340.0,293.0,1625.5544840887173,1557.4528618590507,68.10162222966665,72196,MEZIERES SUR PONTHOUIN,72
22780.0,2189.0,1795.353982300885,2108.821315022505,-313.4673327216201,72213,MULSANNE,72
22320.0,503.0,1654.867256637168,1617.9748928630995,36.8923637740686,72226,OIZE,72
25170.0,1378.0,2219.349457881568,2639.8892285629368,-420.53977068136874,72260,RUAUDIN,72
19380.0,5367.0,1589.316344033325,1664.9896258422334,-75.67328180890831,72264,SABLE SUR SARTHE,72
22220.0,311.0,1365.079365079365,1396.160504908945,-31.081139829580025,72266,SAINT AUBIN DE LOCQUENAY,72
23780.0,552.0,1879.9004026276752,1699.451504806811,180.4488978208642,72275,SAINT CORNEILLE,72
22870.0,853.0,1708.860759493671,1850.413047458866,-141.5522879651951,72289,SAINTE JAMME SUR SARTHE,72
22420.0,965.0,1733.799959423818,1790.94677073504,-57.14681131122188,72299,SAINT MARS D OUTILLE,72
22050.0,1204.0,1031.3024870801034,1238.558349013026,-207.25586193292247,72373,VIBRAYE,72
22480.0,550.0,1019.2241968557757,1241.5541608040967,-222.32996394832094,72378,VION,72
26250.0,1814.0,2164.30810254491,2312.0047777556156,-147.6966752107055,72386,YVRE L EVEQUE,72
25400.0,2499.0,3468.0851063829787,3326.409914986977,141.67519139600154,73029,BARBERAZ,73
22790.0,516.0,2344.027015618404,2281.8061732117017,62.22084240670256,73058,LA BRIDOIRE,73
24570.0,247.0,2325.396825396825,2049.675569620499,275.72125577632596,73077,LES CHAPELLES,73
25050.0,373.0,3180.0,2269.201271713796,910.7987282862041,73098,LES DESERTS,73
27330.0,1506.0,3148.7973967176003,3289.531356272024,-140.73395955442356,73154,MERCURY,73
26440.0,5408.0,3909.5528455284552,3958.5698490679283,-49.01700353947308,73179,LA MOTTE SERVOLEX,73
25040.0,136.0,3430.166666666667,2830.7914915446863,599.3751751219806,73190,NOTRE-DAME-DU-PRE,73
20090.0,881.0,3528.6625,2827.9412129303614,700.7212870696385,73204,LE PONT DE BEAUVOISIN,73
22570.0,874.0,1754.9261083743843,1656.0447296873865,98.88137868699778,73212,VAL-D'ARC,73
23490.0,571.0,1574.7513533929246,1773.4026762544447,-198.65132286152016,73231,SAINT-ETIENNE-DE-CUINES,73
27590.0,329.0,2648.819110576923,2608.1023788044304,40.716731772492494,73240,SAINTE-HELENE-DU-LAC,73
22210.0,193.0,855.3459119496855,1110.4946978290745,-255.14878587938904,73274,SAINT-PIERRE-D ENTREMONT,73
22420.0,3278.0,2112.962962962963,2090.6639247395656,22.299038223397474,73303,UGINE,73
32070.0,1885.0,4122.144,3930.743953991463,191.40004600853717,74005,ALLINGES,74
26250.0,60860.0,4600.0,4316.558986657725,283.44101334227526,74010,ANNECY,74
33530.0,794.0,4384.259259259259,4121.126565332462,263.1326939267974,74018,ARENTHON,74
40580.0,1223.0,4461.538461538462,4275.393698923021,186.14476261544132,74070,CHENS-SUR-LEMAN,74
36420.0,2679.0,4761.9047619047615,4612.425578583757,149.4791833210047,74094,CRANVES-SALES,74
27820.0,4073.0,4030.215419501134,3936.919728332291,93.29569116884295,74119,EVIAN-LES-BAINS,74
36790.0,661.0,4515.646258503401,3876.498280058586,639.1479784448156,74171,MASSONGY,74
28670.0,4700.0,4082.346043324492,3852.2593687327962,230.08667459169556,74224,LA ROCHE SUR FORON,74
23260.0,6604.0,3896.1124401913876,3549.466908463801,346.6455317275868,74225,RUMILLY,74
29510.0,2939.0,4181.322025645188,4001.59374937972,179.72827626546768,74250,SAINT-PIERRE-EN-FAUCIGNY,74
27780.0,861.0,3821.1382113821137,3432.0929665331705,389.0452448489432,74255,SALES,74
25580.0,1470.0,3815.7894736842104,3229.4357930367783,586.3536806474322,74276,TANINGES,74
26840.0,2463.0,3545.4545454545455,3562.2335121172264,-16.778966662680887,74278,THYEZ,74
32280.0,3894.0,4419.642857142857,4382.296186000171,37.34667114268632,74282,FILLIERE,74
40950.0,2060.0,4523.571428571428,4414.08361190485,109.48781666657851,74309,VIRY,74
26010.0,558.0,2082.046164526206,2204.343127125009,-122.29696259880257,76014,ANGERVILLE-L ORCHER,76
20840.0,1104.0,1882.4249886000912,1922.8555950238576,-40.43060642376645,76026,ARQUES-LA-BATAILLE,76
25250.0,550.0,2827.3809523809523,2379.7469824329105,447.6339699480418,76143,BRETTEVILLE-DU-GRAND-CAUX,76
18480.0,6259.0,2095.658496053178,1919.3054915387575,176.35300451442072,76157,CANTELEU,76
20520.0,1400.0,1501.9480519480521,1587.7852038184276,-85.83715187037546,76159,CANY-BARVILLE,76
22720.0,1328.0,2497.5,2126.2036076989725,371.2963923010275,76192,CRIEL-SUR-MER,76
19340.0,4025.0,2026.3062409288825,1918.2846807431806,108.0215601857019,76212,DARNETAL,76
24970.0,292.0,2239.583333333333,2047.7862198482862,191.7971134850468,76253,ETOUTTEVILLE,76
21700.0,3380.0,1711.1764705882354,1916.3510435068977,-205.1745729186623,76255,EU,76
21400.0,749.0,1795.4545454545455,1591.3821166730104,204.0724287815351,76260,FERRIERES-EN-BRAY,76
30880.0,1123.0,2494.871794871795,2692.600428529514,-197.728633657719,76270,FONTAINE-LA-MALLET,76
24370.0,711.0,1791.044776119403,2815.7795091907633,-1024.7347330713603,76271,FONTAINE-LE-BOURG,76
20750.0,381.0,1922.0552124414019,1302.8364978943407,619.2187145470612,76272,FONTAINE-LE-DUN,76
26040.0,968.0,2591.666666666667,2585.347200845288,6.319465821378799,76296,GAINNEVILLE,76
20470.0,3619.0,2220.9413537955606,2081.090456410433,139.8508973851276,76305,GONFREVILLE L ORCHER,76
23580.0,200.0,1745.4272200772202,1567.9292672637116,177.49795281350862,76331,GRUGNY,76
20130.0,3731.0,1989.6907216494844,1952.5984428142992,37.0922788351852,76341,HARFLEUR,76
28650.0,1122.0,2723.809523809524,2734.8281149548625,-11.018591145338632,76367,HOUPPEVILLE,76
24750.0,607.0,1969.6438208310847,2442.260822390264,-472.61700155917924,76385,LIMESY,76
27440.0,961.0,2060.6060606060605,2401.3087750189165,-340.70271441285604,76391,LONDE (LA),76
22440.0,216.0,3000.0,2589.045244841709,410.95475515829094,76395,LONGUEIL,76
18590.0,5231.0,2076.923076923077,1858.0491366135711,218.873940309506,76410,MAROMME,76
25470.0,297.0,2227.272727272727,2168.0925475406107,59.18017973211636,76412,MARTAINVILLE-EPREVILLE,76
28210.0,3586.0,2598.357371794872,2882.0643950309664,-283.7070232360943,76429,MESNIL-ESNARD (LE),76
24940.0,1472.0,2500.0,2522.703903636029,-22.703903636028826,76482,OFFRANVILLE,76
21290.0,2780.0,1914.8936170212767,1767.8869076439607,147.00670937731593,76495,PAVILLY,76
26060.0,491.0,2157.8947368421054,2334.5779775527426,-176.68324071063716,76536,RONCHEROLLES SUR LE VIVIER,76
27440.0,336.0,2636.363636363636,2407.5489749566623,228.81466140697376,76551,SAINNEVILLE,76
18910.0,10933.0,2044.943820224719,1964.4739126852596,80.46990753945943,76575,SAINT-ETIENNE-DU-ROUVRAY,76
25890.0,606.0,2081.277056277056,2080.4673079316317,0.8097483454243957,76627,SAINT-NICOLAS-DE-LA-TAILLE,76
23200.0,421.0,2436.1111111111113,2138.962611020772,297.14850009033944,76637,SAINT-PIERRE-EN-PORT,76
19530.0,1014.0,1507.8125,1102.751057485626,405.061442514374,76648,SAINT-SAENS,76
21230.0,13037.0,2126.5822784810125,2412.5722360324708,-285.98995755145825,76681,SOTTEVILLE-LES-ROUEN,76
24720.0,489.0,2186.411246612466,2208.7422450007534,-22.3309983882873,76684,TANCARVILLE,76
21450.0,192.0,2046.5116279069769,1921.957154372126,124.55447353485079,76686,THEUVILLE-AUX-MAILLOTS,76
23410.0,331.0,1534.0463836477988,1726.64032016499,-192.5939365171912,76697,TORCY-LE-GRAND,76
23500.0,979.0,2142.0549639884766,2206.1982164464534,-64.14325245797681,76705,TOURVILLE-LA-RIVIERE,76
23570.0,351.0,1713.4353741496598,1588.7778389107439,124.6575352389159,76712,TRINITE-DU-MONT (LA),76
22570.0,466.0,1392.2100332799212,1559.7479797915162,-167.537946511595,76750,YAINVILLE,76
27890.0,484.0,2311.835526315789,2479.9034275347162,-168.0679012189271,76753,YMARE,76
22180.0,353.0,2000.0,2054.807961327549,-54.80796132754904,76754,YPORT,76
29060.0,1246.0,3413.4615384615386,3371.4580383184807,42.00350014305786,77005,ANNET-SUR-MARNE,77
25570.0,203.0,1885.7142857142858,2324.146371278813,-438.43208556452737,77011,AUFFERVILLE,77
22800.0,428.0,1187.121212121212,1466.445209326199,-279.3239972049869,77027,BEAUMONT-DU-GATINAIS,77
27400.0,622.0,3266.6666666666665,3165.93983856572,100.72682810094648,77047,BOULEURS,77
29150.0,1189.0,3864.864864864865,3409.829036714424,455.0358281504409,77048,BOURRON-MARLOTTE,77
20690.0,994.0,1750.0,1558.5158819589967,191.48411804100328,77051,BRAY-SUR-SEINE,77
26850.0,515.0,2448.345588235294,2489.447404406679,-41.10181617138505,77063,CELLE-SUR-MORIN (LA),77
28060.0,584.0,3607.6388888888887,3207.900211647968,399.7386772409209,77095,CHARNY,77
23080.0,667.0,2583.7078651685392,2310.498303163317,273.2095620052223,77109,CHENOISE-CUCHARMOY,77
21030.0,7034.0,2333.3333333333335,2058.507448355113,274.82588497822053,77131,COULOMMIERS,77
24800.0,1847.0,3010.576923076923,2868.453096171563,142.1238269053597,77143,CREGY-LES-MEAUX,77
24720.0,377.0,1961.849315068493,2239.1592671558806,-277.3099520873875,77156,DARVAULT,77
25840.0,300.0,3004.166666666667,2841.902994422751,162.26367224391606,77173,ETREPILLY,77
29080.0,1577.0,3975.53738317757,2736.229988137855,1239.3073950397152,77181,FERRIERES-EN-BRIE,77
19200.0,1973.0,1667.7428483227002,1858.9727744254994,-191.22992610279925,77182,FERTE-GAUCHER (LA),77
24880.0,2421.0,2594.9367088607596,2535.339531039308,59.59717782145162,77192,FONTENAY-TRESIGNY,77
28330.0,230.0,2820.145833333333,2520.6257986765904,299.5200346567426,77195,FOUJU,77
29650.0,1065.0,3119.7530864197533,3162.118029378008,-42.36494295825469,77226,HERICY,77
23150.0,882.0,1210.0694444444443,1417.6221728320327,-207.55272838758833,77240,JOUY-SUR-MORIN,77
22290.0,5357.0,2656.938845527061,2537.428524133217,119.51032139384415,77258,LOGNES,77
25180.0,944.0,2703.1963470319633,2604.3090480197848,98.88729901217857,77259,LONGPERRIER,77
19260.0,16314.0,2878.787878787879,2010.3927000338017,868.3951787540773,77288,MELUN,77
22780.0,6260.0,2866.6666666666665,2674.0216393846554,192.64502728201114,77296,MOISSY-CRAMAYEL,77
26620.0,5595.0,3174.4186046511627,3240.250863141489,-65.83225849032624,77316,MORET-LOING-ET-ORVANNE,77
24330.0,2324.0,2549.899507587177,2269.526036230956,280.3734713562212,77326,NANDY,77
25510.0,2672.0,2913.0552058982194,2719.957117684532,193.09808821368733,77330,NANTEUIL-LES-MEAUX,77
25640.0,224.0,1471.4781746031745,2418.3254121319646,-946.8472375287902,77338,NOISY-RUDIGNON,77
26870.0,2463.0,3019.607843137255,3543.4145563286893,-523.8067131914345,77349,OTHIS,77
28180.0,853.0,3675.0,3325.16072115389,349.8392788461101,77374,PONTCARRE,77
26690.0,238.0,1982.1100917431193,2003.5076132889697,-21.397521545850395,77381,QUIERS,77
25690.0,1124.0,2764.0306122448983,2716.7752427629603,47.25536948193803,77393,ROZAY-EN-BRIE,77
24900.0,2314.0,2214.4576082932244,2226.7789221633934,-12.321313870168979,77431,SAINT-PIERRE-LES-NEMOURS,77
25790.0,3438.0,3854.1666666666665,3461.343634252237,392.8230324144297,77449,SERRIS,77
28020.0,1395.0,3504.3859649122805,3133.3848639928865,371.00110091939405,77450,SERVON,77
20430.0,2138.0,1593.0944055944055,1588.8708507152905,4.2235548791149995,77458,SOUPPES-SUR-LOING,77
29480.0,1487.0,3408.1454643048846,3446.421626566629,-38.2761622617445,77463,THOMERY,77
26780.0,321.0,2461.5384615384614,2185.485033066043,276.05342847241855,77486,VAUDOY-EN-BRIE,77
28520.0,720.0,2903.1214174048982,2760.2656937401007,142.85572366479755,77508,VILLENEUVE-LE-COMTE,77
29270.0,480.0,3571.4986619090096,3226.046417808332,345.4522441006775,77510,VILLENEUVE-SAINT-DENIS,77
22650.0,10155.0,3486.238532110092,3023.184852733114,463.0536793769779,77514,VILLEPARISIS,77
26590.0,328.0,2470.5882352941176,2091.390112277355,379.19812301676257,77516,VILLE-SAINT-JACQUES,77
30280.0,1014.0,3346.875,3435.8956389898785,-89.02063898987853,77533,VULAINES-SUR-SEINE,77
26630.0,1387.0,2492.3076923076924,2856.881952719066,-364.5742604113734,78003,ABLIS,78
26070.0,710.0,2145.1785714285716,2751.8598881244125,-606.6813166958409,78057,BENNECOURT,78
29850.0,3060.0,3415.0943396226417,3375.422296865618,39.67204275702352,78062,BEYNES,78
30380.0,810.0,2783.685064935065,2837.422188016548,-53.73712308148288,78087,BONNELLES,78
20720.0,2031.0,2380.0,2143.1428323123314,236.8571676876686,78089,BONNIERES-SUR-SEINE,78
27310.0,788.0,2803.7383177570096,2689.0306217378597,114.70769601914981,78107,BREVAL,78
24140.0,1141.0,3005.924630924631,1931.7916997323678,1074.1329311922632,78118,BUCHELAY,78
33250.0,697.0,3115.8823529411766,3168.3559365919855,-52.473583650808905,78120,BULLION,78
32930.0,2308.0,3739.1304347826085,3634.825990621866,104.3044441607426,78133,CHAMBOURCY,78
33230.0,2388.0,3873.517786561265,3718.5163125941117,155.0014739671533,78160,CHEVREUSE,78
23590.0,1477.0,3464.0522875816996,2386.248944809967,1077.8033427717328,78168,COIGNIERES,78
27320.0,14505.0,3963.4146341463415,3898.229751285301,65.18488286104048,78172,CONFLANS SAINTE HONORINE,78
25440.0,523.0,2788.767056530214,2604.083795266312,184.6832612639023,78192,DAMMARTIN EN SERVE,78
25230.0,874.0,2687.017543859649,2284.543661459807,402.47388239984184,78239,FOLLAINVILLE-DENNEMONT,78
32660.0,946.0,2891.483870967742,3145.747024679372,-254.2631537116299,78263,GAMBAIS,78
28640.0,244.0,2603.839768339768,2500.727595586816,103.11217275295212,78281,GOUSSONVILLE,78
25840.0,419.0,2435.714285714286,2313.4094573940656,122.30482832022017,78290,GUERNES,78
24540.0,1647.0,2787.2702518720216,2873.0706430565397,-85.80039118451805,78310,HOUDAN,78
29650.0,287.0,3091.1111111111113,2528.391437904852,562.7196732062594,78317,JAMBVILLE,78
32860.0,2229.0,3628.0683810637056,3689.8800910674427,-61.81171000373706,78321,JOUARS-PONTCHARTRAIN,78
26040.0,1588.0,2890.4619047619044,2768.30346320572,122.15844155618424,78327,JUZIERS,78
28930.0,389.0,3399.137931034483,3392.8421338189337,6.295797215549101,78381,MAULETTE,78
29740.0,1682.0,3089.887640449438,3626.7392321478064,-536.8515916983683,78382,MAURECOURT,78
25690.0,12399.0,3358.823529411765,3985.1739061822814,-626.3503767705165,78490,PLAISIR,78
26750.0,8694.0,4615.440115440115,4404.557828739569,210.8822867005456,78545,SAINT-CYR-L ECOLE,78
34420.0,665.0,3733.3333333333335,3279.274427321716,454.05890601161764,78576,SAINT-REMY-L HONORE,78
30050.0,662.0,3277.68,3145.408871388812,132.27112861118803,78601,SONCHAMP,78
29640.0,545.0,2542.087442472058,2688.662121794133,-146.5746793220751,78616,THOIRY,78
29350.0,4957.0,3333.3333333333335,3461.5338314313094,-128.20049809797592,78624,TRIEL SUR SEINE,78
25020.0,2377.0,1951.6374714394517,2206.5009471200715,-254.86347568061979,79003,AIFFRES,79
20240.0,1375.0,916.1381016644175,1179.8644983585102,-263.7263966940927,79013,ARGENTONNAY,79
25010.0,2639.0,1684.2696629213483,2052.5910724848254,-368.3214095634771,79048,LA CRECHE,79
21350.0,8632.0,1533.3333333333333,1681.2187654462189,-147.8854321128856,79049,BRESSUIRE,79
21620.0,338.0,1653.0550514216575,1559.3818013933185,93.673250028339,79056,BRION-PRES-THOUET,79
20010.0,2054.0,1392.741935483871,1660.599396428372,-267.8574609445011,79062,CERIZAY,79
19400.0,1252.0,1212.5,1300.8519055686043,-88.35190556860425,79083,CHEF-BOUTONNE,79
20860.0,1013.0,1657.6923076923076,1593.183185320631,64.50912237167654,79103,COURLAY,79
20190.0,59.0,1394.7368421052631,2614.559680889092,-1219.8228387838287,79124,LES FORGES,79
24580.0,748.0,1828.2933282933282,1922.0505947070485,-93.75726641372034,79125,FORS,79
22190.0,524.0,1547.8505071570764,1726.919355416479,-179.06884825940256,79157,LOUZY,79
21960.0,1331.0,1550.9127789046654,1592.9036760859765,-41.990897181311084,79170,MAUZE-SUR-LE-MIGNON,79
19600.0,2897.0,1483.695652173913,1788.6245055294812,-304.9288533555682,79270,ST MAIXENT L ECOLE,79
21720.0,772.0,1391.7525773195875,1730.800515364045,-339.0479380444574,79285,SAINT-PARDOUX-SOUTIERS,79
22990.0,579.0,1829.3650793650795,1812.0894296675126,17.275649697566905,79289,ST PIERRE DES ECHAUBROGNES,79
25530.0,850.0,1805.5555555555557,2141.1668860261157,-335.61133047056,79298,SAINT-SYMPHORIEN,79
23150.0,637.0,1627.5724275724274,1688.602482830428,-61.03005525800063,79300,SAINTE-VERGE,79
19640.0,774.0,1308.2683215130023,1327.5304119192788,-19.262090406276457,79307,SAUZE-VAUSSAIS,79
21990.0,852.0,1437.8156565656566,1637.0891844180983,-199.2735278524417,79322,LE TALLUD,79
23380.0,1209.0,2000.0,1856.0903455875928,143.90965441240724,80010,AILLY-SUR-NOYE,80
20470.0,771.0,2221.991037131882,1737.744851484197,484.246185647685,80039,AULT,80
20620.0,821.0,1058.4517481087712,1751.9553092420879,-693.5035611333167,80071,BEAUVAL,80
25550.0,247.0,1414.2122487143524,1818.3815932194245,-404.1693445050721,80171,CAOURS,80
18900.0,881.0,1861.4035087719299,1723.486587570474,137.9169212014558,80186,CHAULNES,80
21050.0,986.0,2890.909090909091,2526.1644464829265,364.74464442616454,80228,LE CROTOY,80
21470.0,223.0,1413.3333333333333,1510.308634410973,-96.97530107763964,80236,DAVENESCOURT,80
23110.0,638.0,1767.857142857143,1727.6322032210262,40.22493963611669,80240,DOINGT,80
19890.0,797.0,1296.2962962962963,1176.5388291276815,119.75746716861477,80274,EPPEVILLE,80
20140.0,1121.0,1781.605562579014,1685.4349321553582,96.1706304236559,80308,FEUQUIERES-EN-VIMEU,80
19160.0,1341.0,1071.4285714285713,1231.2459008719693,-159.81732944339797,80318,FLIXECOURT,80
28430.0,144.0,2763.636363636364,2564.5257162596263,199.1106473767377,80399,GUIGNEMICOURT,80
19390.0,611.0,1272.7272727272727,1321.3116614409093,-48.5843887136366,80417,HARBONNIERES,80
19510.0,2778.0,1556.6037735849056,1515.8278228795523,40.77595070535335,80561,MONTDIDIER,80
21510.0,352.0,1483.050847457627,1428.0803681774314,54.970479280195605,80579,MUILLE-VILLETTE,80
21600.0,521.0,1520.4795204795205,1551.971289859141,-31.491769379620564,80622,PICQUIGNY,80
22200.0,299.0,1485.4375,1466.0348931655058,19.402606834494236,80678,ROLLOT,80
20950.0,411.0,1798.7164640030883,1678.6142166969519,120.1022473061364,80692,SAILLY-FLIBEAUCOURT,80
25590.0,399.0,1931.3156440022112,2254.0645798682044,-322.7489358659932,80717,SAINT-SAUFLIEU,80
23500.0,554.0,1077.4878372401593,1366.65473254057,-289.1668953004107,80718,SAINT-SAUVEUR,80
23260.0,1053.0,3484.848484848485,2850.7928434106275,634.0556414378575,80721,SAINT-VALERY-SUR-SOMME,80
26820.0,1352.0,2652.0672829994865,2751.990643041007,-99.92336004152048,80725,SALOUEL,80
18530.0,2634.0,1241.71,1384.250663263139,-142.54066326313887,81021,AUSSILLON,81
23820.0,580.0,2030.482456140351,2106.3308713201764,-75.84841517982545,81046,CADALEN,81
23650.0,412.0,1701.3471502590673,1970.528200621597,-269.18105036252973,81054,CAMBOUNET-SUR-LE-SOR,81
19430.0,464.0,1409.090909090909,1398.6756838218425,10.415225269066468,81069,CORDES-SUR-CIEL,81
23620.0,1180.0,1920.3676470588234,1984.041922043776,-63.67427498495249,81070,COUFFOULEUX,81
22900.0,220.0,1590.3846153846155,1659.5984825323246,-69.21386714770915,81088,FAUCH,81
22310.0,546.0,1747.2527472527472,1631.3062257444863,115.94652150826096,81101,LE GARRIC,81
22740.0,1343.0,1847.8260869565217,1991.1608585433194,-143.33477158679761,81209,PONT-DE-L ARN,81
20930.0,1028.0,1653.1351939108372,1602.2055793342488,50.92961457658839,81227,ROQUECOURBE,81
24520.0,3876.0,2611.9402985074626,2747.767878162635,-135.82757965517249,81271,SAINT-SULPICE-LA-POINTE,81
23070.0,1571.0,1638.7586206896551,2035.874179787127,-397.115559097472,81273,SAIX,81
22450.0,899.0,2324.468085106383,2075.195136581521,249.27294852486193,81284,LE SEQUESTRE,81
21550.0,1214.0,1470.5882352941176,1493.6127232360423,-23.02448794192469,81289,SOUAL,81
21070.0,1412.0,1808.5106382978724,1786.9987639167216,21.511874381150847,82002,ALBIAS,82
20530.0,1648.0,1300.2178649237474,1370.644686176157,-70.42682125240958,82013,BEAUMONT DE LOMAGNE,82
23120.0,642.0,2293.8053097345132,1732.0458438556004,561.7594658789128,82048,DIEUPENTALE,82
22180.0,2755.0,2051.2820512820513,2178.840547394218,-127.55849611216672,82125,MONTECH,82
21000.0,541.0,1803.1107142857145,1869.7419307620698,-66.63121647635535,82132,MONTRICOUX,82
21280.0,2277.0,2007.6492537313434,1864.9414574566963,142.70779627464708,82134,NEGREPELISSE,82
18920.0,974.0,2250.0,1955.8958924937197,294.10410750628034,82155,SAINT ANTONIN NOBLE VAL,82
22980.0,1680.0,2090.909090909091,2074.449151373274,16.45993953581683,82161,ST-ETIENNE-DE-TULMONT,82
17910.0,358.0,1041.6666666666667,1702.8016755735475,-661.1350089068808,82187,VAREN,82
20530.0,312.0,1528.8796456352636,1374.94440188475,153.93524375051356,82189,VAZERAC,82
28520.0,1089.0,4136.95652173913,3702.009333328935,434.94718841019494,83001,LES ADRETS DE L ESTEREL,83
20730.0,1107.0,2781.9531696173617,2398.8680329036424,383.0851367137193,83007,AUPS,83
24760.0,997.0,3650.0,3459.867090531259,190.13290946874122,83017,BELGENTIER,83
23400.0,1308.0,3244.3396226415093,1724.0507637120402,1520.2888589294691,83018,BESSE-SUR-ISSOLE,83
24590.0,4084.0,5134.020618556701,4140.156369091966,993.8642494647356,83019,BORMES-LES-MIMOSAS,83
22970.0,1120.0,2680.568181818182,2281.7691808572536,398.7990009609284,83021,BRAS,83
29800.0,2388.0,4480.404101939283,4172.7314491727375,307.67265276654507,83027,LA CADIERE D AZUR,83
23420.0,846.0,2768.199233716475,2481.6002235857904,286.59901013068475,83030,CAMPS-LA-SOURCE,83
23690.0,3936.0,4578.653760898478,3747.9505309649608,830.7032299335174,83036,CAVALAIRE-SUR-MER,83
22790.0,1102.0,2936.0,1834.8513873845275,1101.1486126154725,83046,COTIGNAC,83
25280.0,7802.0,3937.7732558139533,3755.808937567213,181.96431824674028,83047,LA CRAU,83
21510.0,17671.0,3194.4444444444443,3190.0118956662627,4.432548778181626,83050,DRAGUIGNAN,83
20560.0,525.0,2306.0058463991495,2048.6034767494384,257.4023696497111,83051,ENTRECASTEAUX,83
24580.0,2129.0,3849.206349206349,3286.3741981133535,562.8321510929954,83058,FLAYOSC,83
23560.0,11502.0,4653.061224489796,4262.642948499429,390.41827599036696,83062,LA GARDE,83
21040.0,4108.0,3325.6880733944954,2837.0823295334208,488.60574386107464,83086,LE MUY,83
25050.0,1184.0,3416.5137614678897,3098.4564546309,318.0573068369895,83088,NEOULES,83
24970.0,878.0,3348.7816764132554,2859.8804155703083,488.90126084294707,83093,PLAN-D AUPS SAINTE BAUME,83
23250.0,3814.0,3856.2062937062938,3481.415552489325,374.79074121696885,83099,PUGET-SUR-ARGENS,83
27590.0,1673.0,3522.679012345679,3284.3294319806782,238.34958036500075,83103,LE REVEST LES EAUX,83
24490.0,7614.0,3613.6363636363635,3551.5341370088304,62.10222662753313,83116,ST MAXIMIN LA STE BAUME,83
25010.0,19844.0,4250.0,4225.531371151255,24.46862884874463,83118,SAINT RAPHAEL,83
25990.0,2501.0,3443.8967655490464,3263.9998441288976,179.89692142014883,83120,SAINT-ZACHARIE,83
21400.0,30184.0,3909.0553856608904,3756.8270787301462,152.2283069307441,83126,LA SEYNE SUR MER,83
23520.0,1307.0,3263.157894736842,2387.7960293749243,875.3618653619178,83127,SIGNES,83
23100.0,329.0,3266.083333333333,2768.465732655364,497.6176006779692,83128,SILLANS-LA-CASCADE,83
23500.0,5079.0,3968.4375,3693.820031309466,274.6174686905342,83130,SOLLIES-PONT,83
23800.0,803.0,3383.818181818182,2946.5885167122615,437.2296651059205,83134,TARADEAU,83
22230.0,769.0,2541.8571428571427,2325.678053089789,216.17908976735362,83146,LA VERDIERE,83
22270.0,2409.0,2633.687074829932,2622.626099819253,11.060975010679158,84004,AUBIGNAN,84
22760.0,1835.0,3000.8613264427217,2805.3388545865564,195.52247185616534,84026,CADENET,84
22480.0,1535.0,2918.181818181818,2747.40974606338,170.7720721184378,84030,CAROMB,84
18780.0,13178.0,2341.176470588235,2370.793267066531,-29.616796478295782,84031,CARPENTRAS,84
24770.0,821.0,4260.869565217391,3474.080918368406,786.7886468489851,84050,GORDES,84
22570.0,9368.0,3593.75,3574.6492646699025,19.10073533009745,84054,L ISLE SUR LA SORGUE,84
24450.0,1023.0,2837.03125,2743.0975116734216,93.93373832657835,84067,LORIOL-DU-COMTAT,84
21520.0,1276.0,2604.1666666666665,1661.1324554187056,943.0342112479609,84069,MALAUCENE,84
23120.0,9197.0,3605.0273768043803,3444.43076467092,160.59661213346044,84089,PERTUIS,84
19590.0,7144.0,2358.508757833842,2531.49855644229,-172.98979860844793,84092,LE PONTET,84
21930.0,1147.0,2701.672857142857,2409.3103135515075,292.36254359134955,84106,SAINTE-CECILE-LES-VIGNES,84
24060.0,1348.0,3292.105263157895,3033.927685510675,258.17757764722,84118,SAINT-SATURNIN LES APT,84
24370.0,1845.0,2284.6405228758167,2409.0881012596737,-124.44757838385704,84133,LA TOUR D AIGUES,84
27420.0,696.0,3125.0,2972.715351245457,152.284648754543,84135,UCHAUX,84
18900.0,4122.0,1933.3333333333333,1928.2545583928022,5.078774940531048,84138,VALREAS,84
22920.0,4957.0,2618.112014453478,2981.8015064112174,-363.6894919577394,84141,VEDENE,84
23030.0,1653.0,2804.878048780488,1860.5688595702127,944.3091892102752,85004,ANGLES,85
23110.0,622.0,1414.3276036400405,1587.7778111764906,-173.45020753645008,85015,BEAUFOU,85
23060.0,981.0,1851.032608695652,2033.1062351695853,-182.07362647393325,85016,BEAULIEU-SOUS-LA-ROCHE,85
22390.0,902.0,2166.6666666666665,2203.1162918911004,-36.44962522443393,85017,BEAUREPAIRE,85
22120.0,945.0,2521.323529411765,2437.1106530223005,84.21287638946433,85024,BOIS-DE-CENE,85
22600.0,623.0,2671.7557251908397,2298.126845008924,373.6288801819155,85026,BOISSIERE-DES-LANDES (LA),85
22370.0,253.0,1411.4801136363635,1498.3194441612086,-86.83933052484508,85036,BRETONNIERE-LA CLAYE (LA),85
22790.0,520.0,2195.6762749445675,2165.860380470497,29.81589447407032,85045,CHAIZE-GIRAUD (LA),85
23380.0,1559.0,1825.927788955958,2065.993426306812,-240.0656373508541,85046,CHAIZE LE VICOMTE (LA),85
21870.0,1613.0,2530.2224371373304,1761.7389047610313,768.4835323762991,85070,COEX,85
21790.0,713.0,2201.25,2098.213820062181,103.03617993781882,85086,FALLERON,85
21440.0,6365.0,1603.7735849056603,1862.2130092046689,-258.4394242990086,85092,FONTENAY-LE-COMTE,85
21210.0,521.0,1309.5238095238096,1546.9650957749604,-237.4412862511508,85094,FOUSSAIS-PAYRE,85
22020.0,841.0,1953.796607822776,1744.6462237130522,209.15038410972375,85095,FROIDFOND,85
22810.0,2313.0,2256.5060240963858,2424.5785696989888,-168.072545602603,85096,GARNACHE (LA),85
22590.0,937.0,2524.2718446601943,2380.169115431602,144.10272922859212,85103,GROSBREUIL,85
23390.0,833.0,3404.7619047619046,2988.572670360318,416.1892344015864,85106,GUERINIERE (LA),85
23440.0,2302.0,4049.9770681896853,2378.6463724788377,1671.3306957108475,85113,ILE-D'YEU (L'),85
23900.0,987.0,1970.4745775462966,1986.0580599096654,-15.58348236336883,85118,LANDERONDE,85
22490.0,685.0,2061.866261398176,1884.3683306528258,177.49793074535023,85131,LES MAGNILS-REIGNIERS,85
22950.0,2229.0,2451.473934686286,2314.4321370614693,137.0417976248168,85152,LES ACHARDS,85
21950.0,1279.0,1666.6666666666667,1658.9683094414054,7.698357225261361,85153,MOUCHAMPS,85
21550.0,752.0,1103.1746031746031,1315.6101459275585,-212.43554275295537,85154,MOUILLERON-SAINT-GERMAIN,85
22460.0,833.0,1349.431818181818,1862.6643833735275,-513.2325651917095,85162,RIVES-D'AUTISE,85
24050.0,2427.0,3855.421686746988,3316.2085933632807,539.2130933837075,85163,NOIRMOUTIER-EN-L'ILE,85
21970.0,373.0,2228.9291303375812,2152.9983324352183,75.93079790236288,85187,REAUMUR,85
23010.0,941.0,2347.227579556413,2322.4524355338817,24.775144022531094,85189,NOTRE-DAME-DE-RIEZ,85
22310.0,25647.0,2268.5185185185187,3794.9595545772877,-1526.441036058769,85191,ROCHE SUR YON (LA),85
23110.0,764.0,1540.909090909091,1727.7710644954066,-186.86197358631557,85196,SAINT-ANDRE-GOULE D OIE,85
22970.0,1427.0,2251.620200538029,2267.133820577017,-15.513620038987938,85197,MONTREVERD,85
22540.0,488.0,2386.3636363636365,2149.5897307509554,236.77390561268112,85200,SAINT-AVAUGOURD-DES-LANDES,85
21360.0,865.0,2300.0,1991.853765966826,308.1462340331741,85210,SAINT-ETIENNE-DU-BOIS,85
22800.0,1771.0,2028.8461538461538,2028.2136599332805,0.6324939128733149,85213,RIVES DE L'YON,85
22390.0,1613.0,1959.016393442623,1955.2366212780107,3.779772164612268,85215,SAINT-FULGENT,85
22960.0,832.0,2440.909090909091,2345.2012973978703,95.70779351122064,85216,SAINTE-GEMME-LA-PLAINE,85
21170.0,801.0,1358.909090909091,1433.5935498538913,-74.68445894480033,85227,SAINT-HILAIRE-DES-LOGES,85
23050.0,409.0,2343.344155844156,2336.3677684106196,6.976387433536274,85231,SAINT-HILAIRE-LA-FORET,85
22930.0,1018.0,1807.4360341151387,1986.0048385627215,-178.5688044475828,85246,SAINT-MARTIN-DES-NOYERS,85
23370.0,582.0,2080.5686800373132,2048.8377925414193,31.730887495893967,85259,SAINT-PAUL-EN-PAREDS,85
22590.0,1512.0,2494.910371318822,2561.927366496879,-67.01699517805719,85280,SALLERTAINE,85
21570.0,243.0,1300.0,1395.3905458265147,-95.39054582651465,85290,THIRE,85
22710.0,668.0,1506.0240963855422,1808.7195098393618,-302.6954134538196,85293,TIFFAUGES,85
24620.0,1902.0,3578.125,3246.0339740255026,332.09102597449737,85294,TRANCHE-SUR-MER (LA),85
22810.0,2332.0,2144.7368421052633,2386.0899762490094,-241.35313414374605,85302,CHANVERRIE,85
22020.0,356.0,1254.8701298701299,1832.0758688612448,-577.2057389911149,85305,VOUVANT,85
21770.0,196.0,779.3522267206479,1067.8935819400745,-288.5413552194266,86025,BETHINES,86
23380.0,774.0,1578.409090909091,1987.767100301705,-409.3580093926141,86053,CHAMPIGNY EN ROCHEREAU,86
25330.0,1643.0,1815.7738392857143,2112.9243443528526,-297.1505050671383,86100,FONTAINE-LE-COMTE,86
20030.0,579.0,1253.012048192771,1340.391378858747,-87.37933066597589,86112,L'ISLE JOURDAIN,86
25710.0,1402.0,2098.7654320987654,2186.751235452063,-87.9858033532978,86133,LIGUGE,86
21730.0,1133.0,1618.0213812998472,1682.2122243427223,-64.19084304287503,86139,LUSIGNAN,86
19850.0,239.0,1000.0,1294.5280070709493,-294.52800707094934,86159,MILLAC,86
19920.0,255.0,1040.4761904761906,1110.8793176431027,-70.4031271669121,86203,QUEAUX,86
21430.0,776.0,1706.5868263473053,1641.6808887199577,64.90593762734761,86207,LA ROCHE POSAY,86
24940.0,1795.0,1570.5506391347099,2213.772663960536,-643.2220248258263,86222,SAINT-GEORGES-LES-BAILLARGEAUX,86
20230.0,330.0,919.828641370869,1187.336278221856,-267.50763685098696,86288,VICQ-SUR-GARTEMPE,86
22750.0,644.0,1581.276595744681,1690.4148506292133,-109.13825488453244,86290,LA VILLEDIEU-DU-CLAIN,86
23690.0,362.0,1274.7489239598278,2488.0715151041322,-1213.3225911443044,86292,VILLIERS,86
23240.0,1513.0,1879.8758865248228,2088.612446272691,-208.73655974786834,86294,VOUILLE,86
19850.0,1900.0,939.34375,1109.3464433887655,-170.00269338876546,87011,BELLAC,87
20750.0,656.0,864.5348837209302,1316.8944897741912,-452.359606053261,87027,BUSSIERE-GALANT,87
25190.0,3665.0,1764.7058823529412,2055.815274954098,-291.10939260115697,87075,ISLE,87
21980.0,361.0,1564.8253521126762,1867.9575495571914,-303.1321974445152,87079,LA JONCHERE ST MAURICE,87
21470.0,513.0,1083.9166666666667,1415.5978803151477,-331.68121364848093,87086,LINARDS,87
21310.0,357.0,1981.511459487092,1545.020219045961,436.4912404411309,87095,MEUZAC,87
20990.0,746.0,1276.595744680851,1540.0276921336274,-263.4319474527763,87103,NANTIAT,87
20050.0,795.0,864.9155569007264,1047.5778262155675,-182.66226931484107,87111,ORADOUR-SUR-VAYRES,87
22960.0,2615.0,1636.2585034013605,2013.9885319931254,-377.73002859176495,87113,LE PALAIS SUR VIENNE,87
20970.0,509.0,880.0,1238.1929250338055,-358.1929250338055,87116,PEYRAT-DE-BELLAC,87
20040.0,457.0,1575.0,1433.3110962147766,141.68890378522337,87117,PEYRAT-LE-CHATEAU,87
22740.0,574.0,862.5,1233.1342555575764,-370.63425555757635,87118,PEYRILHAC,87
22480.0,520.0,1086.6916354556804,1529.5468547999917,-442.8552193443113,87119,PIERRE-BUFFIERE,87
23750.0,402.0,2048.7804878048782,2009.8215221856851,38.95896561919312,87129,ROYERES,87
18020.0,146.0,1421.6494845360826,1676.5361057125692,-254.88662117648664,87153,SAINT-JULIEN-LE-PETIT,87
21060.0,624.0,1340.909090909091,1496.5081302546998,-155.59903934560884,87158,SAINT-LAURENT-SUR-GORRE,87
23470.0,1248.0,2141.176470588235,2204.667163015832,-63.49069242759697,87178,SAINT-PRIEST-TAURION,87
26710.0,1946.0,2113.40206185567,2472.995001398957,-359.5929395432868,87201,VERNEUIL-SUR-VIENNE,87
24700.0,877.0,1250.0,1525.2089525390465,-275.20895253904655,87202,VEYRAC,87
22920.0,742.0,1370.5882352941176,1675.322198863664,-304.7339635695464,88011,ARCHES,88
19050.0,1386.0,1100.1420454545455,1213.9694348806438,-113.8273894260983,88078,BRUYERES,88
20250.0,2132.0,1489.8676592224979,1528.4144925660594,-38.5468333435615,88090,CHARMES,88
24050.0,640.0,2493.3333333333335,2359.2733689695756,134.0599643637579,88099,CHAVELOT,88
22610.0,424.0,2082.5471698113206,1834.2255149408911,248.32165487042948,88106,BAN-SUR-MEURTHE-CLEFCY,88
20900.0,681.0,2170.8023159636064,1622.1555750481866,548.6467409154197,88115,CORCIEUX,88
22500.0,1152.0,1348.0662983425414,1791.821071836504,-443.7547734939626,88165,ETIVAL-CLAIREFONTAINE,88
20740.0,1181.0,1655.7971014492755,1704.2578427116498,-48.46074126237431,88218,GRANGES-AUMONTZEY,88
20570.0,775.0,1164.7386964180855,1300.5019075621153,-135.7632111440298,88351,PLOMBIERES LES BAINS,88
19380.0,2929.0,1363.8268766958095,1623.6609263978153,-259.8340497020058,88372,RAON L ETAPE,88
20640.0,1636.0,1636.1611202036734,1586.3951744274714,49.76594577620199,88408,RUPT-SUR-MOSELLE,88
21940.0,1750.0,1693.9655172413793,1758.97675945855,-65.01124221717077,88415,ST-ETIENNE-LES-REMIREMONT,88
24530.0,947.0,2197.410192147034,2463.8999941400953,-266.48980199306106,88483,UXEGNEY,88
20840.0,960.0,1256.0714285714287,1362.6244802947476,-106.55305172331896,88513,VINCEY,88
20340.0,470.0,1053.5714285714287,1228.231407009683,-174.65997843825426,89073,CHAMPIGNELLES,89
21970.0,735.0,2062.1495327102803,2149.059751269009,-86.91021855872896,89100,CHEROY,89
24140.0,729.0,1827.0887166236002,2022.2789477721294,-195.19023114852916,89239,MALAY LE GRAND,89
21060.0,2002.0,1710.461956521739,1699.7623826864792,10.699573835259798,89287,PARON,89
20950.0,1556.0,1237.5,1399.9184047110407,-162.4184047110407,89309,PONT SUR YONNE,89
21350.0,1050.0,1607.8431372549019,1447.2513514945208,160.59178576038107,89348,ST JULIEN DU SAULT,89
17960.0,2013.0,919.4805194805194,1082.5698614048176,-163.0893419242982,89418,TONNERRE,89
23520.0,770.0,2213.483146067416,2166.2391233319236,47.24402273549231,89449,VILLEBLEVIN,89
20950.0,2523.0,1487.6712328767123,1607.952998080056,-120.28176520334364,89464,VILLENEUVE SUR YONNE,89
26460.0,583.0,2411.764705882353,2312.070570765096,99.69413511725725,90068,MEROUX-MOVAL,90
23320.0,1590.0,2520.833333333333,2257.3322846469355,263.50104868639755,90075,OFFEMONT,90
21030.0,2395.0,1774.1935483870968,1970.5102215787472,-196.31667319165035,90099,VALDOIE,90
29750.0,1790.0,3571.5249229188075,3626.477929486799,-54.95300656799145,91044,BALLAINVILLIERS,91
25500.0,3316.0,3208.8769143505388,3481.6307568918,-272.7538425412613,91045,BALLANCOURT-SUR-ESSONNE,91
28910.0,838.0,3303.719008264463,3156.650204113126,147.06880415133674,91095,BOURAY-SUR-JUINE,91
24320.0,3190.0,3318.9102564102564,2904.603262387515,414.3069940227415,91097,BOUSSY-SAINT-ANTOINE,91
30610.0,1306.0,3227.1689497716893,3216.7255051710677,10.44344460062166,91111,BRIIS-SOUS-FORGES,91
27460.0,10270.0,3707.5471698113206,3699.4054865216895,8.141683289631146,91114,BRUNOY,91
27350.0,1412.0,3660.4166666666665,3627.764312113031,32.65235455363563,91129,CERNY,91
29820.0,303.0,2127.5707276333646,2327.5157055164104,-199.9449778830458,91204,ECHARCON,91
19160.0,24477.0,3072.9166666666665,3283.3900512748974,-210.47338460823084,91228,EVRY-COURCOURONNES,91
19420.0,3263.0,2348.4126984126983,2078.9019357502825,269.5107626624158,91235,FLEURY-MEROGIS,91
29050.0,833.0,3306.9800569800573,3277.78587351938,29.194183460677323,91243,FONTENAY-LES-BRIIS,91
28000.0,2687.0,2757.213993871297,3007.9423495487135,-250.7283556774164,91315,ITTEVILLE,91
28860.0,2278.0,2901.2345679012346,3177.6851280260175,-276.4505601247829,91330,LARDY,91
26350.0,2730.0,3273.4,3229.69876011757,43.701239882429945,91339,LINAS,91
26150.0,2784.0,3020.5314009661834,3058.120805179426,-37.58940421324269,91340,LISSES,91
28330.0,2698.0,2963.602380952381,2970.5715750512773,-6.969194098896423,91347,LONGPONT-SUR-ORGE,91
28330.0,2253.0,3104.5454545454545,3212.308915444727,-107.76346089927256,91376,MAROLLES-EN-HUREPOIX,91
27390.0,6458.0,2923.794864766082,3186.592726441736,-262.7978616756541,91386,MENNECY,91
28370.0,2122.0,3193.27731092437,3111.5222242383697,81.75508668600014,91405,MILLY-LA-FORET,91
30040.0,557.0,3260.918060918061,3133.834902685449,127.08315823261228,91408,MOIGNY SUR ECOLE,91
28570.0,14225.0,3783.754208754209,3784.553198655564,-0.7989899013550712,91477,PALAISEAU,91
23160.0,8850.0,3196.72131147541,3353.850073500034,-157.12876202462394,91570,SAINT-MICHEL-SUR-ORGE,91
36270.0,6322.0,4261.361865942029,4199.0690259209505,62.29284002107852,91645,VERRIERES LE BUISSON,91
32000.0,26683.0,4577.142857142857,4321.73482162857,255.4080355142869,92002,ANTONY,92
31000.0,12337.0,4885.057471264367,4733.573874370558,151.4835968938096,92060,LE PLESSIS-ROBINSON,92
27100.0,1875.0,3178.549334982988,3072.8545696402643,105.69476534272371,93015,COUBRON,93
29930.0,2880.0,3772.7272727272725,3690.51267795134,82.21459477593271,93033,GOURNAY SUR MARNE,93
26590.0,8600.0,4068.4523809523807,3977.968653296331,90.48372765604972,93049,NEUILLY-PLAISANCE,93
18450.0,16566.0,4203.125,2776.0990705153135,1427.0259294846865,93053,NOISY-LE-SEC,93
21890.0,8885.0,3443.6619718309857,3012.0513257493103,431.61064608167544,93057,LES PAVILLONS-SOUS-BOIS,93
17300.0,17093.0,2973.913043478261,2692.03863676473,281.8744067135308,93071,SEVRAN,93
23430.0,2713.0,3211.764705882353,2885.1984168354948,326.5662890468584,93074,VAUJOURS,93
19060.0,12592.0,3064.8588202404253,2758.717214994378,306.1416052460472,93078,VILLEPINTE,93
22360.0,20041.0,4616.666666666667,4246.363105771224,370.3035608954433,94002,ALFORTVILLE,94
22100.0,7985.0,3776.923076923077,3148.5902917167514,628.3327852063258,94021,CHEVILLY-LARUE,94
28950.0,1839.0,3436.896983020012,3410.56581428927,26.33116873074232,94053,NOISEAU,94
29480.0,991.0,3378.2161234991427,3381.3820714830795,-3.165947983936803,94056,PERIGNY,94
21950.0,23502.0,4046.875,3646.466356621298,400.408643378702,94076,VILLEJUIF,94
22380.0,7970.0,3496.4285714285716,3399.546586576699,96.8819848518724,94077,VILLENEUVE-LE-ROI,94
28210.0,1131.0,3246.230158730159,3013.197634036956,233.03252469320296,95026,ASNIERES-SUR-OISE,95
28510.0,3808.0,3777.077497665733,3880.632594012662,-103.55509634692908,95051,BEAUCHAMP,95
26780.0,3275.0,3502.1307431390687,3201.188046184807,300.9426969542619,95060,BESSANCOURT,95
21450.0,13118.0,4283.5526315789475,3614.308808100994,669.2438234779534,95063,BEZONS,95
28660.0,754.0,3533.2644628099174,3367.9700680216497,165.2943947882677,95078,BOISSY-L'AILLERIE,95
26000.0,2240.0,2439.8989898989903,2751.0781326843035,-311.17914278531316,95091,BOUFFEMONT,95
28700.0,839.0,2919.4444444444443,2976.341194370032,-56.896749925587756,95120,BUTRY-SUR-OISE,95
18160.0,9930.0,3491.228070175439,3246.103101685995,245.12496848944375,95280,GOUSSAINVILLE,95
26430.0,3183.0,4010.8695652173915,3094.3671383066253,916.5024269107662,95288,GROSLAY,95
24800.0,6108.0,3121.9101123595506,3322.8894290998205,-200.97931674026995,95323,JOUY-LE-MOUTIER,95
21970.0,7422.0,3604.6511627906975,3181.4104185854217,423.24074420527586,95424,MONTIGNY LES CORMEILLES,95
28430.0,8866.0,4501.9607843137255,4247.59511758347,254.36566673025573,95428,MONTMORENCY,95
23380.0,3407.0,3427.4193548387098,2950.9669302131065,476.45242462560327,95488,PIERRELAYE,95
29450.0,1541.0,3000.0,2936.5630166402393,63.43698335976069,95504,PRESLES,95
25120.0,5377.0,3774.8865511551157,3693.7363989876576,81.15015216745815,95539,SAINT-BRICE-SOUS-FORET,95
23910.0,8580.0,4240.0,3868.6647040457437,371.33529595425625,95555,ST GRATIEN,95
31490.0,2846.0,3942.3545909035483,3314.9567186089716,627.3978722945767,95574,SAINT-PRIX,95
29760.0,513.0,2477.064220183486,2880.6395558964264,-403.57533571294016,95592,SERAINCOURT,95
28690.0,421.0,2569.0526315789475,2471.7536247260396,97.29900685290795,95594,SEUGY,95
26100.0,7309.0,3876.190476190476,3749.4889669431636,126.70150924731252,95598,SOISY SS MONTMORENCY,95
23580.0,1617.0,2725.0,2608.7628736558872,116.23712634411277,95604,SURVILLIERS,95
25570.0,10519.0,3923.076923076923,3864.781239005899,58.29568407102397,95607,TAVERNY,95
23160.0,1540.0,3461.5384615384614,3195.7994225903253,265.7390389481361,95612,LE THILLAY,95
25250.0,5861.0,3383.1975308641977,3396.584168143003,-13.38663727880521,95637,VAUREAL,95
23040.0,3550.0,3484.848484848485,3046.5991374238656,438.2493474246194,17385,SAINT-PIERRE-D'OLERON,17
23820.0,756.0,2173.2764925373135,1935.2004630497531,238.0760294875604,17396,SAINT-SAUVEUR-D AUNIS,17
25310.0,2046.0,2812.5,2789.399724568041,23.100275431958835,17407,SAINTE-SOULLE,17
24190.0,1525.0,2881.4285714285716,2834.682667144137,46.745904284434346,17409,SAINT-SULPICE-DE-ROYAN,17
25660.0,531.0,2563.623884694578,2528.2679867538523,35.355897940725754,17463,VERGEROUX,17
23540.0,423.0,1307.8534031413612,1508.698749368916,-200.84534622755473,18026,BELLEVILLE-SUR-LOIRE,18
21460.0,1687.0,862.0689655172414,1279.7693768619433,-417.70041134470193,18087,DUN SUR AURON,18
23560.0,406.0,939.5604395604396,1202.579803813717,-263.01936425327744,18159,NANCAY,18
22530.0,181.0,1161.3636363636365,1398.058668640806,-236.6950322771695,18249,SENS-BEAUJEU,18
21790.0,1881.0,1888.422035480859,1983.9681866040542,-95.54615112319516,19153,OBJAT,19
23050.0,1024.0,1826.530612244898,1830.726745651474,-4.196133406575882,21103,BRAZEY-EN-PLAINE,21
22490.0,148.0,1244.2505947660586,1360.2300418423,-115.97944707624129,21212,CREPAND,21
20120.0,2352.0,1006.0240963855422,1216.2471851296873,-210.22308874414512,21425,MONTBARD,21
22040.0,209.0,1936.4583333333333,1724.9787938955114,211.4795394378218,21475,PAGNY-LE-CHATEAU,21
21720.0,522.0,1723.076923076923,1800.4178928508547,-77.34096977393165,22021,BRUSVILY,22
19970.0,1100.0,1315.8333333333335,1346.9311723866165,-31.097839053282996,22025,CALLAC,22
22110.0,531.0,2231.404958677686,1975.0714035600276,256.3335551176583,22101,LANGOAT,22
23020.0,837.0,2026.8817204301076,2139.6064712820303,-112.72475085192264,22127,LEZARDRIEUX,22
18280.0,200.0,1657.2447447447448,1577.317576908467,79.92716783627793,22146,MELLIONNEC,22
22130.0,209.0,1052.6315789473683,1237.1805175653121,-184.5489386179438,22153,MONCONTOUR,22
22070.0,686.0,1329.113924050633,1513.701582388066,-184.58765833743314,22184,PLEMY,22
25190.0,6923.0,2472.222222222222,3491.0317976141205,-1018.8095753918983,22187,PLERIN,22
23080.0,1682.0,2904.493006993007,2528.9850672479597,375.5079397450472,22190,PLESLIN-TRIGAVOU,22
21920.0,425.0,2236.7381861261024,2033.0368080418868,203.70137808421555,22196,PLEUDANIEL,22
21060.0,760.0,1385.1744186046512,1511.7561139178101,-126.58169531315889,22208,PLOUASNE,22
22260.0,2047.0,2622.0521463951573,2265.2297998419012,356.822346553256,22209,BEAUSSAIS-SUR-MER,22
23360.0,757.0,2066.0173160173163,2005.5910518955786,60.42626412173763,22224,PLOULEC'H,22
20100.0,668.0,1454.3006993006993,1453.4632033919156,0.8374959087836942,22228,PLOUNEVEZ-MOEDEC,22
23510.0,926.0,2876.7123287671234,2748.431243465926,128.28108530119744,22232,PLOURHAN,22
21500.0,505.0,1060.495867768595,1326.3158396031931,-265.81997183459816,22240,PLUMAUGAT,22
23630.0,769.0,2528.735632183908,2361.3005591630376,167.43507302087028,22242,PLURIEN,22
21250.0,869.0,1126.7605633802816,1342.1796385167718,-215.41907513649016,22248,POMMERIT-LE-VICOMTE,22
23620.0,1744.0,1931.8181818181818,2004.346547985379,-72.52836616719719,22259,QUEVERT,22
20170.0,1572.0,1100.0,1535.9152845840401,-435.91528458404014,22266,ROSTRENEN,22
23560.0,909.0,1918.918918918919,1983.0861361974175,-64.16721727849858,22272,ST AGATHON,22
23030.0,476.0,2872.4296913682124,2396.2078970330335,476.22179433517886,22280,SAINT-CARNE,22
26160.0,636.0,2926.104323308271,2682.108121060026,243.99620224824503,22324,SAINT-QUAY-PERROS,22
24910.0,1932.0,2606.060606060606,2765.963260333307,-159.90265427270106,22325,SAINT-QUAY-PORTRIEUX,22
20900.0,474.0,1898.7057387057387,1830.275792943647,68.42994576209162,22337,SEVIGNAC,22
23310.0,3844.0,1964.2857142857142,2181.4567986324,-217.1710843466858,22360,TREGUEUX,22
22430.0,486.0,2082.1540880503144,1986.7772588086705,95.37682924164392,22371,TREMOREL,22
24730.0,699.0,2422.701959156785,2331.661066091436,91.04089306534888,22379,TREVOU-TREGUIGNEC,22
18830.0,1762.0,1111.111111111111,1223.4457305283631,-112.33461941725204,23008,AUBUSSON,23
19800.0,266.0,913.5802469135803,1068.1689225143698,-154.58867560078954,23130,MEASNES,23
20150.0,276.0,1033.3333333333333,1199.7061396543033,-166.37280632097008,23174,SOUMANS,23
20080.0,117.0,1095.6235770301037,1314.8361890518304,-219.21261202172673,23214,SAINT MARTIAL LE MONT,23
22450.0,846.0,708.3333333333334,1200.7462517181698,-492.4129183848364,23247,SAINT-VAURY,23
22750.0,467.0,1198.3516483516482,1697.629759560916,-499.27811120926776,24011,ANTONNE ET TRIGONANT,24
20370.0,633.0,1249.4623655913979,1333.4188560469768,-83.95649045557889,24035,PAYS DE BELVES,24
20450.0,1246.0,1558.5663341913341,1518.0474431651307,40.51889102620339,24067,LE BUGUE,24
22760.0,2056.0,1572.9071537290715,2356.775630109918,-783.8684763808465,24102,CHANCELADE,24
20240.0,537.0,1307.997169143666,1412.0413415902149,-104.04417244654883,24164,EXCIDEUIL,24
20540.0,504.0,1658.662613981763,1646.4083810541522,12.254232927610701,24172,LES EYZIES,24
20870.0,693.0,1152.1739130434783,1184.0787617918422,-31.904848748363975,24194,GARDONNE,24
21630.0,243.0,855.8884534217666,1320.0243235333883,-464.13587011162167,24196,GENIS,24
21750.0,1481.0,1535.6182795698924,1654.8144684633642,-119.1961888934718,24223,LALINDE,24
19450.0,420.0,1360.2941176470588,1475.6349184064386,-115.34080075937982,24227,LANOUAILLE,24
22230.0,1459.0,1562.5,1739.626179363327,-177.12617936332708,24256,MARSAC-SUR-L'ISLE,24
20840.0,276.0,1027.7777777777778,1339.0645692481512,-311.2867914703734,24271,MILHAC-DE-NONTRON,24
23620.0,2031.0,1515.7657657657658,2124.0715097662746,-608.3057440005089,24312,SANILHAC,24
19610.0,334.0,1718.75,1647.1895321159932,71.56046788400681,24330,PLAZAC,24
22150.0,457.0,2572.6648351648355,2512.1202390583635,60.544596106472,24341,PROISSANS,24
22200.0,2532.0,1739.1304347826087,1912.0868343216207,-172.95639953901195,24372,SAINT-ASTIER,24
22210.0,455.0,1380.654761904762,2191.8924558585627,-811.2376939538008,24449,ST MARTIAL D ARTENSET,24
19910.0,569.0,1229.5081967213114,1285.6098057750453,-56.10160905373391,24479,SAINT PARDOUX LA RIVIERE,24
21210.0,246.0,1282.084998948033,1416.8802679448045,-134.79526899677148,24554,LA TOUR-BLANCHE-CERCLES,24
20680.0,52724.0,2671.0321519912313,2541.148485310105,129.88366668112621,25056,BESANCON,25
26500.0,293.0,2509.943181818182,2379.166310156986,130.77687166119586,25060,VAL D'USIERS,25
25140.0,402.0,2153.3755760368667,1718.8269346810212,434.5486413558456,25186,CUSSEY SUR L'OGNON,25
33200.0,1313.0,2897.0588235294117,3302.7005771367635,-405.6417536073518,25240,LES FINS,25
18290.0,2305.0,1667.566478646253,1766.415291500644,-98.84881285439087,25284,GRAND-CHARMONT,25
27660.0,1906.0,2264.369947341096,2488.628765007187,-224.2588176660911,25356,MAICHE,25
20330.0,2147.0,1300.2501863089533,1394.9221108106585,-94.67192450170523,25367,MANDEURE,25
38280.0,836.0,3684.2105263157896,3857.6548953408615,-173.44436902507186,25380,METABIEF,25
18600.0,10503.0,1515.841584158416,1603.7878393495948,-87.9462551911788,25388,MONTBELIARD,25
25230.0,880.0,2373.109243697479,2346.65638562499,26.452858072489107,25397,MONTFERRAND LE CHATEAU,25
24720.0,661.0,2260.8982035928143,2582.3834210017394,-321.4852174089251,25601,VERCEL VILLEDIEU LE CAMP,25
23980.0,1450.0,1393.3333333333333,1679.2885021390096,-285.9551688056763,25632,VOUJEAUCOURT,25
24700.0,2991.0,2927.1604938271603,3038.7568194374558,-111.59632561029548,26064,CHABEUIL,26
23990.0,518.0,2529.4117647058824,2303.121798176051,226.28996652983142,26087,CHATILLON-SAINT-JEAN,26
24710.0,2657.0,2911.4921536796537,2693.6314229976997,217.860730681954,26088,CHATUZANGE-LE-GOUBET,26
23920.0,859.0,2584.4155844155844,2528.7480773609464,55.66750705463801,26144,GRANE,26
22250.0,287.0,1780.8219178082193,1686.8386658629026,93.98325194531662,26172,MANTHES,26
25030.0,1090.0,2461.1317829457366,2397.3030114273774,63.82877151835919,26191,MONTBOUCHER-SUR-JABRON,26
21350.0,18442.0,2452.5,2697.654078358092,-245.1540783580922,26198,MONTELIMAR,26
25510.0,469.0,3231.6787439613527,2835.043975958685,396.63476800266744,26212,MONTVENDRE,26
21340.0,486.0,2201.6976744186045,1327.4951685198146,874.2025058987899,26216,SAINT-JEAN-DE-GALAURE,26
21150.0,3541.0,2590.1634615384614,2126.9785266904587,463.18493484800274,26220,NYONS,26
20520.0,15799.0,2206.0975609756097,2277.226173498895,-71.12861252328548,26281,ROMANS-SUR-ISERE,26
17860.0,145.0,2920.0,2386.486072269322,533.513927730678,26306,SAINTE-JALLE,26
22670.0,1368.0,1836.832298136646,1922.1129124415588,-85.28061430491289,26307,SAINT-JEAN-EN-ROYANS,26
19890.0,2590.0,2033.8983050847457,1795.881304222269,238.01700086247683,26325,SAINT-RAMBERT-D ALBON,26
21660.0,796.0,2579.7863351038145,1613.320040690382,966.4662944134325,26337,SAULCE-SUR-RHONE,26
26630.0,832.0,2754.166666666667,2738.3675988028576,15.799067863809341,26338,SAUZET,26
24490.0,891.0,2317.7131782945735,2210.047078258239,107.66610003633468,26345,SUZE-LA-ROUSSE,26
21060.0,823.0,1613.8613861386139,1616.5763625788195,-2.714976440205646,26357,TULETTE,26
24500.0,515.0,2006.25,2013.0803173822956,-6.830317382295561,27011,AMFREVILLE-SAINT-AMAND,27
20750.0,3458.0,2070.8748615725362,2034.9421022004346,35.9327593721016,27016,LES ANDELYS,27
23710.0,566.0,1890.3178023161863,1890.5651184955757,-0.24731617938937234,27017,ANGERVILLE LA CAMPAGNE,27
25340.0,697.0,1676.6917293233082,1853.1367665270802,-176.44503720377202,27020,ARNIERES SUR ITON,27
21710.0,2147.0,2525.423728813559,2009.0683967883133,516.3553320252458,27022,LE VAL D'HAZEY,27
24910.0,387.0,1679.748803827751,1911.2272495849868,-231.4784457572357,27025,AUTHEUIL-AUTHOUILLET,27
27070.0,396.0,2158.8827838827838,2262.4191983917817,-103.53641450899795,27044,LES BAUX STE CROIX,27
21140.0,1324.0,1695.1354339414042,1617.8371112571301,77.29832268427413,27051,BEAUMONT LE ROGER,27
23050.0,625.0,1835.5263157894738,1866.8578993062567,-31.331583516782985,27070,FRENELLES-EN-VEXIN,27
24660.0,253.0,1897.0201238390093,1963.7566973735106,-66.7365735345013,27118,BROSVILLE,27
27710.0,448.0,1850.0,2172.46248540497,-322.4624854049698,27133,CAUMONT,27
19460.0,558.0,1952.3809523809523,1705.067742707607,247.31320967334523,27170,CORMEILLES,27
23680.0,927.0,2311.1111111111113,2338.436714785075,-27.325603673963542,27183,LA COUTURE BOUSSEY,27
25530.0,558.0,2158.7313003452246,2294.9047190762526,-136.17341873102805,27196,LES DAMPS,27
24990.0,2385.0,2193.673469387755,2385.243539303454,-191.5700699156987,27213,VEXIN-SUR-EPTE,27
21790.0,1604.0,1948.5294117647059,1936.8708311156975,11.6585806490084,27226,ETREPAGNY,27
20330.0,877.0,1887.9525593008739,1829.625348148714,58.32721115215986,27246,FLEURY SUR ANDELLE,27
24180.0,491.0,2268.75,1912.7585494746413,355.9914505253587,27290,GOUPIL-OTHON,27
24470.0,540.0,2061.310223266745,2261.548125590932,-200.23790232418696,27301,GROSSOEUVRE,27
24700.0,1123.0,2133.8173076923076,2278.7255640797093,-144.9082563874017,27306,GUICHAINVILLE,27
24880.0,189.0,1666.1184210526317,1858.6361862949705,-192.51776524233878,27331,HEUBECOURT-HARICOURT,27
25760.0,298.0,1680.672268907563,2147.524781749504,-466.85251284194123,27347,HUEST,27
22080.0,317.0,2155.3544494720963,2002.3403344644857,153.0141150076106,27377,LYONS LA FORET,27
24240.0,490.0,1734.848484848485,1930.9567254442143,-196.10824059572928,27378,LA MADELEINE DE NONANCOURT,27
22660.0,174.0,1320.0471698113206,1627.5558347291287,-307.5086649178081,27379,MAINNEVILLE,27
25490.0,314.0,1672.7272727272727,2219.0824989132725,-546.3552261859998,27423,MUZY,27
25640.0,538.0,2835.5855855855857,2662.5155178271734,173.07006775841228,27426,NEAUFLES ST-MARTIN,27
24980.0,182.0,1616.5833333333335,1777.1303688219632,-160.54703548862972,27436,NOGENT LE SEC,27
21620.0,723.0,1931.8181818181818,1836.4271434940551,95.39103832412661,27453,PERRIERS SUR ANDELLE,27
23950.0,1675.0,2199.2658132530123,2510.390647861757,-311.12483460874455,27469,PONT DE L ARCHE,27
23000.0,1388.0,1846.8468468468468,2513.098704874668,-666.2518580278211,27493,ROMILLY SUR ANDELLE,27
24400.0,288.0,1925.0,1930.1836082785992,-5.183608278599195,27511,ST AUBIN D ECROSVILLE,27
25610.0,1570.0,1793.4782608695652,2003.9167317210656,-210.43847085150037,27528,LE VAUDREUIL,27
25260.0,961.0,1967.123287671233,2094.5384427887943,-127.41515511756143,27580,ST-OUEN-DE-THOUBERVILLE,27
25710.0,704.0,1771.0843373493976,2089.5891387533247,-318.5048014039271,27582,ST-OUEN-DU-TILLEUL,27
21840.0,354.0,1852.4844720496894,1878.4731529798764,-25.988680930187,27587,ST-PHILBERT-SUR-RISLE,27
27830.0,391.0,1741.9274714356682,1961.5406621483687,-219.61319071270054,27589,ST-PIERRE-DE-BAILLEUL,27
25540.0,649.0,1931.0912967629388,2081.125102102026,-150.0338053390874,27593,ST-PIERRE-DES-FLEURS,27
26070.0,369.0,1590.909090909091,2192.1226022341034,-601.2135113250124,27599,ST-PIERRE-LA-GARENNE,27
23160.0,2189.0,1692.7380952380954,1932.5956073817576,-239.85751214366223,27602,ST SEBASTIEN DE MORSENT,27
20380.0,830.0,2100.0,1925.3832252813418,174.61677471865823,27629,THIBERVILLE,27
20130.0,3616.0,1750.0,1849.7078371302541,-99.70783713025412,27679,VERNEUIL D'AVRE ET D'ITON,27
20940.0,10721.0,2384.090909090909,2396.7165462973358,-12.625637206426745,27681,VERNON,27
25020.0,251.0,1229.6146044624747,1921.6796466356764,-692.0650421732016,27700,VRAIVILLE,27
26310.0,697.0,2278.301886792453,2247.211878554378,31.090008238074915,28024,BARJOUVILLE,28
24510.0,673.0,1733.3333333333333,2092.6270357412322,-359.293702407899,28039,BEVILLE LE COMTE,28
20500.0,1648.0,1490.8773678963112,1445.4944933800473,45.38287451626388,28061,BROU,28
23410.0,456.0,1564.1025641025642,1756.2353094886867,-192.13274538612245,28075,LA CHAPELLE DU NOYER,28
25810.0,767.0,2316.5180230397623,2242.669706325176,73.84831671458642,28098,CHERISY,28
24340.0,454.0,1739.7739773977396,2047.3322229231292,-307.55824552538957,28099,CHUISNES,28
22940.0,533.0,1354.2735042735044,1619.762013317023,-265.48850904351866,28127,DANGEAU,28
24170.0,1443.0,2190.1750149075733,2231.710485593178,-41.53547068560465,28168,GALLARDON,28
21440.0,1480.0,1428.5714285714287,1681.7995485166393,-253.22811994521066,28196,ILLIERS-COMBRAY,28
25170.0,2226.0,2378.2258064516127,2612.729614314249,-234.50380786263622,28209,LEVES,28
25390.0,427.0,1580.0,1666.3732999756126,-86.37329997561255,28293,OULINS,28
22310.0,571.0,1254.248366013072,1441.644111913551,-187.39574590047891,28330,VILLEMAURY,28
25440.0,1179.0,2278.481012658228,2826.7532464979845,-548.2722338397566,28337,ST GEORGES SUR EURE,28
24930.0,396.0,2290.909090909091,2217.5785772179584,73.33051369113264,28363,SAINVILLE,28
25620.0,741.0,2377.992957746479,2407.676190456744,-29.683232710264747,28377,SOREL MOUSSEL,28
26180.0,783.0,1877.7777777777778,1929.9369759836488,-52.15919820587101,28380,SOURS,28
24660.0,877.0,1639.9192176870747,1593.921638732817,45.99757895425773,28393,TREMBLAY-LES-VILLAGES,28
23170.0,791.0,1600.0,1793.526373888413,-193.526373888413,28424,YEVRES,28
23000.0,1337.0,3254.9892125134843,2880.1201860579627,374.86902645552163,29022,CAMARET-SUR-MER,29
25420.0,2422.0,3379.6296296296296,2841.135636933554,538.4939926960756,29031,CLOHARS CARNOET,29
20170.0,438.0,1488.888888888889,1512.8528437425825,-23.96395485369362,29038,COMMANA,29
26430.0,1379.0,3153.846153846154,3095.8881352117523,57.95801863440147,29040,LE CONQUET,29
25820.0,922.0,2221.4823220258004,2147.2676816303665,74.21464039543389,29045,DIRINON,29
23370.0,760.0,2141.304347826087,2039.314653591364,101.98969423472295,29047,LE DRENNEC,29
23560.0,841.0,2104.4303797468356,2187.2652949492294,-82.83491520239386,29053,LE FAOU,29
18730.0,327.0,1459.5404595404596,1375.500124679674,84.0403348607856,29054,LA FEUILLEE,29
23910.0,746.0,1823.404255319149,1935.5228811495406,-112.1186258303917,29066,GUENGAT,29
22710.0,863.0,2000.0,2098.049219845825,-98.04921984582506,29097,LAMPAUL-GUIMILIAU,29
21800.0,4185.0,1561.526717557252,2109.707768904592,-548.1810513473399,29105,LANDIVISIAU,29
25170.0,2070.0,2446.4594594594596,2578.641645632545,-132.18218617308548,29135,LOCTUDY,29
23660.0,1470.0,2105.739327113373,2386.904414049373,-281.1650869360001,29146,MELGVEN,29
20930.0,7319.0,1642.8125,1929.6575602609023,-286.8450602609023,29151,MORLAIX,29
24360.0,1476.0,3125.0,2798.9850690777844,326.0149309222156,29153,NEVEZ,29
23090.0,2848.0,2155.9633027522937,2637.8090037220313,-481.84570096973766,29158,PENMARCH,29
22860.0,1688.0,2425.7425742574255,2506.838145817689,-81.09557156026358,29171,PLOMEUR,29
23090.0,832.0,1244.1860465116279,1655.6838986667592,-411.49785215513134,29176,PLONEVEZ-PORZAY,29
24030.0,2813.0,2604.91452991453,2552.663570444674,52.25095946985584,29178,PLOUDALMEZEAU,29
24500.0,1225.0,2082.3870967741937,2287.8571735689393,-205.47007679474564,29181,PLOUEDERN,29
26580.0,5854.0,2295.918367346939,2822.1459306338943,-526.2275632869555,29189,PLOUGASTEL-DAOULAS,29
23660.0,3172.0,2310.924369747899,2487.4949680169525,-176.57059826905333,29195,PLOUGUERNEAU,29
22770.0,2112.0,3073.842105263158,2611.126180246312,462.7159250168461,29197,PLOUHINEC,29
19820.0,579.0,1723.8764044943819,1481.998603291667,241.87780120271486,29202,PLOUNEOUR-MENEZ,29
23290.0,2036.0,1595.7446808510638,1834.5385797114193,-238.7938988603555,29207,PLOURIN-LES-MORLAIX,29
23960.0,1590.0,2040.8163265306123,2215.015477753526,-174.19915122291354,29209,PLOUVIEN,29
19520.0,343.0,1410.3835978835978,1348.5345719538977,61.84902592970002,29211,PLOUYE,29
22870.0,4266.0,2545.4545454545455,2516.4297796651167,29.024765789428784,29220,PONT L ABBE,29
22150.0,226.0,1492.857142857143,1414.7405060210938,78.11663683604911,29222,PORT-LAUNAY,29
22700.0,30611.0,2212.9322120285424,2729.674480600948,-516.7422685724055,29232,QUIMPER,29
22440.0,5714.0,2279.4117647058824,2246.316285473139,33.0954792327434,29233,QUIMPERLE,29
26510.0,5205.0,2634.0141561297414,2986.0125670180423,-351.9984108883009,29235,LE RELECQ-KERHUON,29
21710.0,3439.0,1521.896551724138,1760.6814708054226,-238.78491908128467,29241,ROSPORDEN,29
24800.0,1491.0,2791.2697530864198,2943.5400587649824,-152.27030567856264,29247,ST EVARZEC,29
22200.0,2332.0,1575.0,1881.4927388506615,-306.49273885066145,29254,SAINT-MARTIN-DES-CHAMPS,29
22830.0,1257.0,1487.3979160799774,1685.4670119916116,-198.06909591163412,29279,TAULE,29
22410.0,417.0,1333.3333333333333,1945.828217366105,-612.4948840327718,29281,TOURCH,29
22790.0,442.0,1847.2906403940888,1825.3110340746775,21.979606319411232,29287,TREFLEZ,29
22220.0,236.0,1784.920634920635,1594.1994476033742,190.72118731726073,29298,TREOGAT,29
19850.0,406.0,3577.4592521572386,2770.5687696939935,806.890482463245,2A092,CONCA,2A
25940.0,735.0,2529.4117647058824,2573.870336865735,-44.45857215985279,2A209,PERI,2A
21560.0,5604.0,3597.9757383966244,2520.9081559191686,1077.0675824774557,2A247,PORTO-VECCHIO,2A
25110.0,382.0,3933.339237930125,3245.5380500013016,687.8011879288233,2A300,SAN-GAVINO-DI-CARBINI,2A
23820.0,394.0,2456.5656565656564,2237.151432009889,219.4142245557673,2A348,VICO,2A
25370.0,1425.0,2584.6153846153848,2606.730746742061,-22.115362126676246,30004,AIGUES-VIVES,30
25410.0,4453.0,3431.372549019608,3358.9887526633765,72.38379635623141,30011,LES ANGLES,30
22560.0,1817.0,2132.3529411764707,2044.9831364989068,87.36980467756393,30012,ARAMON,30
22450.0,1066.0,2197.6830961471715,2158.3099264540097,39.3731696931618,30027,BAGARD,30
19140.0,8215.0,1923.2685627442465,2082.4962331766455,-159.227670432399,30028,BAGNOLS SUR CEZE,30
22300.0,2305.0,2860.2941176470586,2614.1294825193286,246.16463512772998,30033,BEAUVOISIN,30
20980.0,399.0,881.7829457364342,1148.1931809786472,-266.41023524221305,30046,BOUCOIRAN-ET-NOZIERES,30
24320.0,1824.0,3146.067415730337,2935.1158063252287,210.95160940510823,30060,CAISSARGUES,30
24680.0,2606.0,3081.625545559811,2652.999996512676,428.62554904713534,30062,CALVISSON,30
25330.0,1882.0,2678.676470588235,2704.4616842508945,-25.785213662659316,30075,CAVEIRAC,30
24070.0,1120.0,2837.837837837838,2517.7318503838296,320.1059874540083,30083,CODOGNAN,30
21560.0,508.0,2921.5384615384614,2529.942196157085,391.59626538137627,30131,GOUDARGUES,30
21870.0,5850.0,4015.316421167485,2518.2728676715283,1497.0435534959565,30133,LE GRAU DU ROI,30
17390.0,587.0,2089.285714285714,2059.293049622999,29.992664662715015,30140,LASALLE,30
20930.0,936.0,2226.6666666666665,1870.5890204182851,356.07764624838137,30152,LES MAGES,30
22560.0,3770.0,2481.517730496454,2578.6827862145506,-97.16505571809648,30156,MARGUERITTES,30
22320.0,652.0,2761.6905874499334,1634.767516069527,1126.9230713804066,30174,MONTAREN-ET-SAINT-MEDIERS,30
24330.0,607.0,2479.166666666667,2479.8807289787924,-0.7140623121254066,30185,MUS,30
21690.0,299.0,2081.9940476190477,1848.3895298105658,233.6045178084819,30207,POUZILHAC,30
22090.0,1632.0,2735.169491525424,2543.5503012788995,191.61919024652434,30211,REDESSAN,30
20900.0,883.0,2197.8824546240276,1909.7732964108636,288.10915821316394,30214,RIBAUTE-LES-TAVERNES,30
20370.0,180.0,2263.095238095238,1955.418529672598,307.6767084226401,30215,RIVIERES,30
25350.0,3234.0,3205.128205128205,3369.0431883688125,-163.9149832406074,30217,ROCHEFORT-DU-GARD,30
21900.0,1854.0,2146.067415730337,2159.3593865923403,-13.291970862003382,30223,ROUSSON,30
18170.0,1725.0,1757.8125,1520.1312840809724,237.68121591902764,30227,SAINT-AMBROIX,30
21280.0,255.0,2009.0730676328503,2123.0310183905403,-113.95795075769001,30233,SAINT-BAUZELY,30
22880.0,803.0,2177.4193548387098,2076.086181382924,101.33317345578553,30254,SAINT-GENIES-DE-COMOLAS,30
19830.0,1725.0,1931.4,1721.4983782110335,209.90162178896662,30263,ST HIPPOLYTE DU FORT,30
21770.0,1508.0,2346.2606837606836,2234.4036859476605,111.8569978130231,30274,SAINT-JULIEN-LES-ROSIERS,30
22770.0,1739.0,2830.0,2529.109093043487,300.89090695651294,30276,SAINT-LAURENT-D AIGOUZE,30
23240.0,653.0,2488.8888888888887,2133.729966144022,355.1589227448667,30281,SAINT-MAMERT-DU-GARD,30
21110.0,311.0,1644.6428571428573,1605.5086950008888,39.134162141968545,30285,ST-MAURICE-DE-CAZEVIEILLE,30
23650.0,357.0,3814.814814814815,3320.0288977925775,494.7859170222373,30286,SAINT-MAXIMIN,30
24330.0,302.0,2872.889696419108,2464.856959921433,408.03273649767516,30287,SAINT-MICHEL-D EUZET,30
20330.0,141.0,2770.723785957315,2456.5666999900177,314.15708596729746,30291,SAINT-PAUL-LA-COSTE,30
23120.0,2400.0,2660.5402406626035,2571.4633460890113,89.0768945735922,30294,SAINT-PRIVAT-DES-VIEUX,30
20280.0,1629.0,1903.4313725490197,1956.5830009091533,-53.1516283601336,30305,SALINDRES,30
16820.0,1126.0,1074.0740740740741,1161.2697041557249,-87.19563008165073,30307,LES SALLES DU GARDON,30
24560.0,868.0,2985.4166666666665,2689.86776216044,295.54890450622634,30315,SAZE,30
22530.0,757.0,2401.875,2288.995750597115,112.87924940288485,30317,SERNHAC,30
22090.0,610.0,1700.0,1760.7082918698184,-60.70829186981837,30336,VALLABREGUES,30
23860.0,2367.0,2747.252747252747,2742.833939822472,4.4188074302751374,30344,VERGEZE,30
23250.0,865.0,2894.8979591836733,1919.505344163596,975.3926150200773,30348,VEZENOBRES,30
18020.0,1975.0,2202.05686630369,1858.9011244113424,343.1557418923478,30350,LE VIGAN,30
27590.0,5988.0,3538.4615384615386,3496.2776234938797,42.18391496765889,30351,VILLENEUVE LES AVIGNON,30
19880.0,499.0,833.3333333333334,968.5381722526882,-135.20483891935487,31020,ASPET,31
22860.0,4399.0,2648.4158415841584,2757.5796460490546,-109.1638044648962,31022,AUCAMVILLE,31
20520.0,492.0,1254.5454545454545,1453.4915145962973,-198.9460600508428,31028,AURIGNAC,31
29070.0,1576.0,2549.4708994708994,2736.229988137855,-186.75908866695545,31035,AUZEVILLE-TOLOSANE,31
25570.0,1445.0,2549.1222030981066,2654.636428774751,-105.5142256766444,31048,BAZIEGE,31
27260.0,1883.0,2448.0407094858574,2680.2688402168883,-232.2281307310309,31079,BOULOC,31
23560.0,981.0,2393.6170212765956,2269.7749291254822,123.84209215111332,31100,CALMONT,31
25370.0,836.0,2820.625,2709.1836158593965,111.44138414060353,31136,CEPET,31
27790.0,3057.0,2944.782352941176,3101.999426572846,-157.2170736316698,31169,ESCALQUENS,31
22940.0,2492.0,2596.153846153846,2364.5315323751843,231.62231377866192,31182,FENOUILLET,31
29110.0,761.0,3220.6407322654463,3304.9749146507284,-84.33418238528202,31184,FLOURENS,31
23240.0,1498.0,2211.5384615384614,2098.894161341881,112.64430019658039,31186,FONBEAUZARD,31
22000.0,760.0,2500.0,2356.3810520990824,143.61894790091765,31193,LE FOUSSERET,31
24760.0,2708.0,2623.9823008849557,2596.009463810622,27.97283707433371,31202,FRONTON,31
25020.0,2056.0,2820.1581027667985,2905.2370676882765,-85.07896492147802,31230,GRATENTOUR,31
23810.0,3893.0,2659.574468085106,2704.631504807392,-45.05703672228583,31232,GRENADE SUR GARONNE,31
24980.0,1294.0,2738.1944444444443,2774.095072585428,-35.90062814098383,31263,LAGARDELLE SUR LEZE,31
24450.0,2577.0,2317.8657954545456,2373.291226582555,-55.42543112800922,31341,MERVILLE,31
27790.0,1195.0,2554.1265805387575,2735.7259089961335,-181.59932845737603,31364,MONTBERON,31
27200.0,1057.0,2727.005649717514,2709.283417581566,17.72223213594816,31381,MONTGISCARD,31
28350.0,1858.0,3571.4285714285716,3300.5183342732985,270.9102371552731,31389,MONTRABE,31
26860.0,1851.0,2735.632183908046,2999.5246787502456,-263.89249484219954,31410,PECHBONNIEU,31
30690.0,3593.0,3325.668498168498,3467.779805283254,-142.11130711475607,31417,PIBRAC,31
25680.0,1253.0,2778.275401069519,2750.5306402658107,27.744760803708232,31420,PINSAGUEL,31
24970.0,1889.0,2297.45142213461,2488.160115356404,-190.70869322179396,31421,PINS JUSTARET,31
29690.0,869.0,3561.0291813552685,3249.0267958483482,312.0023855069203,31429,POMPERTUZAT,31
21290.0,4728.0,1935.3061224489795,2245.482981126594,-310.1768586776145,31451,REVEL,31
22530.0,1125.0,2095.25,2018.772679780034,76.47732021996603,31455,RIEUX,31
24430.0,2118.0,2979.0238764044943,2815.400078322962,163.6237980815322,31458,ROQUES,31
25740.0,817.0,2344.1150442477874,2478.115201535219,-134.00015728743165,31481,STE FOY DE PEYROLIERES,31
19530.0,5837.0,1541.958041958042,2504.6819560710487,-962.7239141130067,31483,SAINT-GAUDENS,31
29330.0,1074.0,2819.7368421052633,3434.331842574151,-614.5950004688875,31484,ST GENIES BELLEVUE,31
22560.0,3339.0,2679.3707264957266,2560.756084553563,118.61464194216342,31490,ST JORY,31
26190.0,6492.0,3219.753893397675,3137.3487029278895,82.40519046978534,31506,ST ORENS DE GAMEVILLE,31
30250.0,1467.0,2588.7348272642394,2797.8623979234253,-209.12757065918595,31541,SEILH,31
26750.0,1469.0,2535.211267605634,2527.3887886750836,7.82247893055046,31573,VERFEIL,31
26490.0,626.0,2321.4285714285716,2415.953864498533,-94.52529306996166,31587,VILLENEUVE LES BOULOC,31
24570.0,574.0,2579.977272727273,2442.187111145763,137.7901615815099,31589,VILLENOUVELLE,31
26190.0,796.0,2606.705128205128,2411.276677531053,195.42845067407507,31592,LARRA,31
19070.0,378.0,1227.5528169014085,1270.0562046353577,-42.50338773394924,32001,AIGNAN,32
19040.0,819.0,1546.6666666666667,1477.32172440766,69.34494225900676,32096,CAZAUBON,32
21050.0,104.0,1317.1195652173913,1382.678868480792,-65.5593032634008,32203,LAURAET,32
21360.0,1719.0,1896.1038961038962,1835.8709001074196,60.232995996476575,32208,LECTOURE,32
20700.0,765.0,1452.991452991453,1516.4887292324297,-63.49727624097682,32319,PLAISANCE,32
23380.0,1104.0,1994.047619047619,2489.6295239130577,-495.5819048654387,32410,SAMATAN,32
27410.0,6868.0,4352.040816326531,3945.982991708478,406.057824618053,33005,ANDERNOS-LES-BAINS,33
27150.0,7211.0,3894.872572815534,3836.660293019634,58.21227979590003,33009,ARCACHON,33
24210.0,4377.0,3868.235294117647,3517.8906923705003,350.3446017471465,33019,AUDENGE,33
25550.0,2245.0,3173.913043478261,3260.3374874897827,-86.4244440115217,33029,LE BARP,33
21280.0,3662.0,2781.854838709677,2562.9139618932586,218.9408768164185,33032,BASSENS,33
24870.0,120075.0,4237.28813559322,4059.7834606802526,177.50467491296786,33063,BORDEAUX,33
27570.0,12101.0,4230.591311343524,3859.896164581544,370.6951467619797,33069,LE BOUSCAT,33
24250.0,2900.0,3032.5640520299567,2975.621082120014,56.9429699099428,33080,CADAUJAC,33
23770.0,300.0,2005.2884615384614,1956.2627048955392,49.02575664292226,33093,CAPIAN,33
23210.0,3395.0,3028.169014084507,3053.6147819500684,-25.445767865561265,33096,CARBON BLANC,33
18920.0,11737.0,3086.333333333333,2144.723296962476,941.610036370857,33119,CENON,33
24890.0,431.0,3096.7741935483873,2739.4427926907547,357.3314008576326,33130,COIMERES,33
20730.0,4059.0,1553.030303030303,1657.5963332879912,-104.56603025768823,33138,COUTRAS,33
23980.0,11055.0,3499.683544303797,3550.598068501069,-50.91452419727193,33162,EYSINES,33
20850.0,7822.0,3309.200913242009,2926.747836875269,382.4530763667399,33167,FLOIRAC,33
21910.0,1111.0,2272.7368421052633,2398.7788770221323,-126.04203491686894,33177,GAILLAN-EN-MEDOC,33
22830.0,659.0,2603.114478114478,2405.008236563291,198.10624155118694,33202,HOSTENS,33
20520.0,476.0,2319.927536231884,1915.049408350172,404.8781278817121,33208,JAU-DIGNAC-LOIRAC,33
29170.0,1857.0,3391.427011285038,3416.832209260932,-25.40519797589377,33213,LA BREDE,33
21900.0,540.0,1391.66,1495.522024657592,-103.86202465759197,33220,LAMARQUE,33
19290.0,440.0,936.3213639886335,1167.581431779671,-231.2600677910375,33221,LAMOTHE-LANDERRON,33
25910.0,3711.0,4264.705882352941,3769.630992543696,495.07488980924563,33229,LANTON,33
27890.0,4606.0,3576.470588235294,3506.5091410421514,69.9614471931427,33238,LEOGNAN,33
19470.0,2805.0,1945.816587504567,1767.5042180862074,178.3123694183596,33240,LESPARRE-MEDOC,33
22850.0,255.0,2063.8888888888887,2024.6131694409178,39.275719447970914,33241,LESTIAC-SUR-GARONNE,33
20860.0,11765.0,2469.135802469136,2639.887683755411,-170.75188128627542,33243,LIBOURNE,33
26030.0,1466.0,3026.543209876543,3018.8125639793147,7.730645897228442,33293,MONTUSSAN,33
23770.0,233.0,2166.6666666666665,1880.7565879938618,285.91007867280473,33301,NAUJAN-ET-POSTIAC,33
22260.0,1236.0,2191.780821917808,2204.8355311432624,-13.05470922545419,33327,PODENSAC,33
24540.0,1455.0,4346.153846153846,3780.181970172258,565.9718759815878,33333,LE PORGE,33
20270.0,243.0,1786.3372093023256,1602.6683080275504,183.66890127477518,33344,PUJOLS,33
25800.0,683.0,2233.983601922533,2249.7787851607877,-15.795183238254594,33357,ROAILLAN,33
25600.0,1843.0,2741.2761256986187,2766.949717831732,-25.67359213311329,33363,SADIRAC,33
21860.0,2291.0,1944.3685073810825,2201.151677817868,-256.78317043678544,33393,ST-DENIS-DE-PILE,33
24470.0,764.0,2495.4954954954956,2526.4823134717603,-30.986817976264774,33394,SAINT-EMILION,33
22770.0,2036.0,2261.1111111111113,2252.436399337777,8.674711773334366,33424,SAINT LAURENT MEDOC,33
21340.0,626.0,1847.3090909090909,1483.874855471046,363.4342354380449,33439,SAINT-MARIENS,33
19920.0,1127.0,1806.0344827586207,1475.4004761426572,330.6340066159635,33447,SAINT-MEDARD-DE-GUIZIERES,33
19140.0,1560.0,1842.4242424242425,1612.781009788342,229.6432326359004,33478,ST-SEURIN-SUR-L ISLE,33
21560.0,935.0,2520.9333333333334,1608.9170776534354,912.016255679898,33490,SAINT-VIVIEN-DE-MEDOC,33
27120.0,1096.0,3475.136948456863,3274.3903776272373,200.74657082962585,33496,SALLEBOEUF,33
25690.0,3315.0,2787.3942917547565,3417.170215105403,-629.7759233506463,33498,SALLES,33
21970.0,576.0,2051.818181818182,1916.7542936991397,135.0638881190423,33525,TAURIAC,33
24540.0,351.0,1850.7030603804797,1863.0505700270264,-12.347509646546769,33534,LE TOURNE,33
23750.0,1757.0,2423.864197530864,2327.270686583824,96.59351094704016,33539,VAYRES,33
23370.0,538.0,2058.823529411765,2169.5509575027936,-110.72742809102874,33548,VILLEGOUGE,33
22130.0,1308.0,2002.5,1976.3368412156062,26.163158784393772,34010,ANIANE,34
20810.0,2325.0,2081.8592767295595,2080.669935791516,1.1893409380436424,34031,BESSAN,34
16830.0,37364.0,2294.68085106383,2396.3702032816477,-101.68935221781794,34032,BEZIERS,34
22710.0,1629.0,2505.8823529411766,2400.7560115221136,105.12634141906301,34037,BOUJAN-SUR-LIBRON,34
22940.0,1415.0,2472.330097087379,2439.245934638481,33.08416244889804,34051,CANET,34
19320.0,4366.0,2489.7780373831774,2276.550314612949,213.2277227702284,34079,CLERMONT L HERAULT,34
22970.0,1222.0,2782.772277227723,2643.1416936569744,139.6305835707485,34081,COLOMBIERS,34
21720.0,607.0,2509.504132231405,2248.399553223453,261.104579007952,34089,CREISSAN,34
20750.0,2257.0,2294.7368421052633,2156.6689892958407,138.06785280942267,34101,FLORENSAC,34
19550.0,421.0,1945.2380952380952,1722.2647303855472,222.973364852548,34109,GABIAN,34
21680.0,1762.0,2605.5555555555557,2258.294308735391,347.2612468201646,34146,LUNEL-VIEL,34
24520.0,1375.0,3554.5454545454545,3214.2687863206816,340.27666822477295,34159,MIREVAL,34
19740.0,500.0,1209.2074592074591,1142.59092452517,66.61653468228906,34211,LE POUJOL-SUR-ORB,34
26410.0,2613.0,3737.1323529411766,3258.7485888432,478.3837640979764,34217,PRADES-LE-LEZ,34
19730.0,254.0,1244.3262411347519,1269.7969102106479,-25.470669075896012,34219,PREMIAN,34
22600.0,571.0,1612.5786163522012,1656.955440443614,-44.3768240914128,34224,PUISSALICON,34
19980.0,785.0,1842.0604109459332,1297.3958193182798,544.6645916276534,34226,QUARANTE,34
21660.0,2650.0,2569.230769230769,2373.6213604870363,195.60940874373273,34239,SAINT-ANDRE-DE-SANGONIS,34
29940.0,4270.0,4380.368098159509,4230.383259451742,149.98483870776727,34255,SAINT-GELY-DU-FESC,34
25520.0,2320.0,3333.3333333333335,2955.295963491679,378.0373698416547,34259,SAINT GEORGES D ORQUES,34
25010.0,2000.0,3966.859756097561,3490.2096201891213,476.65013590843955,34276,SAINT-MATHIEU-DE-TREVIERS,34
20600.0,1353.0,1907.0754716981132,1500.3286011050088,406.7468705931044,34289,SAINT-THIBERY,34
29970.0,1897.0,2922.222222222222,3207.39481756629,-285.17259534406776,34309,TEYRAN,34
23590.0,800.0,2140.0,2363.738055642217,-223.7380556422172,34311,TOURBES,34
24940.0,856.0,3825.3968253968255,3125.469732206845,699.9270931899805,34321,VALERGUES,34
22350.0,1180.0,3062.6666666666665,2732.2319602359676,330.43470643069895,34329,VENDRES,34
22720.0,1517.0,2043.301886792453,2458.83003162927,-415.52814483681686,34341,VILLEVEYRAC,34
22320.0,663.0,2064.814814814815,1726.8065726180712,338.0082421967436,35010,BAGUER-PICAN,35
21540.0,533.0,1444.4444444444443,1394.0397117058005,50.404732738643816,35034,LA BOUSSAC,35
24510.0,815.0,3531.7953020134228,3236.416696856526,295.3786051568968,35039,BRECE,35
23600.0,1540.0,2388.38725,2515.1997273404904,-126.8124773404902,35040,BRETEIL,35
21660.0,596.0,1783.001808318264,1829.059923224495,-46.05811490623091,35062,LA CHAPELLE-FLEURIGNE,35
20420.0,511.0,1018.5763888888889,1219.4073462352733,-200.83095734638437,35064,LA CHAPELLE-DE-BRAIN,35
23720.0,937.0,2178.082191780822,2158.2891154277713,19.793076353050765,35065,LA CHAPELLE THOUARAULT,35
21810.0,726.0,1317.1779141104294,1700.428678237954,-383.2507641275247,35072,CHATILLON-EN-VENDELAIS,35
23510.0,366.0,2267.2413793103447,1576.3794151803147,690.86196413003,35087,CORNILLE,35
22340.0,607.0,1965.4329608938547,1766.4316723494603,199.00128854439436,35104,EPINIAC,35
23740.0,687.0,2430.4368471035136,2295.414607376589,135.02223972692445,35105,ERBREE,35
22210.0,402.0,2271.3980463980465,2171.525873712792,99.87217268525455,35110,FEINS,35
24740.0,809.0,2062.5,2653.844371019861,-591.3443710198608,35121,GOSNE,35
25270.0,3760.0,2528.2258064516127,2858.147850737051,-329.92204428543846,35126,GUICHEN,35
23440.0,1650.0,2139.1304347826085,2031.9235333001964,107.20690148241215,35127,GUIGNEN,35
23340.0,1815.0,1784.1494845360826,1891.467289804406,-107.31780526832335,35133,IFFENDIC,35
23320.0,624.0,1360.2941176470588,1594.5289367001405,-234.23481905308176,35154,LIVRE-SUR-CHANGEON,35
23320.0,740.0,1827.6437908496732,2394.191573536199,-566.5477826865258,35161,LOUVIGNE-DE-BAIS,35
21020.0,1201.0,1770.8333333333333,1781.6789883042843,-10.845654970951045,35167,MARTIGNE-FERCHAUD,35
21650.0,780.0,2181.818181818182,2011.4711427874236,170.34703903075842,35172,MEILLAC,35
28450.0,4707.0,3055.5555555555557,3792.6438718652516,-737.088316309696,35210,PACE,35
21590.0,1678.0,2122.4489795918366,2013.532211361832,108.91676823000466,35219,PIPRIAC,35
22940.0,1735.0,2154.7399672399674,2303.487058010591,-148.7470907706238,35223,PLELAN-LE-GRAND,35
22450.0,1162.0,2351.5151515151515,2317.309061806905,34.20608970824651,35224,PLERGUER,35
21900.0,811.0,1759.3273035613342,2059.349865830348,-300.02256226901363,35226,PLEUGUENEUC,35
23140.0,3446.0,2876.7123287671234,2885.7030265482563,-8.990697781132894,35228,PLEURTUIT,35
22370.0,468.0,1452.152873790243,1700.3323416051783,-248.17946781493538,35235,RANNEE,35
22770.0,96019.0,3987.24358974359,2949.8724733261934,1037.3711164173965,35238,RENNES,35
21990.0,1864.0,2226.190476190476,1948.2242096318616,277.9662665586145,35239,RETIERS,35
24370.0,1629.0,2579.340523338048,2613.3088184450444,-33.968295106996266,35245,ROMILLE,35
21910.0,454.0,2604.5454545454545,2387.76776316866,216.77769137679434,35255,SAINT-BENOIT-DES-ONDES,35
27560.0,1212.0,3365.3846153846152,2924.8911236226436,440.49349176197165,35256,SAINT-BRIAC-SUR-MER,35
24550.0,1519.0,2448.1327800829877,2881.7326629187937,-433.59988283580606,35266,SAINT-ERBLON,35
22440.0,839.0,1788.7323943661972,1657.9429658677097,130.7894284984875,35273,SAINT-GERMAIN-EN-COGLES,35
24910.0,2256.0,2816.0919540229884,2841.2193012773973,-25.12734725440896,35275,SAINT-GILLES,35
27300.0,1374.0,3776.775703324808,3668.5468247709396,108.22887855386853,35287,SAINT-LUNAIRE,35
24030.0,850.0,2414.6341463414633,2449.182831721615,-34.54868538015171,35319,SAINT-THURIAL,35
22670.0,979.0,1820.407774390244,1752.692889512993,67.71488487725105,35326,SENS-DE-BRETAGNE,35
26130.0,1664.0,2750.5154639175257,2815.4182437919285,-64.90277987440277,35327,SERVON-SUR-VILAINE,35
21030.0,259.0,1478.2608695652175,1481.351739366223,-3.0908698010055105,35329,SOUGEAL,35
21330.0,468.0,1253.1645569620252,1226.120796914876,27.043760047149135,35332,TEILLAY,35
28380.0,3506.0,2968.75,3034.2905964509723,-65.54059645097232,35334,THORIGNE-FOUILLARD,35
24220.0,479.0,2801.3085399449037,1500.128442421715,1301.1800975231888,35358,LA VILLE ES NONAIS,35
21680.0,364.0,1193.1818181818182,1280.9058062616998,-87.72398807988156,36003,AMBRAULT,36
23320.0,1715.0,1370.9935897435898,1656.6005189522236,-285.6069292086338,36005,ARDENTES,36
23180.0,497.0,1296.7032967032967,1583.3387196429885,-286.6354229396918,36009,ARTHON,36
20260.0,2977.0,1413.0434782608695,1533.6535320045195,-120.61005374365004,36018,LE BLANC,36
21370.0,1326.0,950.0,1103.3655514996294,-153.36555149962942,36034,CHABRIS,36
20290.0,1154.0,825.3968253968254,1086.724859183063,-261.3280337862376,36045,CHATILLON-SUR-INDRE,36
22250.0,3453.0,1508.4745762711864,1879.0564768285726,-370.58190055738623,36063,DEOLS,36
19580.0,590.0,898.3050847457627,1048.2991645091222,-149.99407976335954,36069,ECUEILLE,36
20680.0,5399.0,1208.695652173913,1592.978614605748,-384.2829624318349,36088,ISSOUDUN,36
23860.0,650.0,1694.5037986704651,1858.4367546754424,-163.9329560049773,36101,LUANT,36
25530.0,2627.0,1709.6774193548388,2187.012678916648,-477.33525956180915,36159,LE POINCONNET,36
19670.0,418.0,883.3333333333334,1038.8139728834476,-155.48063955011423,36161,LE PONT-CHRETIEN-CHABENET,36
19750.0,474.0,1030.9278350515465,1100.2450151436126,-69.31718009206611,36189,SAINT-DENIS-DE-JOUHET,36
21110.0,1100.0,1048.780487804878,1403.9041068190074,-355.1236190141294,36228,VALENCAY,36
21780.0,509.0,1025.6410256410256,1214.9382380669115,-189.29721242588585,36232,VENDOEUVRES,36
22480.0,887.0,1700.0,1732.5810019294952,-32.58100192949519,37011,AVOINE,37
24600.0,1262.0,1855.138140161725,2141.740411874956,-286.60227171323095,37022,BEAUMONT EN VERON,37
23010.0,428.0,1778.4290421911296,1763.8663522433865,14.562689947743138,37024,BENAIS,37
22590.0,1747.0,1738.6363636363637,1942.8756238952722,-204.23926025890842,37031,BOURGUEIL,37
23310.0,544.0,1941.1764705882354,2050.4466324495165,-109.27016186128117,37049,CHAMBOURG SUR INDRE,37
24280.0,4956.0,2789.795918367347,2780.6856583627605,9.110260004586507,37050,CHAMBRAY LES TOURS,37
19390.0,2339.0,1558.4415584415585,1553.4391952544786,5.002363187079936,37063,CHATEAU RENAULT,37
22760.0,770.0,1918.6046511627908,2221.191645003835,-302.58699384104443,37067,CHEILLE,37
21860.0,4103.0,1774.1602067183462,2485.3017225156814,-711.1415157973352,37072,CHINON,37
20050.0,785.0,1391.610962566845,1266.6239745894825,124.98698797736256,37119,L ILE BOUCHARD,37
22380.0,2100.0,2041.6666666666667,2116.3453695883013,-74.67870292163457,37123,LANGEAIS,37
20560.0,912.0,1396.2904911180772,1383.4658417926942,12.824649325383007,37130,LIGUEIL,37
25790.0,1992.0,2324.212789568595,3061.4185387294974,-737.2057491609025,37139,LUYNES,37
25210.0,2029.0,2464.367816091954,2597.8807824586315,-133.51296636667757,37154,MONTBAZON,37
22660.0,1751.0,1780.0,1848.5488238680784,-68.54882386807844,37163,NAZELLES-NEGRON,37
26050.0,698.0,2673.5480943738658,2607.7084131071624,65.83968126670334,37206,SAINT ANTOINE DU ROCHER,37
27110.0,7993.0,3228.1609195402298,3374.426201752447,-146.26528221221724,37214,SAINT CYR SUR LOIRE,37
21950.0,840.0,1734.0277777777778,1664.1227516410675,69.90502613671038,37232,COTEAUX-SUR-LOIRE,37
19240.0,6787.0,2371.7948717948716,1785.1981277285743,586.5967440662973,37233,SAINT-PIERRE-DES-CORPS,37
21180.0,594.0,1755.7251908396947,1741.5548927274974,14.170298112197315,37241,SAVIGNE SUR LATHAN,37
25690.0,803.0,2308.1791626095423,2390.6271460540815,-82.4479834445392,37245,SEMBLANCAY,37
24700.0,952.0,2375.0,2167.9292728480377,207.07072715196227,37263,TRUYES,37
23250.0,2318.0,2525.196850393701,2532.9386817254026,-7.741831331701633,37273,LA VILLE-AUX-DAMES,37
22650.0,2770.0,1927.3127753303966,2095.0146690333386,-167.70189370294202,38001,LES ABRETS EN DAUPHINE,38
24890.0,473.0,2115.3846153846152,2167.790093793328,-52.40547840871295,38003,AGNIN,38
24840.0,717.0,3021.742906774754,2803.713973113275,218.02893366147873,38015,ARTAS,38
22860.0,3386.0,2418.3673469387754,2490.0577064377308,-71.69035949895533,38022,LES AVENIERES VEYRINS-THUELLIN,38
27450.0,749.0,2912.755905511811,2990.3862081155344,-77.63030260372352,38027,BARRAUX,38
20040.0,2155.0,2126.3888888888887,1933.137280131971,193.25160875691768,38034,BEAUREPAIRE,38
23920.0,595.0,2129.0625,2163.4691218914227,-34.406621891422674,38051,BOUGE-CHAMBALUD,38
23240.0,1459.0,3341.7572463768115,2806.1370512323792,535.6201951444323,38052,LE BOURG-D'OISANS,38
24690.0,1176.0,2300.8053691275168,2537.3974557101833,-236.59208658266652,38064,CESSIEU,38
23020.0,881.0,1810.625,1870.9395387183793,-60.314538718379254,38065,CHABONS,38
31460.0,530.0,3015.8653846153848,2817.1199084694395,198.7454761459453,38068,CHAMPAGNIER,38
22350.0,630.0,2077.8175313059032,1957.2439699165698,120.57356138933346,38069,CHAMPIER,38
25000.0,204.0,2363.2083333333335,2182.461332575485,180.74700075784858,38078,LA CHAPELLE-DU-BARD,38
23350.0,842.0,2292.0223577235774,2165.05996513331,126.96239259026743,38094,CHATONNAY,38
23790.0,1069.0,2118.864522417154,2152.4570070883797,-33.59248467122552,38095,CHATTE,38
23500.0,570.0,2049.2277992277996,1844.175338082639,205.05246114516058,38104,CHIMILIN,38
28690.0,667.0,2893.5380933386514,2766.159256770163,127.37883656848817,38107,CHONAS-L'AMBALLAN,38
26360.0,710.0,2815.625,2513.4284635774034,302.19653642259664,38118,COLOMBE,38
29200.0,807.0,2939.189189189189,2916.7079364020556,22.4812527871336,38131,LES COTES-D'AREY,38
28760.0,3324.0,3786.021505376344,3693.6522934865607,92.3692118897834,38140,CROLLES,38
19930.0,14718.0,2969.1919191919196,2488.694697056427,480.49722213549285,38151,ECHIROLLES,38
20790.0,10263.0,3441.9981420765025,2954.988015811785,487.01012626471766,38169,FONTAINE,38
25780.0,1387.0,3922.2701451714706,3248.8311518356177,673.438993335853,38175,FROGES,38
28780.0,802.0,2146.5081400535237,2418.7412684605392,-272.23312840701556,38176,FRONTONAS,38
23880.0,883.0,2520.3634085213034,2414.9935297551374,105.36987876616604,38194,IZEAUX,38
27910.0,1246.0,4506.454545454545,3912.090389300692,594.364156153853,38205,LANS-EN-VERCORS,38
27470.0,154.0,2568.216237314598,2300.431633879297,267.78460343530105,38235,MIRIBEL-LANCHATRE,38
22180.0,1843.0,2666.6666666666665,2558.5512712262016,108.11539544046491,38261,MORESTEL,38
22980.0,805.0,1465.217391304348,1810.571173678847,-345.3537823744989,38265,LA MOTTE-D'AVEILLANS,38
23800.0,1140.0,2592.7083333333335,2541.4829633914915,51.22536994184202,38276,NIVOLAS-VERMELLE,38
24760.0,1053.0,2666.6666666666665,2586.158511142849,80.50815552381755,38292,VILLAGES DU LAC DE PALADRU,38
28010.0,913.0,3385.4176186849454,3144.49470901358,240.92290967136523,38309,POISAT,38
22180.0,1533.0,2026.160776160776,2055.5835984598843,-29.422822299108248,38315,LE PONT-DE-BEAUVOISIN,38
22790.0,2925.0,2444.5544554455446,2371.4513464244296,73.10310902111496,38337,RIVES,38
25820.0,444.0,2328.7671232876714,2349.4208176124293,-20.653694324757907,38341,ROCHETOIRIN,38
26250.0,837.0,2600.0,2670.7288585558754,-70.72885855587538,38381,SAINT-DIDIER-DE-LA-TOUR,38
25910.0,7502.0,4054.8039215686276,3668.277419781002,386.5265017876254,38382,SAINT-EGREVE,38
35540.0,3022.0,3916.865486175831,3910.2272723051033,6.638213870727668,38397,SAINT-ISMIER,38
23460.0,2094.0,1810.5263157894738,2533.4535572727345,-722.9272414832608,38399,SAINT-JEAN-DE-BOURNAY,38
22080.0,551.0,2418.64406779661,2120.5429941980115,298.10107359859876,38409,SAINT-JUST-DE-CLAIX,38
23670.0,259.0,1866.1483121195351,1962.8681100425142,-96.71979792297907,38434,SAINT-ONDRAS,38
30530.0,901.0,3460.2037470725995,3323.7210526837653,136.48269438883426,38436,SAINT-PAUL-DE-VARCES,38
26630.0,491.0,2668.9879931389364,2500.6828683342014,168.305124804735,38442,SAINT-PIERRE-DE-CHARTREUSE,38
22550.0,2012.0,2936.483409238777,2658.809250932224,277.6741583065527,38449,SAINT-QUENTIN-FALLAVIER,38
29770.0,591.0,3055.5555555555557,2902.285384957005,153.27017059855052,38466,SAINT-VINCENT-DE-MERCUZE,38
24340.0,2853.0,2846.401515151515,2897.560025079862,-51.15850992834703,38507,TIGNIEU-JAMEYZIEU,38
29360.0,1706.0,3726.581027667984,3751.655754125492,-25.07472645750795,38529,VAULNAVEYS-LE-HAUT,38
26580.0,569.0,2811.153164211675,2302.5193710109947,508.63379320068043,38536,VERNIOZ,38
26690.0,2003.0,3131.25,3152.041982527772,-20.79198252777178,38538,LE VERSOUD,38
22040.0,1200.0,1555.5555555555557,1487.936142088029,67.61941346752656,39189,DAMPARIS,39
23170.0,972.0,1729.2929292929293,1887.9256209210537,-158.63269162812435,39233,FOUCHERANS,39
31520.0,1022.0,2846.153846153846,3065.462766777146,-219.30892062329985,39367,MORBIER,39
21500.0,448.0,1432.7651515151515,1505.020335324944,-72.25518380979247,39370,MOUCHARD,39
24820.0,436.0,2046.3709677419354,2172.0325424718844,-125.66157472994905,39405,PARCEY,39
20400.0,370.0,1937.5,1535.4563517321883,402.0436482678117,39485,VAL SURAN,39
20190.0,1229.0,1400.0,1385.3481865285517,14.65181347144835,39500,SALINS LES BAINS,39
24730.0,1003.0,4913.023630803447,3866.660215286194,1046.363415517253,40004,ANGRESSE,40
23210.0,148.0,1638.3333333333335,1652.395613003918,-14.06227967058453,40011,ARSAGUE,40
23640.0,521.0,3380.2025316455697,2912.3072483074916,467.8952833380781,40019,AUREILHAN,40
22840.0,1697.0,3884.210526315789,3434.1694926637156,450.04103365207357,40036,BENESSE-MAREMNE,40
24110.0,7019.0,3728.715728715729,3589.511104361592,139.20462435413674,40046,BISCARROSSE,40
24460.0,5376.0,3590.100111234705,3541.698433349865,48.401677884839955,40065,CAPBRETON,40
20570.0,11763.0,2363.6363636363635,2357.7012629613214,5.935100675042122,40088,DAX,40
22070.0,637.0,1789.4736842105262,1826.916483491602,-37.44279928107585,40118,HABAS,40
21490.0,2150.0,1855.2631578947369,1841.9980382366148,13.265119658122103,40119,HAGETMAU,40
24670.0,581.0,2610.7954545454545,2620.1046683981626,-9.309213852708126,40125,HEUGAS,40
19860.0,121.0,1354.1666666666667,1374.0512906934966,-19.884624026829897,40164,RETJONS,40
24700.0,845.0,3028.6028602860288,2707.4879846259546,321.1148756600742,40179,MEES,40
24830.0,2861.0,4435.4838709677415,3050.6946221174044,1384.7892488503371,40209,ONDRES,40
21300.0,1626.0,2588.235294117647,2422.1419701706136,166.09332394703324,40224,PEYREHORADE,40
22720.0,1359.0,2247.122150295525,2280.546064197494,-33.42391390196917,40233,POUILLON,40
23830.0,202.0,1067.0433846663354,1286.1435779117573,-219.1001932454219,40240,RENUNG,40
24090.0,757.0,3570.161616161616,2101.6292964390686,1468.5323197225475,40248,ST-ANDRE-DE-SEIGNAN,40
24090.0,757.0,3570.161616161616,2101.6292964390686,1468.5323197225475,40248,ST-ANDRE-DE-SEIGNANX,40
24350.0,749.0,3177.19589944215,2825.2819651741574,351.9139342679928,40264,ST-JEAN-DE-MARSACQ,40
23600.0,523.0,2528.5714285714284,2366.7312864568967,161.84014211453177,40269,ST-LON-LES-MINES,40
23200.0,4409.0,2122.609317211949,3311.258250625157,-1188.648933413208,40281,SAINT-PIERRE-DU-MONT,40
22380.0,4057.0,3082.439024390244,2803.496971781204,278.9420526090398,40284,ST-VINCENT-DE-TYROSSE,40
21540.0,339.0,1668.65,1605.974847264829,62.675152735171196,40316,TILH,40
25290.0,1539.0,4172.947640594699,2284.566095495947,1888.3815450987518,40317,TOSSE,40
25690.0,1126.0,2154.591836734694,2723.4793104151668,-568.8874736804728,41032,CHAILLES,41
21540.0,751.0,1559.322033898305,1534.0780171232227,25.2440167750824,41043,CHATILLON-SUR-CHER,41
25840.0,395.0,1893.593694441152,2049.3377124000176,-155.7440179588657,41050,CHEVERNY,41
20160.0,467.0,928.5195936139332,1107.5149038907193,-178.99531027678609,41075,DROUE,41
25100.0,973.0,2053.836311771122,2255.33580568499,-201.49949391386826,41104,HUISSEAU SUR COSSON,41
22460.0,407.0,1015.625,1257.200209726272,-241.57520972627208,41135,MENNETOU SUR CHER,41
26150.0,1491.0,1489.0919811320755,2835.091998218498,-1346.0000170864223,41150,MONT PRES CHAMBORD,41
22150.0,487.0,1396.014492753623,1552.5677754078863,-156.55328265426328,41154,MOREE,41
21500.0,1069.0,1350.0,1511.2653552033808,-161.26535520338075,41161,NOUAN LE FUZELIER,41
22520.0,511.0,1194.620253164557,1532.7021868663523,-338.0819337017954,41175,PEZOU,41
24200.0,1009.0,1315.5080213903743,2442.16361469391,-1126.6555933035356,41185,PRUNIERS-EN-SOLOGNE,41
24530.0,804.0,2074.3539029535864,2764.3054951923177,-689.9515922387313,41230,SAINT-SULPICE-DE-POMMERAY,41
24320.0,1082.0,1665.7474970303751,2788.913410291675,-1123.1659132613,41276,VILLEBAROU,41
22250.0,812.0,2153.06884057971,2015.4286346915524,137.64020588815765,42003,AMBIERLE,42
21020.0,1248.0,1544.4444444444443,1698.0648055418073,-153.620361097363,42011,BALBIGNY,42
21940.0,1337.0,1600.0,1607.28313317052,-7.283133170519932,42023,BOURG-ARGENTAL,42
20710.0,3606.0,1865.1190476190477,1854.1874696764003,10.931577942647436,42071,LE COTEAU,42
22660.0,427.0,1774.7916666666665,1710.0293744213327,64.76229224533381,42074,COUTOUVRE,42
21680.0,3255.0,1756.3025210084033,2401.9232236772455,-645.6207026688421,42127,MABLY,42
21930.0,1333.0,1645.5696202531647,1706.0327303891636,-60.46311013599893,42165,PANISSIERES,42
24820.0,819.0,1285.7142857142858,2035.6539489446836,-749.9396632303979,42170,PERREUX,42
22360.0,5328.0,1793.8144329896907,2027.6274547604103,-233.81302177071962,42184,RIORGES,42
19930.0,702.0,2030.6122448979593,1752.2333816025189,278.3788632954404,42204,SAINT-BONNET-LE-CHATEAU,42
20330.0,15574.0,2333.3333333333335,2285.1428592129832,48.190474120350245,42207,SAINT-CHAMOND,42
20270.0,519.0,1012.1951219512196,1205.022729618621,-192.82760766740148,42248,SAINT-JUST-EN-CHEVALET,42
19070.0,411.0,1567.5925925925926,1454.9588611783963,112.63373141419629,42257,SAINT-MARTIN-D ESTREAUX,42
24080.0,744.0,2028.5714285714287,2229.3406725546197,-200.76924398319102,42262,SAINT-MAURICE-EN-GOURGOIS,42
25120.0,2770.0,2175.917832167832,2611.5074845118716,-435.5896523440397,42275,SAINT-PRIEST-EN-JAREZ,42
23500.0,1719.0,2602.1505376344085,2375.6709003419737,226.47963729243475,42285,SAINT-ROMAIN-LE-PUY,42
21340.0,426.0,927.7329192546583,1559.2388575091024,-631.5059382544441,42287,SAINT-SAUVEUR-EN-RUE,42
23520.0,1586.0,2121.323529411765,2119.2051931764995,2.1183362352653603,42299,SAVIGNEUX,42
22060.0,541.0,1504.6875,1628.3896704457445,-123.70217044574451,42334,VIOLAY,42
23760.0,668.0,1839.7660818713452,2001.855655419045,-162.08957354769973,42338,VOUGY,42
20830.0,2125.0,2336.791831357049,2202.23694956116,134.55488179588883,43041,BRIVES-CHARENSAC,43
21630.0,1178.0,1956.0714285714284,1989.960326714833,-33.888898143404504,43087,DUNIERES,43
22610.0,1683.0,1576.4950980392157,1804.3777238308437,-227.88262579162802,43089,ESPALY-SAINT-MARCEL,43
20720.0,1824.0,1279.4939688143572,1469.7106275845163,-190.21665877015903,43112,LANGEAC,43
22730.0,820.0,1708.3333333333335,1807.6839356675343,-99.35060233420086,43113,LANTRIAC,43
21260.0,447.0,1805.5555555555557,1649.9578181015095,155.59773745404618,43115,LAUSSONNE,43
21230.0,369.0,875.0,1229.6395492375082,-354.63954923750816,43119,LAVOUTE-SUR-LOIRE,43
24070.0,3958.0,2437.5,2703.8398990291394,-266.33989902913936,43137,MONISTROL-SUR-LOIRE,43
23580.0,320.0,1557.767316017316,1548.0309297376139,9.736386279702174,43181,SAINT-ETIENNE-LARDEYROL,43
24400.0,1484.0,1971.698113207547,2279.5410079150893,-307.8428947075422,43190,SAINT-GERMAIN-LAPRADE,43
17830.0,139.0,2094.9074074074074,1583.627544707354,511.2798627000534,43192,SAINT-HAON,43
22280.0,1036.0,1494.590053763441,1906.1533490177242,-411.5632952542833,43216,SAINT-PAULIEN,43
20380.0,814.0,1392.487597448618,1444.6335287749441,-52.145931326326036,43234,SAUGUES,43
21090.0,224.0,951.25,1146.1667224464284,-194.91672244642837,43246,TIRANGES,43
24830.0,1522.0,2942.5,2869.9570823386152,72.54291766138476,44002,AIGREFEUILLE SUR MAINE,44
22740.0,5080.0,2500.0,2570.1110062572347,-70.11100625723475,44003,ANCENIS-SAINT-GEREON,44
22520.0,914.0,2850.0,2381.192047604844,468.807952395156,44006,ASSERAC,44
25200.0,1823.0,3827.5075987841947,2833.3301681809376,994.1774306032571,44012,LA BERNERIE EN RETZ,44
23840.0,419.0,2644.066117012843,2161.0505088179384,483.0156081949044,44019,BOUEE,44
20350.0,5460.0,1627.906976744186,1851.8124104555295,-223.90543371134345,44036,CHATEAUBRIANT,44
25370.0,1232.0,2989.1304347826085,2728.869933254854,260.2605015277545,44037,CHATEAU-THEBAUD,44
24590.0,1448.0,2330.508474576271,2624.861671305059,-294.35319672878813,44045,CORDEMAIS,44
24290.0,9643.0,2956.25,3300.4155813918387,-344.1655813918387,44047,COUERON,44
23410.0,1448.0,2150.0,2155.4088713691913,-5.408871369191274,44056,FAY DE BRETAGNE,44
24310.0,1908.0,2633.3369191049915,2597.1732626376847,36.16365646730674,44064,GORGES,44
26190.0,2519.0,2318.4713375796177,2754.5033741891816,-436.0320366095639,44066,GRANDCHAMP-DES-FONTAINES,44
26070.0,1830.0,2406.6924066924066,2434.2256865727268,-27.53327988032015,44070,HAIE-FOUASSIERE (LA),44
24590.0,2432.0,2576.258424161744,2637.992949129841,-61.73452496809659,44073,HERIC,44
20770.0,799.0,1986.810187992723,1777.9899759648126,208.82021202791043,44075,ISSE,44
24330.0,1962.0,1910.1307189542486,2260.4106730230046,-350.27995406875607,44082,LIGNE,44
22820.0,905.0,1945.4545454545455,1840.1275562239832,105.32698923056228,44083,LIMOUZINIERE (LA),44
22310.0,3370.0,2434.2105263157896,2317.719051676908,116.49147463888175,44087,MACHECOUL-SAINT-MEME,44
23710.0,1202.0,2636.6666666666665,2527.133346847541,109.53331981912561,44088,MAISDON-SUR-SEVRE,44
23300.0,1869.0,2195.402298850575,2092.3568439555875,103.04545489498742,44096,MESANGER,44
25260.0,1240.0,2833.7745890220117,2376.0032448861575,457.7713441358542,44097,MESQUER,44
20960.0,797.0,1525.2233804914372,1564.5337229559625,-39.31034246452532,44099,MOISDON-LA-RIVIERE,44
24520.0,919.0,1959.4594594594594,2217.269513881012,-257.8100544215524,44100,MONNIERES,44
20790.0,1407.0,1960.0,1900.8310798005277,59.16892019947227,44116,PAIMBOEUF,44
25530.0,2719.0,2790.6976744186045,2826.1084287771505,-35.410754358546,44130,PONT-SAINT-MARTIN,44
27460.0,6639.0,4028.067301965456,4032.225301928289,-4.157999962832946,44132,PORNICHET,44
26510.0,840.0,4602.409638554217,3895.8751330014584,706.5345055527587,44136,PREFAILLES,44
22900.0,749.0,2438.372843089824,2230.9064493398996,207.46639374992446,44142,REMOUILLE,44
21460.0,897.0,803.8461538461538,1884.2172954802322,-1080.3711416340784,44146,ROUGE,44
23240.0,1348.0,2115.4411764705883,2127.907763641379,-12.466587170790717,44155,SAINT-COLOMBAN,44
26740.0,3098.0,2785.714285714286,2862.956604852277,-77.24231913799122,44158,SAINT-ETIENNE-DE-MONTLUC,44
22320.0,1455.0,2321.862348178138,1930.6469923060172,391.21535587212065,44161,SAINT-GILDAS-DES-BOIS,44
23000.0,22321.0,3055.5555555555557,3807.2817751000944,-751.7262195445387,44162,ST-HERBLAIN,44
23100.0,1776.0,2307.712765957447,2226.9898242812765,80.72294167617065,44163,VAIR-SUR-LOIRE,44
23830.0,879.0,2697.6190476190477,2509.9094945822685,187.7095530367792,44165,SAINT-HILAIRE-DE-CLISSON,44
25110.0,3074.0,2666.6666666666665,2707.2083946709895,-40.54172800432298,44169,SAINT-JULIEN-DE-CONCELLES,44
24360.0,2031.0,2611.1111111111113,2546.4483693355037,64.66274177560763,44175,SAINT-LYPHARD,44
24830.0,1988.0,2784.090909090909,2844.484988893441,-60.394079802531905,44179,SAINT-MARS-DU-DESERT,44
21510.0,1496.0,2417.3107890499195,2152.650365174074,264.6604238758455,44185,SAINT-NICOLAS-DE-REDON,44
24610.0,760.0,2252.906976744186,2204.20517076472,48.70180597946592,44203,LE TEMPLE DE BRETAGNE,44
21210.0,3636.0,2394.84126984127,2353.054861921928,41.786407919341855,44210,TRIGNAC,44
22530.0,272.0,1413.34,1493.6554974833991,-80.31549748339921,44218,VILLEPOT,44
25910.0,422.0,1654.8548094373864,1878.7397667669243,-223.88495732953788,45020,LE BARDON,45
23100.0,629.0,1860.9936575052852,1839.4630682802263,21.530589225058975,45025,BAZOCHES-LES-GALLERANDES,45
22010.0,3512.0,1937.3873873873874,1926.853461265097,10.533926122290495,45028,BEAUGENCY,45
22120.0,842.0,1270.2702702702702,1598.4062521787846,-328.1359819085144,45029,BEAULIEU SUR LOIRE,45
26860.0,871.0,2645.810810810811,2577.7154496838343,68.09536112697651,45034,BOIGNY-SUR-BIONNE,45
21710.0,544.0,1142.5340570455514,1600.1715688176917,-457.6375117721402,45050,BOYNES,45
22170.0,1384.0,974.3589743589744,1234.5375475698522,-260.17857321087786,45087,CHATILLON-SUR-LOIRE,45
23620.0,1068.0,2096.3796477495107,2264.426114233265,-168.0464664837541,45093,CHEVILLY,45
24050.0,3134.0,2089.327959344607,2503.2864852049515,-413.9585258603447,45146,LA FERTE SAINT-AUBIN,45
26690.0,774.0,2011.031847133758,2158.126698131192,-147.09485099743392,45154,GIDY,45
24060.0,1189.0,2282.608695652174,2295.40789563518,-12.79919998300602,45179,LAILLY EN VAL,45
27120.0,582.0,1954.5454545454545,2259.5886302551435,-305.04317570968897,45200,MENESTREAU-EN-VILLETTE,45
21620.0,1174.0,1600.0,1614.6222310738767,-14.62223107387672,45229,NOGENT-SUR-VERNISSON,45
21370.0,50985.0,2406.7196621537696,2537.3339029438966,-130.61424079012704,45234,ORLEANS,45
25180.0,1176.0,1439.0243902439024,2634.802896463816,-1195.7785062199137,45244,OUZOUER-SUR-LOIRE,45
23980.0,732.0,1569.2901979719943,1745.9372416072679,-176.64704363527358,45253,PITHIVIERS-LE-VIEIL,45
24310.0,466.0,1588.503401360544,1779.0594864599645,-190.55608509942044,45280,SAINT-GONDON,45
28370.0,1331.0,2473.684210526316,2813.249105803937,-339.56489527762096,45282,SAINT-HILAIRE-SAINT-MESMIN,45
24630.0,701.0,1393.4705882352941,2142.8056937653682,-749.3351055300741,45290,SAINT-MARTIN-D ABBAT,45
25330.0,2534.0,2493.0898876404494,2601.678564777212,-108.58867713676273,45298,SAINT-PRYVE-SAINT-MESMIN,45
26890.0,1311.0,2195.121951219512,2952.932548325654,-757.8105971061418,45308,SEMOY,45
24310.0,1033.0,2019.047619047619,2926.619935881752,-907.5723168341331,45324,TIGY,45
26570.0,752.0,2035.6882456915598,2505.6541499106934,-469.96590421913356,45333,VENNECY,45
22510.0,3183.0,1631.4455810833474,1935.2097666601787,-303.7641855768313,45338,VILLEMANDEUR,45
22880.0,419.0,1894.2307692307693,1821.8290095945213,72.40175963624802,46007,ARCAMBAL,46
21750.0,9677.0,1861.2142857142858,2185.777189345954,-324.5629036316682,46042,CAHORS,46
23750.0,194.0,1528.8858120841505,1692.4341294513401,-163.5483173671896,46046,CALAMANE,46
24110.0,276.0,1546.1275546159268,1710.1821349188892,-164.05458030296245,46057,CARDAILLAC,46
24660.0,505.0,1813.5289906943449,2089.044679762922,-275.5156890685771,46137,LABASTIDE-MARNHAC,46
21620.0,550.0,1204.8192771084337,1316.9461786718177,-112.12690156338408,46143,LACAPELLE-MARIVAL,46
23200.0,807.0,1843.9716312056737,1834.2362958932154,9.735335312458346,46148,LALBENQUE,46
22420.0,737.0,1800.0,1841.924413496012,-41.924413496011994,46185,MARTEL,46
19250.0,625.0,1524.7264150943397,1604.7709467579466,-80.0445316636069,46311,SOUSCEYRAC-EN-QUERCY,46
23390.0,2756.0,2113.498556998557,2404.677922812042,-291.1793658134852,47032,BON ENCONTRE,47
21500.0,285.0,1636.095238095238,1527.5344897287275,108.56074836651055,47041,BRUCH,47
19750.0,352.0,1416.6666666666667,1484.2977270064957,-67.63106033982899,47097,FEUGAROLLES,47
18460.0,2151.0,916.6666666666666,1261.0304409189202,-344.3637742522536,47106,FUMEL,47
24250.0,535.0,1155.7539682539682,2822.351202496226,-1666.5972342422579,47137,LAPLUME,47
22530.0,525.0,1214.9532710280373,1549.2959324160638,-334.3426613880265,47146,LE LEDAT,47
20820.0,578.0,1060.3703703703704,1115.2024617607253,-54.83209139035489,47159,LE MAS D AGENAIS,47
18910.0,930.0,1208.7912087912089,1423.1784898156332,-214.38728102442428,47179,MONSEMPRON-LIBOS,47
20300.0,1226.0,1814.4017196083114,1744.884295748349,69.51742385996249,47185,MONTAYRAL,47
21940.0,4414.0,1880.9459459459458,2117.328087104287,-236.38214115834126,47201,LE PASSAGE,47
20930.0,1065.0,2132.158028887001,1983.3880777546285,148.7699511323724,47203,PENNE D'AGENAIS,47
22820.0,370.0,736.3636363636364,1187.3931206857894,-451.02948432215305,47217,PUYMIROL,47
24400.0,868.0,2083.3333333333335,2302.4206161977536,-219.0872828644201,47225,ROQUEFORT,47
24070.0,589.0,1243.625843780135,1525.3740108330517,-281.74816705291664,47246,SAINT HILAIRE DE LUSIGNAN,47
20950.0,610.0,1897.9665940450254,1632.7247228166948,265.24187122833064,47324,VILLEREAL,47
21250.0,404.0,2542.4669867947177,2222.4094051903626,320.05758160435516,48075,ISPAGNAC,48
16760.0,97.0,1533.8983050847457,1621.480102724455,-87.5817976397093,48086,LUC,48
21370.0,368.0,2071.527777777778,1916.4403108966574,155.08746688112046,48090,LE MALZIEU-VILLE,48
25310.0,6805.0,2988.835725677831,3089.983396294934,-101.14767061710336,49015,AVRILLE,49
25950.0,2326.0,2690.9670164917543,3028.0609494102155,-337.0939329184612,49020,BEAUCOUZE,49
21320.0,3571.0,1622.1719457013576,2006.4268081064042,-384.25486240504665,49080,LES HAUTS-D ANJOU,49
22820.0,1497.0,1807.2289156626507,2054.3797263310234,-247.15081066837274,49086,TERRANJOU,49
22360.0,657.0,1497.53355704698,1690.6854437527163,-193.1518867057364,49109,CORON,49
21530.0,4724.0,1740.0,1905.7228711481105,-165.72287114811047,49125,DOUE EN ANJOU,49
23410.0,1971.0,2511.9065420560746,2522.5673404582426,-10.660798402167984,49129,ECOUFLANT,49
28340.0,1912.0,2657.1428571428573,2916.0862622484105,-258.9434051055532,49167,LES GARENNES SUR LOIRE,49
22320.0,1673.0,2034.090909090909,2275.0850168410534,-240.9941077501444,49193,LE MAY-SUR-EVRE,49
24930.0,2472.0,2333.849557522124,2557.109111153263,-223.25955363113871,49200,LONGUENEE-EN-ANJOU,49
24220.0,3331.0,2452.9220779220777,2540.6819278574667,-87.75984993538896,49214,MONTREUIL-JUIGNE,49
21860.0,1464.0,1314.2857142857142,1593.2970974140944,-279.0113831283802,49220,MORANNES SUR SARTHE-DAUMERAY,49
21900.0,7701.0,1856.5217391304348,2170.8339030328293,-314.31216390239456,49244,MAUGES-SUR-LOIRE,49
22090.0,3747.0,2068.4931506849316,2223.5037447524824,-155.01059406755076,49261,GENNES-VAL-DE-LOIRE,49
24270.0,1220.0,1847.8260869565217,1958.2232897152085,-110.39720275868672,49299,SAINT-LEGER-SOUS-CHOLET,49
22830.0,10427.0,2116.331335616438,2691.033842476933,-574.7025068604949,49301,SEVREMOINE,49
24530.0,6516.0,2250.0,3345.267295204254,-1095.267295204254,49307,LOIRE-AUTHION,49
23780.0,1894.0,2409.6385542168673,2387.695251198979,21.94330301788841,49347,TIERCE,49
21980.0,5080.0,2351.923076923077,2308.3297591767523,43.59331774632483,50025,AVRANCHES,50
23420.0,407.0,1938.953488372093,2025.909638929838,-86.95615055774488,50027,BACILLY,50
24170.0,1801.0,2897.7272727272725,2626.2105270384964,271.51674568877615,50076,BREHAL,50
22260.0,2649.0,1647.2511848341233,1892.396011452783,-245.14482661865964,50082,BRICQUEBEC-EN-COTENTIN,50
20620.0,854.0,1688.5614385614385,1648.91429358344,39.64714497799855,50109,CERENCES,50
17960.0,404.0,1577.9661016949153,1645.2285692628675,-67.26246756795217,50200,GER,50
23820.0,752.0,1300.7744586691956,1509.8566587020925,-209.08220003289694,50239,THEREVAL,50
20550.0,165.0,1355.897435897436,1920.2809878875998,-564.3835519901638,50290,MARCILLY,50
22280.0,282.0,1100.0,1377.1330758810072,-277.13307588100724,50411,PONTS,50
23310.0,1363.0,1973.4848484848485,2024.4629311247909,-50.978082639942386,50412,PORT-BAIL-SUR-MER,50
24870.0,396.0,2333.4491333284577,2046.8385479831222,286.6105853453355,50429,REGNEVILLE-SUR-MER,50
23080.0,1074.0,1714.4827411681345,1869.1452166991357,-154.6624755310013,50444,SAINT-AMAND-VILLAGES,50
20950.0,2191.0,1357.142857142857,1472.01108837674,-114.86823123388285,50487,SAINT-JAMES,50
23350.0,310.0,1964.8040638606676,1858.4516145530463,106.35244930762133,50531,SAINT-OVIN,50
24330.0,617.0,2909.090909090909,2199.7548850676653,709.3360240232437,50541,SAINT-PLANCHERS,50
21580.0,874.0,3133.690476190476,2153.019201190699,980.6712749997773,50562,SAINT-VAAST-LA-HOUGUE,50
26370.0,309.0,2400.0,1995.8107122099325,404.1892877900675,50575,SIDEVILLE,50
20150.0,759.0,1332.2222222222222,1607.884138332267,-275.6619161100448,50591,LE TEILLEUL,50
26600.0,856.0,2150.759380583681,2416.274808196166,-265.5154276124849,50616,LE VAL-SAINT-PERE,50
21800.0,153.0,1534.500693481276,1586.2638694203138,-51.763175939037865,50626,VER,50
20490.0,2002.0,1674.5951417004048,1726.985834239566,-52.39069253916114,50639,VILLEDIEU-LES-POELES-ROUFFIGNY,50
25690.0,353.0,2000.0,2002.548330743936,-2.5483307439360487,50643,VIRANDEVILLE,50
26360.0,684.0,1562.5,1773.9817173527567,-211.48171735275673,51029,AVIZE,51
24360.0,2458.0,2150.645964205286,2325.250157444194,-174.604193238908,51030,AY-CHAMPAGNE,51
24450.0,2998.0,2830.188679245283,2895.927595797462,-65.73891655217903,51055,BETHENY,51
26340.0,725.0,1962.5850340136055,2193.3731534102435,-230.78811939663797,51210,DIZY,51
22390.0,1939.0,1716.2400706090025,2292.6579305606347,-576.4178599516322,51242,FAGNIERES,51
22110.0,888.0,1504.2105263157896,1517.871888156637,-13.661361840847349,51262,FRIGNICOURT,51
23690.0,150.0,2914.7118816930138,2571.982060237999,342.72982145501464,51269,GIFFAUMONT-CHAMPAUBERT,51
24910.0,386.0,2312.5585096423893,2129.8918606635616,182.66664897882765,51326,LIVRY-LOUVERCY,51
26300.0,249.0,2150.537634408602,2129.3310947147124,21.20653969388968,51357,MATOUGUES,51
21260.0,2284.0,1444.4444444444443,1630.1935723191493,-185.74912787470498,51535,SEZANNE,51
28970.0,912.0,2804.4943820224717,2922.8205742076825,-118.32619218521086,51562,TAISSY,51
29070.0,247.0,2111.7148316216862,2424.9657209808106,-313.25088935912436,51564,VAL DE LIVRE,51
23820.0,771.0,1476.5625,1757.7201352824638,-281.15763528246384,52045,BETTANCOURT-LA-FERREE,52
20340.0,574.0,1169.1176470588236,1285.1992422917913,-116.08159523296763,52123,CHEVILLON,52
21070.0,862.0,958.6894586894587,1254.691840720097,-296.0023820306383,52194,EURVILLE-BIENVILLE,52
21630.0,534.0,773.1975486661861,1403.4888756209766,-630.2913269547905,52405,LE MONTSAUGEONNAIS,52
22110.0,664.0,1497.6147614761476,1557.8826087117811,-60.26784723563355,52432,ROLAMPONT,52
22020.0,653.0,1417.3228346456692,1661.9279994303913,-244.6051647847221,52534,VILLIERS-EN-LIEU,52
20750.0,413.0,1059.375,1087.3314991280542,-27.956499128054247,53036,BOUERE,53
23840.0,334.0,2133.229166666667,2056.9480994366527,76.28106723001429,53056,LA CHAPELLE-ANTHENAISE,53
22270.0,542.0,1800.0,1670.3327356679124,129.6672643320876,53066,CHEMAZE,53
21500.0,2555.0,1520.6037735849056,1786.8487702052967,-266.244996620391,53096,ERNEE,53
20210.0,1231.0,1260.9034267912773,1332.5667296360004,-71.66330284472315,53107,GORRON,53
20860.0,453.0,1098.4848484848485,1575.0644112526709,-476.5795627678224,53126,LARCHAMP,53
21660.0,22698.0,2075.4716981132074,2394.358644986692,-318.8869468734847,53130,LAVAL,53
23630.0,459.0,1905.7239057239058,2123.5980432673514,-217.8741375434456,53136,LA ROCHE-NEUVILLE,53
23250.0,1045.0,2066.3773538612522,2233.609692405356,-167.23233854410364,53137,LOIRON-RUILLE,53
23130.0,419.0,1762.0967741935483,2187.053052115071,-424.95627792152254,53141,LOUVIGNE,53
21110.0,389.0,952.3809523809524,1089.2733213370564,-136.89236895610395,53151,MERAL,53
21040.0,328.0,1316.764705882353,1340.7226006781502,-23.9578947957973,53181,PONTMAIN,53
23410.0,408.0,1992.0278637770898,1985.3751072801374,6.6527564969524065,53224,ST GERMAIN LE FOUILLOUX,53
23580.0,698.0,1642.1052631578948,1793.5061588056756,-151.40089564778077,53243,SAINT-OUEN-DES-TOITS,53
22640.0,942.0,1796.4601769911505,1966.602310559658,-170.14213356850746,53247,SAINT-PIERRE-LA-COUR,53
25570.0,1022.0,2301.5873015873017,2343.2315850275613,-41.64428344025964,54029,AUDUN-LE-ROMAN,54
20710.0,1923.0,1265.8227848101267,1201.1842205225153,64.63856428761142,54039,BACCARAT,54
23590.0,3704.0,2018.096590909091,2206.2052901164366,-188.10869920734558,54099,VAL DE BRIEY,54
26200.0,295.0,1754.0494458653027,2451.0091302306123,-696.9596843653096,54122,CHAUDENEY-SUR-MOSELLE,54
22130.0,1122.0,1826.0869565217392,1749.8203561926885,76.26660032905079,54136,CONFLANS-EN-JARNISY,54
23510.0,1611.0,1623.4459300961764,1847.4449164174832,-223.9989863213068,54174,ECROUVES,54
22010.0,529.0,868.8508064516129,1992.935575311803,-1124.08476886019,54222,GERBEVILLER,54
26540.0,1139.0,3268.5,3106.4640186119877,162.03598138801226,54234,GORCY,54
19490.0,2741.0,1476.1904761904761,1487.3678666385833,-11.17739044810719,54263,HOMECOURT,54
26390.0,399.0,1740.686274509804,1819.9279920657934,-79.24171755598945,54336,MAIZIERES,54
25160.0,832.0,1590.873015873016,1800.0545827355775,-209.18156686256157,54366,MESSEIN,54
18000.0,3058.0,2511.8389830508477,1998.8188321683542,513.0201508824935,54382,MONT SAINT MARTIN,54
24240.0,1130.0,2352.016129032258,2141.426914170526,210.58921486173222,54462,ROSIERES-AUX-SALINES,54
24810.0,741.0,2714.829396325459,2633.3133438824566,81.51605244300254,54521,THIL,54
21630.0,3780.0,2446.184012066365,2358.3585611605176,87.82545090584745,54526,TOMBLAINE,54
22690.0,1663.0,2017.5438596491229,2173.5847628707465,-156.0409032216237,54549,VARANGEVILLE,54
26760.0,6658.0,2387.7551020408164,4082.7448923139677,-1694.9897902731514,54578,VILLERS LES NANCY,54
21150.0,7029.0,1407.0754716981132,2004.3305789815902,-597.255107283477,55029,BAR LE DUC,55
22760.0,296.0,1590.909090909091,1682.630904550344,-91.721813641253,55198,FRESNES EN WOEVRE,55
22840.0,530.0,865.1685393258427,1978.3849091517093,-1113.2163698258664,55302,LONGEVILLE EN BARROIS,55
21470.0,156.0,1220.3302373581012,1715.9891362583733,-495.6588989002721,55382,NEUVILLE SUR ORNAIN,55
19550.0,1048.0,881.4432989690722,1046.415844012928,-164.9725450438557,55502,STENAY,55
20540.0,849.0,1380.4347826086955,1505.533147789192,-125.09836518049656,55533,VAUCOULEURS,55
28390.0,1372.0,3894.0175677980556,3424.031570140856,469.98599765719973,56005,ARZON,56
23570.0,566.0,2127.659574468085,1956.2015912696065,171.45798319847836,56021,BRANDERION,56
23790.0,475.0,2121.794871794872,2056.6183214530247,65.17655034184736,56029,CALAN,56
22340.0,331.0,1989.0217391304348,1798.1311882229975,190.89055090743727,56044,COURNON,56
26070.0,1175.0,3175.950486295314,2919.5672121411712,256.3832741541428,56052,DAMGAN,56
23060.0,401.0,2825.719339622641,2499.172937671144,326.54640195149705,56077,LE GUERNO,56
26610.0,5416.0,3275.862068965517,3828.5179531866,-552.6558842210829,56078,GUIDEL,56
22060.0,7710.0,2356.2028657616893,2286.314099554058,69.8887662076313,56083,HENNEBONT,56
23100.0,3315.0,1811.111111111111,2111.649571230695,-300.538460119584,56101,LANGUIDIC,56
20110.0,400.0,1422.4806201550387,1347.475066016624,75.00555413841471,56110,LIGNOL,56
22160.0,640.0,1398.639455782313,1556.9454517671745,-158.3059959848615,56111,LIMERZEL,56
23480.0,772.0,2693.9266091051804,2402.831175557253,291.0954335479273,56120,LOCQUELTAS,56
21060.0,695.0,1435.8974358974358,1455.9203085541426,-20.022872656706795,56122,LOYAT,56
20130.0,670.0,1000.0,1160.0043487957419,-160.00434879574186,56129,MENEAC,56
21860.0,655.0,1736.5269461077844,1685.694919216376,50.832026891408304,56135,MOLAC,56
22510.0,641.0,1991.5966386554621,1790.4659995886022,201.13063906685989,56146,NEULLIAC,56
22900.0,2014.0,2402.5974025974024,2498.0404408532527,-95.4430382558503,56147,NIVILLAC,56
23320.0,1575.0,1834.8623853211009,1937.240126958223,-102.3777416371222,56151,NOYAL-PONTIVY,56
26080.0,3022.0,3333.3069787054606,3237.2380924353056,96.06888627015496,56164,PLOEREN,56
24450.0,2579.0,2500.0,2326.028204927806,173.9717950721938,56169,PLOUHINEC,56
22130.0,697.0,1981.25,1895.498640176411,85.75135982358893,56171,PLUHERLIN,56
22820.0,3369.0,2647.0588235294117,2562.1732123812285,84.88561114818322,56177,PLUVIGNER,56
21630.0,6350.0,1691.4893617021276,2133.11522821191,-441.62586650978255,56178,PONTIVY,56
21940.0,1252.0,1615.8536585365855,1668.679097196579,-52.82543865999355,56194,RIEUX,56
23070.0,267.0,1653.4871794871797,1781.974734457822,-128.48755497064235,56196,ROCHEFORT-EN-TERRE,56
20960.0,527.0,1339.1608391608393,1675.9760333471497,-336.81519418631046,56207,SAINT-BARTHELEMY,56
21420.0,1148.0,1733.3333333333333,1956.4886201835816,-223.15528685024833,56212,SAINT-DOLAY,56
22530.0,532.0,2106.308411214953,1963.7145886573496,142.59382255760352,56213,SAINT-GERAND-CROIXANVEC,56
20040.0,348.0,1970.644449889733,1773.5729412302444,197.0715086594887,56218,SAINT-GRAVE,56
22070.0,368.0,1032.924836601307,1127.7245486793777,-94.79971207807057,56236,SAINT-SERVANT,56
26370.0,4826.0,3947.3684210526317,3827.183675970856,120.18474508177587,56240,SARZEAU,56
22190.0,467.0,4881.528882739536,3958.617527899052,922.9113548404839,56241,SAUZON,56
23620.0,954.0,2400.0,2333.308796608766,66.69120339123401,56249,TAUPONT,56
23010.0,674.0,2846.527737924438,2624.0334082030377,222.4943297214004,56259,LA TRINITE SURZUR,56
25000.0,1274.0,3631.8859649122805,3171.5151198541994,460.37084505808116,56262,LE BONO,56
19600.0,171.0,1482.127659574468,1541.22327490396,-59.09561532949192,56264,KERNASCLEDEN,56
21080.0,2264.0,1309.8591549295775,2102.3350558937514,-792.4759009641739,58059,LA CHARITE-SUR-LOIRE,58
20040.0,401.0,832.8787878787879,1131.7998520735246,-298.9210641947367,58065,CHATILLON EN BAZOIS,58
22240.0,157.0,1081.9444444444443,1242.0822268443765,-160.13778239993212,58081,COLMERY,58
22510.0,110.0,1138.4615384615386,1238.8048314205053,-100.34329295896669,58089,COULOUTRE,58
20400.0,376.0,850.0,1053.8142821814206,-203.8142821814206,58109,ENTRAINS-SUR-NOHAIN,58
19170.0,2060.0,1293.103448275862,1467.3161198187943,-174.21267154293218,58117,FOURCHAMBAULT,58
20110.0,1542.0,967.399375,1110.2217279154665,-142.82235291546658,58134,IMPHY,58
26090.0,1634.0,1693.1818181818182,2181.8088869555113,-488.62706877369305,58160,MARZY,58
21200.0,638.0,806.4516129032259,1563.1228849124975,-756.6712720092717,58182,MOULINS-ENGILBERT,58
20050.0,16294.0,1255.1020408163265,1575.0701588721984,-319.96811805587186,58194,NEVERS,58
20370.0,263.0,945.4545454545455,1076.7164729514725,-131.261927496927,58223,ROUY,58
20190.0,292.0,961.3199300699301,1145.7936019974636,-184.47367192753347,58286,TANNAY,58
20090.0,505.0,916.6666666666666,1032.9562460508844,-116.28957938421775,58304,VARZY,58
19560.0,1768.0,1346.4285714285713,1280.1592568629662,66.2693145656051,59002,ABSCON,59
29290.0,486.0,2305.5824704142015,2663.8823665998398,-358.2998961856383,59004,AIX-EN-PEVELE,59
18490.0,1271.0,1550.0,1465.4323357042717,84.56766429572826,59012,ANOR,59
16780.0,5509.0,1068.3544303797469,1159.4404399494692,-91.08600956972236,59014,ANZIN,59
24790.0,410.0,1772.7164036346246,1909.650821863606,-136.93441822898149,59019,ARTRES,59
25190.0,660.0,1759.2592592592594,2490.9956484608474,-731.736389201588,59027,AUBRY-DU-HAINAUT,59
20410.0,1060.0,968.1528662420383,1096.5924896899578,-128.43962344791953,59035,AVESNELLES,59
20510.0,1465.0,1310.556740374902,1422.2321577432003,-111.67541736829844,59053,BAVAY,59
19610.0,849.0,1270.2380952380952,1286.240386168102,-16.002290930006893,59063,BEAUVOIS-EN-CAMBRESIS,59
22420.0,575.0,2037.037037037037,2076.651615645295,-39.61457860825794,59064,BELLAING,59
20240.0,1347.0,1523.5021786492375,1466.1298243738775,57.37235427536007,59068,BERLAIMONT,59
28630.0,928.0,2174.860701409374,2394.902804314371,-220.04210290499714,59071,BERSEE,59
23760.0,245.0,2329.5454545454545,2144.532502493208,185.01295205224642,59073,BERTHEN,59
29050.0,714.0,3106.9946452476574,3134.9568387182167,-27.962193470559214,59088,BOIS-GRENIER,59
20600.0,1708.0,1611.9790856451473,1650.3645900871538,-38.38550444200655,59092,BOUCHAIN,59
20580.0,742.0,1117.1171171171172,1151.088575622806,-33.971458505688815,59099,BOUSIES,59
29690.0,319.0,2439.0243902439024,2481.182177916094,-42.157787672191716,59106,BOUVINES,59
20340.0,266.0,1374.212917883804,1123.958665751393,250.254252132411,59108,BRIASTRE,59
20840.0,495.0,1374.9441687344913,1331.4939211030228,43.45024763146853,59113,BRUILLE-LEZ-MARCHIENNES,59
26300.0,1177.0,2685.256404285049,2389.1152889950063,296.14111529004276,59128,CAPINGHEM,59
23700.0,941.0,2022.9166666666665,2140.27936623235,-117.36269956568367,59135,CASSEL,59
16820.0,2855.0,995.3125,1103.435816459117,-108.12331645911695,59136,LE CATEAU CAMBRESIS,59
17850.0,6181.0,1111.842105263158,1297.925610715504,-186.08350545234612,59139,CAUDRY,59
27150.0,1301.0,2477.245508982036,2609.507555361003,-132.26204637896717,59158,COUTICHES,59
23000.0,2792.0,1747.283055198973,2796.49972184314,-1049.216666644167,59165,CUINCY,59
26200.0,541.0,2039.245536806065,2261.7416629180916,-222.49612611202656,59166,CURGIES,59
23060.0,2193.0,2308.359146446395,2326.601001583555,-18.2418551371602,59202,ERQUINGHEM-LYS,59
27850.0,393.0,2183.9080459770116,2118.2620889447107,65.64595703230088,59215,ESTREUX,59
27700.0,872.0,2408.3682795698924,2708.756152032396,-300.38787246250376,59222,FAUMONT,59
19550.0,2765.0,1210.031185031185,1446.8376436127664,-236.8064585815814,59225,FEIGNIES,59
26440.0,350.0,1560.0,2118.811248715372,-558.8112487153721,59237,FLETRE,59
24600.0,643.0,1238.095238095238,2308.0753298824966,-1069.9800917872585,59238,FLINES-LES-MORTAGNE,59
16810.0,5252.0,1096.774193548387,1252.448474715581,-155.67428116719384,59249,FOURMIES,59
29740.0,915.0,2421.5686274509803,2675.7612492506396,-254.19262179965926,59250,FOURNES-EN-WEPPES,59
17650.0,2954.0,825.6880733944954,1019.9040142581379,-194.21594086364246,59253,FRESNES SUR ESCAUT,59
28530.0,1018.0,2589.6686159844053,2952.71865542015,-363.05003943574457,59258,GENECH,59
18450.0,702.0,1040.983606557377,1094.2249095482352,-53.24130299085823,59261,GLAGEON,59
26990.0,433.0,1236.5591397849462,1722.459739571833,-485.9005997868869,59263,GOEULZIN,59
21990.0,2284.0,1666.6666666666667,1673.548262808726,-6.881596142059152,59268,LA GORGUE,59
24950.0,435.0,2670.3296703296705,2203.061136952948,467.26853337672264,59281,HANTAY,59
23710.0,1564.0,2121.238938053097,2130.1887918708294,-8.949853817732219,59284,HASNON,59
21490.0,6312.0,2174.4565217391305,2062.426791517601,112.02973022152946,59286,HAUBOURDIN,59
27360.0,844.0,2475.2475247524753,2433.3366798098887,41.910844942586664,59303,HERLIES,59
20420.0,1318.0,1984.0,1330.2198461780638,653.7801538219362,59314,HORNAING,59
25620.0,1424.0,2247.191011235955,2643.066694473139,-395.8756832371837,59316,HOUPLIN-ANCOISNE,59
19850.0,1397.0,1724.1379310344828,1705.9289835875823,18.208947446900538,59322,IWUY,59
20850.0,612.0,1111.111111111111,1141.4941070138748,-30.382995902763696,59336,LECLUSE,59
24390.0,4020.0,2512.5,2570.5917279006135,-58.09172790061348,59339,LEERS,59
21020.0,952.0,1457.7989211866948,1523.6212389364512,-65.8223177497564,59345,LEWARDE,59
25880.0,1257.0,2445.6335616438355,2557.9086117659303,-112.27505012209485,59346,LEZENNES,59
20520.0,96579.0,2582.190576652602,2679.963803436904,-97.7732267843021,59350,LILLE,59
25380.0,3471.0,2696.3675213675215,2799.1764254932937,-102.80890412577219,59352,LINSELLES,59
15180.0,2358.0,1341.9354838709678,1293.4235842736439,48.51189959732392,59365,LOUVROIL,59
23590.0,1813.0,1957.0247933884298,1875.0412480149625,81.98354537346722,59375,MARCHIENNES,59
29490.0,17239.0,3461.842105263158,3603.7549185324106,-141.91281326925264,59378,MARCQ EN BAROEUL,59
20460.0,756.0,1317.8294573643411,1317.1072760731795,0.7221812911616325,59387,MARQUETTE-EN-OSTREVANT,59
18430.0,1646.0,1211.0,1225.4457272256413,-14.445727225641349,59390,MASNY,59
24280.0,285.0,1190.3534609720177,2022.1963787122825,-831.8429177402647,59396,MECQUIGNIES,59
27510.0,673.0,2268.041237113402,2467.4958703547895,-199.45463324138746,59408,MONCHEAUX,59
20250.0,985.0,1592.2680412371135,1543.2779720290532,48.99006920806028,59409,MONCHECOURT,59
19570.0,8396.0,2786.324786324786,2673.943216714407,112.3815696103793,59410,MONS-EN-BAROEUL,59
29430.0,5526.0,2965.0943396226417,3236.1926591289557,-271.09831950631406,59421,MOUVAUX,59
25120.0,4141.0,2789.2707539984767,2656.46240024321,132.80835375526658,59426,NEUVILLE EN FERRAIN,59
20080.0,1650.0,1874.1681790683606,1724.3612748948665,149.8069041734941,59428,NEUVILLE-SAINT-REMY,59
23470.0,3274.0,2528.735632183908,2494.2873195561315,34.44831262777643,59431,NIEPPE,59
27050.0,1037.0,2814.5101434933204,2817.041933033911,-2.53178954059058,59435,NOMAIN,59
18230.0,2498.0,2094.7368421052633,1339.7484728645131,754.9883692407502,59456,PECQUENCOURT,59
24050.0,1691.0,1733.3333333333333,1939.9818625400617,-206.64852920672843,59489,RAIMBEAUCOURT,59
22110.0,515.0,1851.3038692744053,1608.8909559806423,242.41291329376304,59501,RIEULAY,59
22130.0,8155.0,2293.18082788671,2563.0492415036447,-269.8684136169345,59507,RONCHIN,59
14580.0,34148.0,1352.9411764705883,2098.8457158045844,-745.9045393339961,59512,ROUBAIX,59
25060.0,183.0,1743.624936791158,1956.0558510112378,-212.43091422007979,59513,ROUCOURT,59
22060.0,340.0,1795.0,1681.778099770501,113.22190022949894,59516,RUBROUCK,59
20980.0,7146.0,1568.5637891520246,1748.5763770864523,-180.01258793442776,59526,SAINT-AMAND-LES-EAUX,59
24610.0,5642.0,3456.3362381989837,3449.9600518772263,6.376186321757359,59527,SAINT-ANDRE,59
23320.0,357.0,1679.4977081741788,1779.2582048066065,-99.7604966324277,59539,SAINT-PIERRE-BROUCK,59
18540.0,6497.0,1363.6363636363637,1894.697069250792,-531.0607056144283,59569,SIN LE NOBLE,59
20420.0,819.0,1377.9527559055118,1521.8997136062849,-143.94695770077305,59572,SOLRE LE CHATEAU,59
19150.0,5008.0,1417.96875,1710.8409747021835,-292.87222470218353,59574,SOMAIN,59
26780.0,2917.0,2736.7326448651747,2855.256547640492,-118.52390277531731,59586,TEMPLEUVE EN PEVELE,59
18300.0,39004.0,1731.782464846981,1873.721019536159,-141.9385546891781,59599,TOURCOING,59
19420.0,1094.0,1591.3793103448274,1495.7861459246287,95.59316442019872,59601,TRELON,59
29900.0,520.0,3158.426339285714,3067.5365461155575,90.88979317015674,59602,TRESSIN,59
19840.0,2580.0,1407.22049689441,1497.4270797853958,-90.20658289098583,59603,TRITH-ST-LEGER,59
30870.0,1068.0,3350.790513833992,3145.2954769259436,205.4950369080484,59611,VERLINGHEM,59
23630.0,1082.0,2120.731707317073,2179.4728892979633,-58.74118198089036,59630,WAHAGNIES,59
24720.0,769.0,2464.1975308641977,2356.695019498975,107.50251136522274,59641,WARHEM,59
25910.0,9320.0,2647.2333333333336,3195.188888991586,-547.9555556582523,59646,WASQUEHAL,59
19280.0,1063.0,2044.9313501144165,1772.1229521180585,272.80839799635805,59647,WATTEN,59
23980.0,3242.0,2376.9920149507307,2429.9059305857118,-52.913915634981095,59653,WAVRIN,59
23810.0,2156.0,2321.4285714285716,2426.073641837919,-104.64507040934723,59656,WERVICQ SUD,59
23340.0,461.0,1715.5172413793102,1846.0176908785663,-130.5004494992561,59662,WINNEZEELE,59
24280.0,603.0,1716.1904761904761,3002.0630142825808,-1285.8725380921046,59668,ZUYDCOOTE,59
27210.0,1202.0,2363.6363636363635,2546.6353960100687,-182.99903237370518,60007,AGNETZ,60
22800.0,1667.0,2090.0,2069.716333891339,20.283666108660782,60103,BRESLES,60
27170.0,455.0,2126.5822784810125,2561.244443789171,-434.66216530815836,60120,CAMBRONNE LES CLERMONT,60
23650.0,4199.0,3036.3970588235293,3083.3738029251476,-46.97674410161835,60139,CHAMBLY,60
23700.0,1290.0,2540.0890937019967,2862.6691679372934,-322.5800742352967,60143,CHAUMONT-EN-VEXIN,60
25080.0,832.0,2104.583975346687,2054.7117643866663,49.872210960020766,60149,CHEVRIERES,60
27420.0,715.0,2573.1034482758623,2791.669196375484,-218.5657480996215,60154,CINQUEUX,60
21720.0,833.0,1914.2857142857142,1832.6255516912174,81.6601625944968,60188,CUISE LA MOTTE,60
22600.0,105.0,1387.3076923076924,1456.997743943718,-69.6900516360256,60201,DOMPIERRE,60
24610.0,640.0,2474.5,2404.9041763354603,69.5958236645397,60212,ERCUIS,60
29520.0,774.0,2749.462365591398,2895.666302035855,-146.2039364444572,60238,FLEURINES,60
28450.0,874.0,1703.3333333333335,2143.043813322444,-439.71047998911035,60325,JAUX,60
22640.0,1911.0,1978.723404255319,1956.7217293836127,22.001674871706427,60342,LAIGNEVILLE,60
20950.0,1046.0,1721.1538461538462,1600.9370084265875,120.21683772725873,60374,MAIGNELAY MONTIGNY,60
24630.0,295.0,2695.8829365079364,2452.148833868667,243.73410263926917,60401,LE MESNIL THERIBUS,60
20090.0,460.0,1454.373522458629,1212.7137253606968,241.65979709793214,60405,MOLIENS,60
24660.0,726.0,1992.2916666666667,1966.531446020466,25.76022064620065,60409,MONCHY ST ELOI,60
25460.0,635.0,2410.714285714286,2220.960124001497,189.75416171278857,60451,NEUILLY SOUS CLERMONT,60
24700.0,383.0,1904.7619047619048,2031.0621185408277,-126.30021377892285,60456,LA NEUVILLE-ROY,60
24990.0,1658.0,2522.98495155638,2377.4093588836895,145.57559267269062,60500,LE PLESSIS BELLEVILLE,60
25650.0,603.0,2060.9756097560976,2196.135259897119,-135.1596501410213,60501,LE PLESSIS BRION,60
20610.0,291.0,890.7407407407408,1101.765418096189,-211.02467735544826,60506,PONTLEVEQUE,60
20810.0,5185.0,2339.115940239536,2437.9003340362974,-98.78439379676138,60509,PONT STE MAXENCE,60
27380.0,1354.0,2508.9285714285716,3022.8183894215767,-513.8898179930052,60513,PRECY SUR OISE,60
19790.0,221.0,1751.6515781747003,1692.0754939755475,59.576084199152774,60545,ROMESCAMPS,60
25420.0,225.0,2334.6938775510203,2174.4913541041406,160.2025234468797,60548,ROSOY EN MULTIEN,60
26320.0,654.0,1686.7469879518073,2143.240279254475,-456.49329130266756,60562,SACY LE GRAND,60
22620.0,737.0,1702.60989010989,1723.8994192229238,-21.289529113033723,60577,SAINT-GERMER-DE-FLY,60
28620.0,670.0,2048.160173160173,2340.390753086897,-292.23057992672375,60591,ST PAUL,60
24520.0,387.0,2236.245572609209,2251.3913494949866,-15.14577688577765,60598,ST SULPICE,60
25690.0,384.0,1604.7693920335428,1871.2207208417371,-266.4513288081944,60609,SAVIGNIES,60
23990.0,242.0,1723.8095238095239,1842.5303019835728,-118.72077817404897,60611,SENANTES,60
23960.0,288.0,1110.1973684210527,2028.9629702839634,-918.7656018629107,60632,THIESCOURT,60
21310.0,1935.0,1784.4123192960403,1741.558509841403,42.85380945463726,60636,THOUROTTE,60
24760.0,759.0,2264.1899267113677,2377.708255260197,-113.51832854882923,60644,TRIE CHATEAU,60
28150.0,465.0,3438.0434782608695,3181.32066846115,256.72280979971947,60666,VER SUR LAUNETTE,60
29600.0,234.0,2385.504201680672,2398.92963083188,-13.425429151207936,60669,VERDERONNE,60
19930.0,2226.0,2700.0,2532.666035353535,167.33396464646512,60684,VILLERS ST PAUL,60
22670.0,1915.0,1601.9061583577713,1700.5859940441917,-98.67983568642035,61007,ATHIS-VAL DE ROUVRE,61
24730.0,1157.0,1581.0996563573883,2117.851189832526,-536.7515334751376,61143,DAMIGNY,61
21460.0,2119.0,1208.7912087912089,2010.6537125286839,-801.862503737475,61145,DOMFRONT EN POIRAIE,61
21240.0,676.0,1097.6902398676593,1226.4982560049054,-128.8080161372461,61163,LA FERRIERE AUX ETANGS,61
21180.0,507.0,1616.875,1688.785678177212,-71.91067817721205,61232,LONLAY-L ABBAYE,61
19100.0,317.0,1444.683908045977,1508.6002361866342,-63.91632814065724,61297,MOULINS-LA-MARCHE,61
22800.0,859.0,1223.6356932153392,1620.9716791448075,-397.3359859294683,61309,PERCHE-EN-NOCE,61
18670.0,528.0,1528.7593984962407,1421.114763904647,107.64463459159379,61324,PASSAIS VILLAGE,61
21330.0,491.0,1242.483660130719,1335.3791847315465,-92.89552460082746,61344,RANES,61
23060.0,1672.0,1580.2197802197802,1893.437302600111,-313.2175223803308,61397,SAINT-GERMAIN-DU-CORBEIS,61
20600.0,1464.0,1770.7865168539324,1611.8672152550062,158.91930159892627,61491,TOUROUVRE AU PERCHE,61
20310.0,551.0,1970.8333333333335,1823.558590570443,147.27474276289058,61494,TRUN,61
27260.0,300.0,2422.6190476190477,2225.7477611435106,196.8712864755371,62007,ACQ,62
21040.0,339.0,1663.4615384615386,1468.3954482990655,195.06609016247307,62024,ALQUINES,62
21420.0,2468.0,1482.9545454545455,1683.7414061691043,-200.78686071455877,62035,ANNEZIN,62
19590.0,4139.0,1595.5545454545454,1978.9992634596724,-383.444718005127,62040,ARQUES,62
22260.0,827.0,1987.9518072289156,1947.2807630843247,40.67104414459095,62043,LES ATTAQUES,62
18970.0,315.0,1894.5151033386328,1765.5847231970413,128.9303801415915,62046,AUBIN-SAINT-VAAST,62
17050.0,4253.0,1140.0,1423.5060693261005,-283.5060693261005,62048,AUCHEL,62
20220.0,1878.0,1878.9772727272727,1791.1023794049306,87.87489332234213,62051,AUCHY-LES-MINES,62
17830.0,6917.0,1357.142857142857,1489.1667579406226,-132.02390079776546,62065,AVION,62
21800.0,174.0,2195.766129032258,1949.088056374129,246.67807265812894,62124,BEUTIN,62
23260.0,2044.0,1880.952380952381,2196.854673917469,-315.902292965088,62132,BILLY-BERCLAU,62
17430.0,3147.0,1385.4166666666667,1395.2268023021593,-9.810135635492543,62133,BILLY MONTIGNY,62
17720.0,18153.0,1738.6363636363637,2281.9503256261687,-543.313961989805,62160,BOULOGNE SUR MER,62
20450.0,1210.0,1474.6835443037974,1453.5112706207874,21.172273683009962,62188,BURBURE,62
20130.0,7259.0,1795.4067990832696,2066.5272775460144,-271.1204784627448,62215,CARVIN,62
20650.0,1188.0,1617.6470588235295,1624.3024299421868,-6.6553711186572855,62224,CHOCQUES,62
28750.0,1126.0,2205.9114019632516,2528.9538978813284,-323.04249591807684,62235,CONDETTE,62
21820.0,636.0,1464.2857142857142,1545.7198463419822,-81.43413205626803,62259,CROISILLES,62
20160.0,518.0,1969.2301829268292,1706.9824559822468,262.2477269445824,62264,DANNES,62
18210.0,2019.0,1639.7849462365593,1557.1920937742625,82.59285246229683,62268,DESVRES,62
20650.0,1066.0,2580.9523809523807,2143.2772285573296,437.6751523950511,62300,EQUIHEN PLAGE,62
18470.0,371.0,1163.28125,1240.293615170796,-77.0123651707961,62313,ESTREE-BLANCHE,62
19120.0,4595.0,2098.8627406823557,1918.1496892552175,180.71305142713823,62318,ETAPLES,62
25220.0,545.0,1211.769387755102,1524.5011191146257,-312.7317313595238,62383,GOUY-SOUS-BELLONNE,62
17190.0,2551.0,1518.0628803245436,1445.434766821652,72.62811350289167,62386,GRENAY,62
22020.0,476.0,1953.1517094017095,2065.7412290900406,-112.58951968833117,62412,HARDINGHEN,62
23910.0,359.0,1685.5203619909503,1745.4707709710592,-59.95040898010893,62445,HESDIGNEUL-LES-BETHUNE,62
23340.0,753.0,1773.5849056603774,1849.3683681362957,-75.78346247591821,62448,HESDIN-L ABBE,62
18850.0,2967.0,1611.7137355584082,1722.9870605949066,-111.27332503649836,62457,HOUDAIN,62
22080.0,1058.0,1845.0704225352113,1595.8614810154336,249.20894151977768,62480,LABOURSE,62
24670.0,2031.0,2091.0445609436433,2693.853028734476,-602.8084677908328,62491,LAVENTIE,62
20410.0,2849.0,1973.4513274336284,1657.7116064931,315.7397209405285,62497,LEFOREST,62
17840.0,11691.0,1545.4545454545455,1703.2439350404788,-157.78938958593335,62510,LIEVIN,62
19500.0,4164.0,1368.4722222222222,1574.5195168006528,-206.04729457843064,62516,LILLERS,62
19380.0,4239.0,1438.1868131868132,1554.2156770011932,-116.02886381437997,62525,LONGUENESSE,62
22600.0,4021.0,2039.5299145299145,2062.820976624981,-23.291062095066536,62548,MARCK,62
18630.0,4545.0,1466.625,1582.730904576968,-116.10590457696799,62570,MERICOURT,62
21890.0,1508.0,963.7320044296789,1972.5970129949555,-1008.8650085652766,62573,MEURCHIN,62
22340.0,246.0,2246.9927536231885,1949.0623098805281,297.9304437426604,62592,MORINGHEM,62
25500.0,1899.0,1553.3980582524273,2024.3710631404829,-470.9730048880556,62604,NEUFCHATEL-HARDELOT,62
18650.0,5156.0,1235.689928145171,1511.442935627531,-275.75300748235986,62617,NOEUX LES MINES,62
18760.0,4154.0,2050.9641025641026,1958.2763833610309,92.68771920307177,62637,OIGNIES,62
23020.0,2332.0,2265.9574468085107,2446.164255083589,-180.2068082750784,62645,OYE-PLAGE,62
19540.0,1176.0,1444.6478873239437,1353.1638571219623,91.48403020198134,62666,PONT-A-VENDIN,62
22360.0,785.0,1965.638528138528,2005.0551153282731,-39.41658718974509,62721,ROQUETOIRE,62
24620.0,956.0,2049.5400843881857,2105.7558205179494,-56.21573612976363,62748,SAINT-FOLQUIN,62
22370.0,1383.0,1742.3067888184166,1777.7155564772256,-35.40876765880898,62755,SAINT-LEONARD,62
21390.0,5095.0,1842.1052631578948,2233.26586761165,-391.160604453755,62758,ST MARTIN BOULOGNE,62
25520.0,404.0,2037.6458112407208,1987.0335506921401,50.61226054858071,62793,SERVINS,62
24440.0,1797.0,1766.4124520560163,1965.3534176713097,-198.9409656152934,62861,VIMY,62
23050.0,1561.0,1929.4730392156862,2047.196288570716,-117.7232493550298,62863,VIOLAINES,62
24600.0,4453.0,2476.190476190476,3011.7219592224433,-535.5314830319671,63014,AUBIERE,63
24940.0,280.0,1685.091743119266,1788.2830952565675,-103.19135213730146,63021,AUTHEZAT,63
20640.0,1014.0,1098.404255319149,1271.5317946484072,-173.1275393292583,63022,AUZAT-LA-COMBELLE,63
20250.0,916.0,1931.9616104868915,1763.0954976830399,168.8661128038516,63047,LA BOURBOULE,63
21940.0,425.0,883.8938172043011,1040.429537241933,-156.53572003763202,63048,BOURG-LASTIC,63
24020.0,290.0,2099.0,1998.6312478170253,100.36875218297473,63054,LE BROC,63
28590.0,2917.0,2349.425287356322,2931.0113399459633,-581.5860525896414,63070,CEYRAT,63
27630.0,9994.0,3261.1304684475417,3417.032268064059,-155.9017996165171,63075,CHAMALIERES,63
21750.0,624.0,1338.6363636363635,1581.1862682220467,-242.54990458568318,63080,CHAMPEIX,63
20580.0,2118.0,1659.3238062042524,1839.0545996742535,-179.73079347000112,63125,COURPIERE,63
21360.0,1179.0,1904.7619047619048,1869.7730054985107,34.98889926339416,63210,MARINGUES,63
31560.0,600.0,2461.774774774775,2679.854898014758,-218.0801232399831,63212,MARSAT,63
25140.0,699.0,2426.2012987012986,2406.343789597592,19.857509103706434,63224,MENETROL,63
26230.0,1003.0,2588.095238095238,2582.704362826642,5.390875268596119,63227,MIREFLEURS,63
24120.0,5217.0,2206.4356435643563,3620.855566880113,-1414.419923315757,63284,PONT-DU-CHATEAU,63
21520.0,1289.0,1521.7391304347825,1680.7051716901465,-158.96604125536396,63291,PUY-GUILLAUME,63
26260.0,900.0,1738.4525531204804,1881.5807360533688,-143.12818293288842,63327,SAINT-BONNET-PRES-RIOM,63
27550.0,1566.0,2372.2947368421055,2599.888828197049,-227.59409135494343,63345,SAINT-GENES-CHAMPANELLE,63
19910.0,93.0,1513.9745670995671,1474.017023318434,39.957543781133154,63421,SINGLES,63
24600.0,2360.0,1971.4285714285713,2728.79004475808,-757.3614733295087,63457,VIC-LE-COMTE,63
25060.0,22128.0,4705.882352941177,4574.008265343579,131.87408759759728,64024,ANGLET,64
21550.0,1082.0,1556.8181818181818,1704.7409721976114,-147.92279037942967,64062,ARUDY,64
20890.0,431.0,1888.888888888889,1737.7348281803677,151.15406070852123,64063,ARZACQ ARRAZIGUET,64
23460.0,947.0,3706.9864864864867,3247.596664552113,459.3898219343737,64213,ESPELETTE,64
22630.0,3143.0,3630.598958333333,2945.309526250302,685.289432083031,64256,HASPARREN,64
23760.0,387.0,1902.654867256637,1850.9515173993445,51.70334985729255,64270,IGON,64
26500.0,4007.0,2378.640776699029,3572.35187427243,-1193.7110975734008,64335,LESCAR,64
22660.0,471.0,1600.0,1687.8783051747023,-87.87830517470229,64400,MONTAUT,64
25560.0,2240.0,4411.536111111111,3025.3875909632206,1386.14852014789,64407,MOUGUERRE,64
26630.0,1324.0,2852.249458288191,2748.1020437016455,104.14741458654544,64511,SAUVAGNON,64
20950.0,599.0,1304.9450549450548,1435.957075714194,-131.0120207691391,64513,SAUVETERRE DE BEARN,64
20570.0,3934.0,2094.890510948905,2121.5859735713702,-26.69546262246513,65059,BAGNERES-DE-BIGORRE,65
21580.0,774.0,1719.9135256044165,1673.6853075829315,46.22821802148496,65072,BAZET,65
20660.0,2243.0,1953.9473684210525,1908.7107148962853,45.236653524767235,65100,BORDERES SUR-L ECHEZ,65
24680.0,1109.0,2074.1758241758243,2375.8311996417683,-301.65537546594396,65226,IBOS,65
25910.0,1378.0,1959.01955602537,2387.5318157782795,-428.51225975290936,65331,ODOS,65
22930.0,996.0,1837.5,1873.495070728705,-35.99507072870506,65344,OSSUN,65
22690.0,145.0,2249.367288832648,2025.3987071100344,223.9685817226134,65394,SAINT-PAUL,65
21480.0,282.0,1658.2745098039218,1454.4579845239357,203.81652527998608,65408,SARRANCOLIN,65
22080.0,2431.0,2104.3478260869565,2247.4302910724687,-143.08246498551216,65417,SEMEAC,65
20710.0,2159.0,1881.578947368421,1867.2135129396142,14.365434428806793,65460,VIC-EN-BIGORRE,65
18280.0,2283.0,2223.166666666667,2033.1204494897934,190.0462171768736,66003,AMELIE LES BAINS,66
21560.0,6370.0,3270.557791834388,2699.392516168138,571.1652756662497,66008,ARGELES SUR MER,66
21580.0,2117.0,2431.521739130435,2238.9781813944683,192.54355773596671,66011,BAGES,66
21070.0,1277.0,2093.75,1895.615583986376,198.1344160136241,66014,BAIXAS,66
22600.0,316.0,2093.0128205128203,1930.826388762671,162.18643175014927,66055,CORBERE,66
19550.0,4174.0,2186.2654320987654,2096.8764829317793,89.3889491669861,66065,ELNE,66
24270.0,1128.0,3228.0219780219777,2212.736746749464,1015.2852312725136,66093,LAROQUE DES ALBERES,66
19730.0,451.0,1071.4285714285713,1133.152922985506,-61.72435155693461,66096,LATOUR DE FRANCE,66
18150.0,222.0,1981.875,1486.5877687497077,495.2872312502923,66103,MARQUIXANES,66
19800.0,1832.0,1962.5372245384158,1721.44685044096,241.09037409745588,66108,MILLAS,66
22380.0,2374.0,2458.479532163743,2119.843057104131,338.63647505961217,66144,POLLESTRES,66
19230.0,3058.0,1538.4615384615386,1683.354116517807,-144.89257805626835,66149,PRADES,66
21860.0,293.0,1644.4444444444443,1734.1873663554188,-89.74292191097447,66165,RODES,66
21720.0,472.0,4145.1612903225805,3369.3919961191145,775.769294203466,66167,SAILLAGOUSE,66
22020.0,1688.0,2789.7727272727275,2477.2523403002474,312.5203869724801,66168,ST ANDRE,66
22210.0,6843.0,3013.6363636363635,2822.6765404696343,190.95982316672917,66171,SAINT-CYPRIEN,66
21980.0,494.0,2225.4901960784314,1869.170916651052,356.31927942737934,66173,ST FELIU D AMONT,66
22170.0,1324.0,2065.625,1668.3266856861837,397.29831431381626,66176,ST HIPPOLYTE,66
21060.0,4856.0,2300.0,1960.480821874475,339.51917812552506,66180,ST LAURENT DE LA SALANQUE,66
17000.0,856.0,1000.0,1123.4106559340837,-123.4106559340837,66187,SAINT-PAUL-DE-FENOUILLET,66
20390.0,1379.0,2570.5882352941176,1297.9620447669543,1272.6261905271633,66190,SALSES-LE-CHATEAU,66
21310.0,3354.0,2677.456433073786,2015.8994318197545,661.5570012540313,66195,LE SOLER,66
18740.0,440.0,1447.1069549970775,1306.8437319227896,140.2632230742879,66205,TAUTAVEL,66
22180.0,339.0,1515.1515151515152,1576.9048694552653,-61.75335430375003,66207,TERRATS,66
21730.0,892.0,1882.3529411764705,1703.2596310940091,179.09331008246136,66208,THEZA,66
21270.0,3572.0,2428.4874608150467,2242.2664859804368,186.22097483460993,66210,THUIR,66
21790.0,970.0,2446.911619047619,2126.5930960370647,320.31852301055415,66217,TROUILLAS,66
22990.0,865.0,2319.53125,2273.7802926784893,45.75095732151067,66225,VILLELONGUE DELS MONTS,66
21200.0,541.0,2514.4078450172015,2164.223960919585,350.18388409761656,66226,VILLEMOLAQUE,66
21980.0,572.0,2188.1087662337663,1980.3023738353374,207.8063923984289,66228,VILLENEUVE DE LA RIVIERE,66
20510.0,1098.0,1566.3157894736842,1455.7406669547165,110.57512251896765,66230,VINCA,66
18180.0,282.0,937.2871794871794,1117.2988906007668,-180.01171111358735,66231,VINGRAU,66
29700.0,2621.0,3846.0689402273565,3713.6724585290967,132.39648169825978,69028,BRINDAS,69
24520.0,439.0,2127.606585056986,2130.4674374684314,-2.860852411445194,69036,CERCIE,69
31090.0,3550.0,4059.245165799488,3780.5543465465826,278.6908192529054,69043,CHAPONOST,69
32350.0,1087.0,3993.5897435897436,3306.8111032509464,686.7786403387972,69049,CHASSELAY,69
31020.0,1720.0,3538.461538461538,3520.331210428393,18.130328033144906,69052,CHAZAY-D AZERGUES,69
23490.0,1750.0,2609.25,2567.2318777839805,42.01812221601949,69064,CONDRIEU,69
22530.0,512.0,3096.6666666666665,2374.412285887902,722.2543807787647,69067,COURZIEU,69
27380.0,5408.0,4376.73829240434,4148.4193589938905,228.31893341044997,69069,CRAPONNE,69
27230.0,2653.0,4181.278825995807,4008.462594614005,172.81623138180203,69094,GREZIEU-LA-VARENNE,69
21900.0,3896.0,2700.0,2484.8420175498522,215.15798245014776,69096,GRIGNY,69
22970.0,733.0,1957.8506787330316,2010.772859834391,-52.922181101359456,69110,LARAJASSE,69
24730.0,329.0,2522.5263157894738,2396.8795948586016,125.6467209308721,69113,LETRA,69
34510.0,1454.0,4936.643164904035,4648.947491022301,287.69567388173436,69116,LIMONEST,69
30670.0,1778.0,2723.6979166666665,3048.598937125001,-324.90102045833464,69133,MILLERY,69
27260.0,2632.0,4111.111111111111,4050.681352427584,60.429758683527325,69141,MORNANT,69
23900.0,355.0,2462.919984076433,2315.407454892324,147.5125291841091,69145,ODENAS,69
24720.0,561.0,2816.6666666666665,2376.4488948633784,440.2177718032881,69151,LE PERREON,69
25480.0,434.0,2450.9803921568628,2371.3810668125743,79.59932534428845,69155,POMEYS,69
28150.0,826.0,2830.9386973180076,2751.084473724948,79.85422359305949,69177,SOURCIEUX-LES-MINES,69
40340.0,2320.0,4423.615337796713,4345.2927216505595,78.32261614615345,69191,SAINT CYR AU MONT D OR,69
16880.0,6639.0,3435.9041591320074,1627.378240683617,1808.5259184483905,69199,ST FONS,69
28780.0,9650.0,3882.3529411764707,3962.53118273325,-80.17824155677908,69202,SAINTE FOY LES LYON,69
25200.0,1851.0,2585.897435897436,2713.19328330373,-127.29584740629389,69206,SAINT GEORGES DE RENEINS,69
29190.0,879.0,2720.611659764256,2904.1892550160287,-183.5775952517729,69219,SAINT LAURENT D'AGNY,69
24790.0,1585.0,3585.4700854700855,3184.4397765071494,401.03030896293603,69227,SAINT MARTIN EN HAUT,69
25960.0,1737.0,2714.285714285714,2630.303274920011,83.98243936570316,69228,CHABANIERE,69
26100.0,1322.0,3168.6666666666665,3009.384121145694,159.2825455209727,69249,THURINS,69
19640.0,16443.0,2954.5454545454545,2626.375105373019,328.17034917243564,69264,VILLEFRANCHE,69
32340.0,1392.0,2694.3162393162393,3297.612010026455,-603.295770710216,69268,VOURLES,69
22210.0,3937.0,2757.1644042232274,2598.8587854109114,158.30561881231597,69276,FEYZIN,69
30610.0,5364.0,4370.522545301306,4445.407078455831,-74.88453315452443,69277,GENAS,69
29430.0,1228.0,3723.5227272727275,3585.896421071185,137.62630620154232,69296,SOLAIZE,69
22840.0,285.0,1282.051282051282,1642.0876465941387,-360.03636454285675,70085,BOULT,70
23340.0,115.0,1020.7130730050934,1241.392003140694,-220.67893013560058,70253,FRASNE-LE-CHATEAU,70
21380.0,334.0,1083.5227272727273,1251.6942932165628,-168.1715659438355,70257,FRETIGNEY-ET-VELLOREILLE,70
18110.0,2476.0,1047.008547008547,1207.6038225103357,-160.5952755017886,70279,GRAY,70
20880.0,843.0,1506.040268456376,1547.8142884699857,-41.77402001360974,70339,MELISEY,70
20660.0,158.0,1236.766917293233,1545.594057072206,-308.8271397789729,70347,MIGNAVILLERS,70
22920.0,826.0,1293.8202247191011,1596.9071930722453,-303.08696835314413,70413,PLANCHER-BAS,70
24410.0,230.0,1497.2091656874265,1974.0997396638068,-476.8905739763802,70429,PUSY-ET-EPENOUX,70
20230.0,403.0,1584.4155844155844,1547.3492535597647,37.066330855819615,70489,SERVANCE-MIELLIN,70
24140.0,344.0,2084.973521624007,1706.682234702259,378.291286921748,71003,ALLEREY-SUR-SAONE,71
20070.0,6233.0,1369.5567326456649,1655.6564620022273,-286.0997293565624,71014,AUTUN,71
22260.0,2346.0,1177.2116461366181,2418.864492217362,-1241.652846080744,71047,BOURBON LANCY,71
22550.0,731.0,1644.8051948051948,1724.270662008745,-79.46546720355013,71187,ECUISSES,71
25380.0,826.0,1602.5641025641025,1893.670470805024,-291.1063682409215,71202,FONTAINES,71
28710.0,1644.0,2331.262939958592,2530.716326660968,-199.45338670237606,71221,GIVRY,71
21850.0,262.0,1133.2579185520362,1736.3023658286825,-603.0444472766462,71223,GRANDE-VERRIERE (LA),71
21250.0,3371.0,1066.6666666666667,2049.1903822664676,-982.5237155998009,71230,GUEUGNON,71
20540.0,310.0,1347.945205479452,1379.489509054066,-31.544303574614105,71239,ISSY-L EVEQUE,71
23440.0,158.0,2334.8908132530123,1441.363302633462,893.5275106195504,71240,JALOGNY,71
22620.0,223.0,1226.9900497512438,1598.7800058873734,-371.7899561361296,71256,LESSARD-EN-BRESSE,71
22670.0,893.0,1540.7407407407406,1657.3835753636092,-116.64283462286858,71269,LUX,71
24460.0,170.0,1324.7545582047687,1523.2717536722712,-198.51719546750246,71274,MANCEY,71
23260.0,139.0,1931.8181818181818,1552.6085353432866,379.2096464748952,71290,MAZILLE,71
21570.0,358.0,950.0,1558.5309700648631,-608.5309700648631,71297,MESVRES,71
20770.0,899.0,1603.7675196091038,1550.2781507014,53.48936890770392,71351,PIERRE-DE-BRESSE,71
27350.0,723.0,2337.5375093773446,2476.409152423791,-138.87164304644648,71371,ROCHE-VINEUSE (LA),71
21440.0,299.0,1500.9429153924566,1642.9278946884049,-141.98497929594828,71428,SAINT-IGNY-DE-ROCHE,71
21930.0,4033.0,1279.4117647058824,2377.530524767261,-1098.1187600613785,71486,SAINT VALLIER,71
25880.0,940.0,2028.1679151061176,2318.685119945381,-290.5172048392633,71497,SANCE,71
19710.0,171.0,1225.3711484593837,1427.8951955035018,-202.5240470441181,71541,TORPES,71
24930.0,758.0,1893.4444444444443,2079.7086909178447,-186.26424647340036,71555,VARENNES-LE-GRAND,71
24000.0,816.0,1589.7058823529412,1731.344055143846,-141.63817279090472,72006,ARCONNAY,72
20860.0,375.0,1039.2156862745098,1384.548277311166,-345.33259103665614,72011,ASSE LE BOISNE,72
21530.0,1009.0,986.4864864864865,1127.6728745944702,-141.1863881079837,72035,BESSE SUR BRAYE,72
22560.0,1341.0,2047.1137521222408,2213.1656235383757,-166.05187141613487,72054,CHAMPAGNE,72
20030.0,689.0,964.2857142857142,1060.4018560417628,-96.11614175604859,72068,LA CHARTRE SUR LE LOIR,72
23680.0,1164.0,1601.1029411764707,1932.7340852586278,-331.6311440821571,72080,CHERRE-AU,72
20690.0,1375.0,1232.876712328767,1369.3109985414474,-136.43428621268026,72138,FRESNAY-SUR-SARTHE,72
21370.0,422.0,1343.1085043988269,1466.7002772802516,-123.59177288142473,72139,FYE,72
21100.0,804.0,1557.422969187675,1698.063546329344,-140.64057714166893,72143,LE GRAND LUCE,72
21620.0,6843.0,1697.6744186046512,1942.038965022558,-244.3645464179067,72154,LA FLECHE,72
21090.0,966.0,1532.4675324675325,1668.6277086845532,-136.16017621702076,72168,LOUE,72
20330.0,1956.0,1216.6558230318801,1344.436803618019,-127.78098058613887,72176,LE LUDE,72
21140.0,712.0,1675.6756756756756,1630.5589625388704,45.116713136805174,72187,MARIGNE LAILLE,72
21390.0,1437.0,1263.756950880445,1537.9851083297713,-274.2281574493263,72191,MAYET,72
26140.0,1053.0,2140.625,2252.6651691553757,-112.04016915537568,72198,LA MILESSE,72
21230.0,1175.0,1082.3529411764705,1353.8804146677858,-271.5274734913153,72223,NOYEN SUR SARTHE,72
24060.0,2113.0,1981.132075471698,2162.397991353115,-181.26591588141673,72231,PARIGNE L EVEQUE,72
22670.0,1266.0,1529.4117647058824,1674.8124955679698,-145.40073086208736,72241,MONTFORT-LE-GESNOIS,72
22570.0,1233.0,1156.6265060240964,1659.9920845049617,-503.3655784808652,72244,PRECIGNE,72
24380.0,1003.0,1347.9104104104103,2145.8124386221857,-797.9020282117754,72253,ROEZE-SUR-SARTHE,72
20910.0,919.0,1159.7198973328868,1343.5371571176315,-183.8172597847447,72276,SAINT COSME EN VAIRAIS,72
22490.0,211.0,1345.8333333333335,1863.0627847260093,-517.2294513926759,72293,SAINT JEAN DU BOIS,72
28760.0,799.0,2114.1592920353983,2248.1793612564093,-134.020069221011,72310,SAINT PAVACE,72
26440.0,1037.0,2554.2168674698796,2607.2846915422397,-53.067824072360054,72320,SAINT SATURNIN,72
26830.0,1656.0,2177.457404980341,2477.1632782964293,-299.7058733160884,72328,SARGE LES LE MANS,72
25090.0,1179.0,1958.5437710437711,2323.850456744205,-365.30668570043395,72344,SPAY,72
23650.0,2082.0,3119.0476190476193,2871.4019347023072,247.64568434531202,73006,AIME LA PLAGNE,73
30530.0,1053.0,4721.518987341772,4226.330984813681,495.1880025280907,73059,BRISON-SAINT-INNOCENT,73
23970.0,315.0,1899.3963782696176,1859.3056689815319,40.09070928808569,73063,CEVINS,73
21950.0,25969.0,3626.556646755088,3690.0150191297557,-63.45837237466776,73065,CHAMBERY,73
23380.0,533.0,3134.9050203527813,2676.467821426302,458.43719892647914,73067,LA CHAMBRE,73
23980.0,420.0,2844.2863772668857,2112.3442437097096,731.942133557176,73069,CHAMOUX-SUR-GELON,73
23620.0,285.0,2789.8510378510377,1715.6177217430823,1074.2333161079555,73081,LE CHATELARD,73
26560.0,163.0,2505.1643920595534,2380.168206777141,124.99618528241217,73086,CLERY,73
26000.0,247.0,3322.0338983050847,3073.392363523551,248.64153478153366,73138,JARRIER,73
21740.0,1179.0,2735.4225828262342,2647.7393439277444,87.68323889848989,73187,LA LECHERE,73
27140.0,919.0,3340.408693275014,3134.519464771917,205.889228503097,73191,NOVALAISE,73
26200.0,3089.0,3870.967741935484,3583.084467739092,287.883274196392,73222,SAINT-ALBAN-LEYSSE,73
24410.0,577.0,3318.017543859649,2884.327945026597,433.68959883305206,73278,SAINT-REMY-DE-MAURIENNE,73
23960.0,493.0,2641.858141858142,2023.7338302573705,618.1243116007715,73286,SERRIERES-EN-CHAUTAGNE,73
22750.0,1365.0,2400.0,2272.2206120402047,127.77938795979526,73330,YENNE,73
25810.0,601.0,2637.6923076923076,2125.804345124277,511.8879625680306,74032,BELLEVAUX,74
24370.0,251.0,3284.6715328467153,1887.728842343969,1396.9426905027462,74034,BIOT (LE),74
25180.0,5723.0,3431.1926605504586,3467.4123159421574,-36.21965539169878,74042,BONNEVILLE,74
30090.0,325.0,3372.8618421052633,3112.7371978645933,260.12464424067,74100,DESINGY,74
25070.0,4503.0,4281.08504398827,3863.14988273151,417.9351612567598,74133,GAILLARD,74
33100.0,1587.0,4829.166666666667,4482.898966924149,346.26769974251783,74137,GROISY,74
38520.0,806.0,4251.590909090909,4095.0420776965166,156.54883139439244,74185,MONNETIER-MORNEX,74
36250.0,633.0,3926.0964912280697,3139.0297811334076,787.0667100946621,74197,NANGY,74
29490.0,3027.0,4207.643678160919,4084.364361158978,123.27931700194085,74218,PUBLIER,74
23550.0,3378.0,3106.9375,2880.826137538621,226.11136246137903,74264,SCIONZIER,74
25710.0,996.0,3907.0301968635304,2609.430832489808,1297.5993643737224,74269,SEYSSEL,74
24640.0,479.0,2318.181818181818,2182.993166756079,135.18865142573895,76001,ALLOUVILLE-BELLEFOSSE,76
22650.0,615.0,1476.3630089717046,2064.9982286208615,-588.6352196491569,76018,VAL-DE-SAANE,76
21440.0,1121.0,1526.3157894736842,1663.9934049221285,-137.67761544844439,76034,VAL-DE-SCIE,76
21160.0,837.0,2027.4886877828055,2222.860667168492,-195.37197938568647,76051,BACQUEVILLE-EN-CAUX,76
21650.0,5241.0,2089.371657754011,2435.5753885218933,-346.20373076788246,76057,BARENTIN,76
24330.0,482.0,2117.1645256152296,2099.055566992498,18.108958622731734,76090,BEUZEVILLE-LA-GRENIER,76
26450.0,483.0,1787.878787878788,1847.3355999157927,-59.45681203700474,76100,BLAINVILLE-CREVON,76
26900.0,3026.0,2779.255319148936,2958.898630399031,-179.64331125009494,76103,BONSECOURS,76
18770.0,5054.0,1429.029304029304,1586.3224892185954,-157.2931851892913,76114,BOLBEC,76
23800.0,131.0,1790.7719435736676,1874.520013569833,-83.74806999616544,76138,BRACQUETUIT,76
22670.0,1875.0,1645.021645021645,1738.5334594293702,-93.51181440772507,76164,RIVES-EN-SEINE,76
19660.0,4399.0,1762.4223602484471,1916.0850084985827,-153.6626482501356,76165,CAUDEBEC-LES-ELBEUF,76
19820.0,5052.0,2234.9137931034484,2015.13445398518,219.77933911826835,76216,DEVILLE-LES-ROUEN,76
18850.0,14935.0,2243.6941410129093,2435.7455348029616,-192.05139379005232,76217,DIEPPE,76
20530.0,1090.0,1548.1927710843374,1510.882250369165,37.310520715172515,76219,DOUDEVILLE,76
17120.0,7241.0,1668.2692307692307,1676.809189305863,-8.539958536632184,76231,ELBEUF,76
23330.0,590.0,2634.8039215686276,2402.841705921744,231.96221564688358,76254,ETRETAT,76
23120.0,1725.0,1558.139534883721,1753.8415438680101,-195.70200898428925,76258,TERRES-DE-CAUX,76
20540.0,1782.0,1375.0,1478.667349995068,-103.66734999506798,76276,FORGES-LES-EAUX,76
26440.0,402.0,1576.0,1963.4603077657284,-387.46030776572843,76282,FRENEUSE,76
21030.0,286.0,1680.2631578947369,1517.350759625358,162.91239826937885,76286,FRESNOY-FOLNY,76
26930.0,407.0,1674.9372775541165,1946.8459699624066,-271.9086924082901,76287,FRESQUIENNES,76
23590.0,457.0,1766.9354838709678,1995.2446876482386,-228.3092037772708,76291,FROBERVILLE,76
21310.0,733.0,2060.963822148578,1838.0848651395652,222.87895700901277,76321,LES GRANDES VENTES,76
21670.0,1265.0,2159.626787582839,2099.918783823172,59.70800375966701,76329,GRUCHET-LE-VALASSE,76
25170.0,922.0,2656.7901234567903,2521.5217068866796,135.26841657011073,76349,HAUTOT-SUR-MER,76
20180.0,77021.0,2373.3333333333335,2427.649117913896,-54.31578458056265,76351,LE HAVRE,76
20170.0,558.0,1983.5799972102106,1711.8046132143977,271.77538399581294,76374,INCHEVILLE,76
24400.0,453.0,1735.5889724310778,1725.4000528420577,10.188919589020088,76382,LANQUETOT,76
26190.0,352.0,2404.426266248319,2289.604593649562,114.82167259875678,76421,MELAMARE,76
25350.0,320.0,2226.2626262626263,2045.5035430890428,180.75908317358358,76443,MONT-CAUVAIRE,76
19450.0,2313.0,1715.7894736842104,1575.9469349176888,139.84253876652156,76462,NEUFCHATEL-EN-BRAY,76
23240.0,532.0,2287.6255707762557,2134.831418728462,152.7941520477939,76467,NEVILLE,76
22750.0,4289.0,1766.6666666666665,2629.6644447986596,-862.9977781319931,76476,PORT-JEROME-SUR-SEINE,76
20400.0,4602.0,1761.6957470010907,1764.0680908713528,-2.372343870262057,76484,EL-SUR-SEINE,76
20400.0,4602.0,1761.6957470010907,1764.0680908713528,-2.372343870262057,76484,OISSEL,76
20400.0,4602.0,1761.6957470010907,1764.0680908713528,-2.372343870262057,76484,OISSEL-SUR-SEINE,76
25070.0,465.0,2467.198581560284,2405.916770779799,61.28181078048465,76499,PETIVILLE,76
26740.0,503.0,2079.285714285714,2206.9486542716536,-127.66293998593937,76503,PISSY-POVILLE,76
23910.0,829.0,1913.7096774193549,1952.3648064590304,-38.65512903967556,76545,ROUXMESNIL-BOUTEILLES,76
32880.0,3329.0,3175.675675675676,3437.0721006443846,-261.39642496870874,76552,STE ADRESSE,76
26120.0,482.0,2668.040540540541,2448.7477185586235,219.2928219819173,76563,SAINT AUBIN ROUTOT,76
25590.0,791.0,2347.3932676518884,2404.1015974090783,-56.70832975718986,76608,STE MARGUERITE SUR DUCLAIR,76
21530.0,1700.0,1987.9518072289156,1986.222933848919,1.728873379996685,76624,SAINT-NICOLAS-D ALIERMONT,76
21990.0,3594.0,1922.759531275788,1952.913985724823,-30.15445444903503,76640,SAINT PIERRE LES ELBEUF,76
21390.0,1878.0,2168.478260869565,2077.505876007833,90.97238486173183,76655,SAINT-VALERY-EN-CAUX,76
22220.0,469.0,1500.0,1737.8921328270537,-237.89213282705373,76663,SASSETOT-LE-MAUCONDUIT,76
25180.0,149.0,1713.7734523809524,1825.6961739842354,-111.92272160328298,76667,SAUQUEVILLE,76
26800.0,279.0,2273.6311886750054,2271.1341099339056,2.4970787410998128,76693,TILLEUL (LE),76
21170.0,626.0,1554.7945205479452,1601.1042105548781,-46.3096900069329,76700,TOTES,76
23290.0,265.0,1880.9016393442623,2003.7418104249957,-122.8401710807334,76706,TOURVILLE-LES-IFS,76
24820.0,305.0,1538.4615384615386,1763.0682259552545,-224.60668749371598,76708,TOUSSAINT,76
18610.0,2341.0,1910.112359550562,1758.7850803661006,151.3272791844613,76711,LE TREPORT,76
21500.0,1188.0,1604.9019607843138,1826.8730218510966,-221.9710610667828,76752,YERVILLE,76
24160.0,6496.0,3653.846153846154,3484.1704900865443,169.6756637596095,77014,AVON,77
21340.0,672.0,1704.3478260869565,1585.624961317622,118.72286476933459,77016,BAGNEAUX-SUR-LOING,77
25070.0,1309.0,2912.0242691671265,2931.7168772436044,-19.69260807647788,77042,BOISSY-LE-CHATEL,77
23650.0,315.0,2071.078431372549,2166.6577234703104,-95.57929209776148,77054,BROSSE-MONTCEAUX (LA),77
27330.0,898.0,2630.4347826086955,2577.4478337877604,52.98694882093514,77069,CHAILLY-EN-BIERE,77
24710.0,525.0,2346.6666666666665,2248.5046365398275,98.162030126839,77078,CHAMIGNY,77
21180.0,2667.0,2098.3838383838383,2044.1313409894585,54.252497394379816,77079,CHAMPAGNE SUR SEINE,77
23750.0,9381.0,4319.795081967213,3937.27850751421,382.51657445300316,77083,CHAMPS-SUR-MARNE,77
24530.0,918.0,2125.0,2225.2943344542377,-100.29433445423774,77088,CHAPELLE-LA-REINE (LA),77
22160.0,1351.0,1421.0526315789473,1626.3832272028374,-205.33059562389008,77099,CHATEAU-LANDON,77
23830.0,21809.0,3546.5116279069766,3701.291536374807,-154.7799084678304,77108,CHELLES,77
28480.0,1526.0,3213.465403387884,3142.5859837894322,70.87941959845193,77114,CHEVRY-COSSIGNY,77
27510.0,5087.0,2986.1111111111113,3589.069225829926,-602.9581147188146,77118,CLAYE-SOUILLY,77
25660.0,639.0,2500.0,2539.2706561944406,-39.27065619444056,77126,CONGIS-SUR-THEROUANNE,77
28840.0,772.0,2984.9162581699347,2928.3287045150446,56.587553654890144,77128,COUILLY-PONT-AUX-DAMES,77
26930.0,2563.0,3347.4576271186443,3425.3785319489125,-77.92090483026823,77139,COURTRY,77
26240.0,2762.0,3342.5881261595546,3295.366055446699,47.222070712855384,77169,EMERAINVILLE,77
29590.0,1112.0,2842.9,3067.5156709235166,-224.61567092351652,77175,EVRY-GREGY-SUR-YERRE,77
25230.0,498.0,2754.763719512195,2457.8132597397453,296.9504597724499,77199,FUBLAINES,77
26740.0,577.0,1884.6153846153845,2074.366024295675,-189.7506396802903,77216,GREZ-SUR-LOING,77
29270.0,988.0,2510.1117318435754,2822.8448006107183,-312.73306876714287,77217,GRISY-SUISNES,77
24510.0,1638.0,2629.6610169491523,2604.481268939885,25.179748009267314,77222,GUIGNES,77
23900.0,1453.0,2329.192546583851,2362.1596826874256,-32.96713610357483,77238,JOUARRE,77
25040.0,605.0,2037.524366471735,1895.040104055834,142.48426241590096,77239,JOUY-LE-CHATEL,77
30970.0,269.0,3144.3922546012273,3143.5467110268523,0.8455435743749149,77248,LESCHES,77
31100.0,2695.0,3347.222222222222,3553.806920318441,-206.58469809621874,77249,LESIGNY,77
26130.0,1021.0,2722.3786066150597,2636.061810566963,86.31679604809688,77276,MAREUIL-LES-MEAUX,77
27010.0,652.0,2913.0434782608695,2845.321711239508,67.7217670213613,77277,MARLES-EN-BRIE,77
19130.0,7444.0,2511.2359550561796,1869.8663513015808,641.3696037545988,77285,LE MEE SUR SEINE,77
22810.0,7186.0,3207.191350264018,3132.4018244075833,74.78952585643492,77294,MITRY MORY,77
16280.0,7370.0,1716.4484451718495,1612.014489684463,104.43395548738658,77305,MONTEREAU FAULT YONNE,77
23100.0,1882.0,2245.519415864587,2114.051654080277,131.46776178430991,77317,MORMANT,77
21110.0,5788.0,3260.375546783314,1838.435759579454,1421.9397872038599,77337,NOISIEL,77
26690.0,797.0,3442.6406926406926,3004.8755754178696,437.76511722282294,77344,OISSERY,77
29180.0,812.0,3111.1111111111113,3111.4417608488143,-0.33064973770297,77359,PERTHES,77
25630.0,373.0,2154.758941166708,2138.0267289632907,16.732212203417475,77370,POLIGNY,77
27180.0,1707.0,2956.288343558282,3059.5577706378017,-103.26942707951957,77372,POMPONNE,77
25750.0,1502.0,2872.093023255814,2741.4048330011756,130.68819025463836,77378,PRINGY,77
27360.0,2111.0,3571.4285714285716,3431.180538306975,140.24803312159656,77382,QUINCY-VOISINS,77
27950.0,1573.0,3150.6849315068494,3125.305283009764,25.379648497085327,77389,ROCHETTE(LA),77
25420.0,1090.0,2540.9836065573772,2436.5593646429265,104.4242419144507,77394,RUBELLES,77
25000.0,792.0,1347.3814147018031,2595.7504909485165,-1248.3690762467133,77405,SAINT-CYR-SUR-MORIN,77
25520.0,6059.0,2972.222222222222,3139.686376003227,-167.46415378100482,77407,SAINT-FARGEAU-PONTHIERRY,77
29320.0,420.0,2423.207344305682,2736.7449119313915,-313.53756762570947,77453,SIVRY-COURTRY,77
26730.0,535.0,2911.1111111111113,2736.4082374895793,174.70287362153204,77457,SOLERS,77
26380.0,3032.0,3351.4285714285716,3287.911474843622,63.51709658494974,77470,TOURNAN-EN-BRIE,77
25910.0,997.0,2586.206896551724,2644.1168415736324,-57.90994502190824,77494,VERNOU-LA-CELLE-SUR-SEINE,77
25270.0,3255.0,2995.8677685950415,2854.906967930119,140.96080066492232,77495,VERT-SAINT-DENIS,77
28000.0,661.0,2257.6882290562035,2533.544428574942,-275.8561995187383,77517,VILLEVAUDE,77
29750.0,608.0,2728.8178270174994,2872.288296258139,-143.47046924063943,77529,VOULANGIS,77
29500.0,5527.0,3567.147034252297,3488.8155739842855,78.3314602680116,78015,ANDRESY,78
30750.0,368.0,3373.4757751937987,3301.169805754727,72.30596943907176,78020,ARNOUVILLE-LES-MANTES,78
32530.0,797.0,3505.3012048192772,3463.874179906238,41.42702491303908,78030,AUFFARGIS,78
19940.0,3436.0,3186.813186813187,2770.413151786446,416.4000350267406,78138,CHANTELOUP-LES-VIGNES,78
26060.0,7089.0,3664.7050865800866,3662.787461840827,1.917624739259736,78165,CLAYES-SOUS-BOIS (LES),78
35130.0,430.0,4196.193884189981,3839.106145502742,357.0877386872389,78193,DAMPIERRE-EN-YVELINES,78
40580.0,1989.0,3991.0313901345294,4191.176098234055,-200.14470809952536,78224,ETANG-LA-VILLE (L ),78
26260.0,6005.0,4349.753694581281,3953.214581348846,396.53911323243483,78242,FONTENAY LE FLEURY,78
28050.0,817.0,2603.2380952380954,2610.4614820222387,-7.223386784143258,78291,GUERVILLE,78
30390.0,14260.0,4709.430756159728,4580.615665422265,128.81509073746292,78311,HOUILLES,78
28260.0,296.0,2559.6330275229357,2406.0621924770826,153.57083504585307,78329,LAINVILLE-EN-VEXIN,78
20170.0,6299.0,2497.1785714285716,2244.4452964373927,252.73327499117886,78335,LIMAY,78
28610.0,3530.0,3538.4284532671627,3424.6127152035715,113.8157380635912,78356,MAGNY-LES-HAMEAUX,78
17310.0,15623.0,2675.8470588235296,2409.1212193068086,266.72583951672095,78361,MANTES-LA-JOLIE,78
20040.0,8076.0,2490.9302325581393,2337.3635261439395,153.56670641419987,78362,MANTES-LA-VILLE,78
27410.0,1509.0,3141.732283464567,3369.454364408982,-227.7220809444152,78402,MEZIERES-SUR-SEINE,78
36400.0,1099.0,3051.470588235294,3273.5059576013614,-222.03536936606724,78431,MORAINVILLIERS,78
18240.0,10761.0,2960.189452124936,2647.8595737526894,312.32987837224664,78440,MUREAUX (LES),78
31940.0,1443.0,3804.1666666666665,3660.1426764821663,144.02399018450024,78442,NEAUPHLE-LE-CHATEAU,78
30860.0,331.0,3570.659722222222,3445.9435345974757,124.71618762474645,78470,ORPHIN,78
29640.0,2863.0,3230.769230769231,3395.308268066942,-164.53903729771127,78486,PERRAY-EN-YVELINES (LE),78
27990.0,12057.0,3361.8521739130433,3467.5287250989704,-105.67655118592711,78517,RAMBOUILLET,78
22430.0,2551.0,2179.4871794871797,2077.777518532421,101.70966095475887,78531,ROSNY-SUR-SEINE,78
25680.0,21499.0,4763.1578947368425,4579.2585364116885,183.89935832515403,78586,SARTROUVILLE,78
29160.0,1904.0,3188.4057971014495,3293.3171198910195,-104.91132278957002,78638,VAUX-SUR-SEINE,78
29190.0,4629.0,3658.5249042145592,3843.3278878740616,-184.8029836595024,78674,VILLEPREUX,78
35470.0,4423.0,4352.207505518763,4115.8393873528075,236.36811816595582,78688,VOISINS-LE-BRETONNEUX,78
21280.0,1537.0,1093.6666666666667,1279.2570703987349,-185.59040373206813,79005,AIRVAULT,79
23210.0,390.0,1315.422477440525,1675.3899323016312,-359.96745486110626,79020,AUGE,79
24070.0,779.0,1637.1496304560033,1837.9253880648373,-200.77575760883406,79024,AZAY-LE-BRULE,79
22530.0,236.0,1446.7532467532467,1553.8503195582814,-107.09707280503471,79032,BECELEUF,79
21880.0,258.0,1840.0,1821.6273679531355,18.37263204686451,79050,BRETIGNOLLES,79
20460.0,669.0,1260.3219213081247,1276.702509366101,-16.380588057976183,79057,BRIOUX-SUR-BOUTONNE,79
21430.0,1190.0,1560.0,1589.6622627851032,-29.662262785103167,79080,CHATILLON SUR THOUET,79
21770.0,490.0,1695.2699242505068,1568.5315687324705,126.73835551803631,79096,COMBRAND,79
25850.0,1647.0,1935.483870967742,2115.2168785142403,-179.73300754649836,79109,ECHIRE,79
20620.0,429.0,1082.233909787841,1123.2433086469086,-41.00939885906769,79116,FAYE-L ABBESSE,79
21200.0,994.0,1216.2162162162163,1419.7565652403098,-203.54034902409353,79123,LA FORET-SUR-SEVRE,79
24990.0,1283.0,1755.9941520467837,2227.012922761521,-471.01877071473746,79130,FRONTENAY-ROHAN-ROHAN,79
21800.0,2792.0,1150.375939849624,1536.6878137984954,-386.3118739488714,79174,MELLE,79
20570.0,2236.0,1288.78932696137,1644.9837691543019,-356.1944421929318,79195,NUEIL-LES-AUBIERS,79
22560.0,925.0,1264.367816091954,1572.2348208544165,-307.86700476246256,79213,POMPAIRE,79
22180.0,503.0,1062.937062937063,1316.2123016258242,-253.2752386887612,79265,SAINT-LEGER-DE-MONTBRUN,79
21360.0,1064.0,1056.6906151773687,1646.9604112685365,-590.2697960911678,79299,SAINT-VARENT,79
23830.0,688.0,1460.9918699186992,1624.381522140415,-163.38965222171578,79351,VILLIERS-EN-PLAINE,79
26430.0,1522.0,2124.031007751938,2487.8132920206394,-363.78228426870146,79355,VOUILLE,79
26260.0,317.0,1891.0891089108911,2101.163981144322,-210.07487223343082,80092,BERTANGLES,80
20710.0,449.0,971.4285714285714,1082.4756328467704,-111.04706141819895,80093,BERTEAUCOURT-LES-DAMES,80
22500.0,168.0,1582.6210826210827,1510.4774119266958,72.14367069438686,80102,BIACHES,80
22160.0,415.0,1139.6630016984,1521.9092405513134,-382.2462388529134,80126,BOUTTENCOURT,80
24690.0,1890.0,2062.987012987013,2416.3149618487855,-353.3279488617727,80164,CAMON,80
20400.0,1225.0,2873.2394366197186,1448.9191868664439,1424.3202497532748,80182,CAYEUX-SUR-MER,80
20220.0,566.0,1488.3720930232557,1382.9009313821766,105.4711616410791,80222,CRECY-EN-PONTHIEU,80
22110.0,830.0,3042.5373134328356,2397.219008287908,645.3183051449278,80333,FORT-MAHON-PLAGE,80
20140.0,578.0,1487.8895663956641,1397.8279921794806,90.06157421618354,80406,HALLENCOURT,80
20410.0,680.0,2146.055437100213,1948.9732463827524,197.08219071746066,80488,LONGPRE-LES-CORPS-SAINTS,80
23690.0,485.0,1860.9226594301222,1879.080229127072,-18.15756969694985,80507,MARCELCAVE,80
21160.0,1777.0,1500.0,1574.5861901655164,-74.58619016551643,80570,MOREUIL,80
24370.0,520.0,2475.2475247524753,2469.4849131503747,5.7626116021006055,80639,POULAINVILLE,80
19370.0,735.0,1224.877450980392,1280.7154021491242,-55.83795116873216,80706,SAINT-LEGER-LES-DOMART,80
24530.0,1139.0,2416.6666666666665,2498.504133985325,-81.83746731865858,80724,SALEUX,80
27060.0,347.0,2296.1111111111113,2362.7448203066833,-66.63370919557201,80791,VERS-SUR-SELLE,80
23520.0,1134.0,1990.1960784313726,2113.547754799764,-123.35167636839128,81018,ARTHES,81
19350.0,4910.0,1173.7850467289718,1546.8739403521206,-373.0888936231488,81060,CARMAUX,81
21070.0,2920.0,1502.1978021978023,1769.3317786540172,-267.1339764562149,81120,LABRUGUIERE,81
21900.0,1102.0,1126.9456033376123,2333.121890528964,-1206.1762871913515,81124,LACAUNE,81
22790.0,843.0,1404.4943820224719,1539.1051685630905,-134.61078654061862,81130,LAGARRIGUE,81
21280.0,208.0,1103.8461538461538,1691.5060689428244,-587.6599150966706,81138,LASGRAISSES,81
19140.0,4782.0,1167.4545454545455,1426.0289584256313,-258.57441297108585,81163,MAZAMET,81
19590.0,367.0,1640.625,1581.250187354915,59.37481264508506,81192,MURAT-SUR-VEBRE,81
20770.0,3249.0,1711.2701612903224,1901.2283984116684,-189.95823712134597,81257,SAINT JUERY,81
21250.0,1310.0,1602.0289855072465,1567.6636764582818,34.36530904896472,81288,SOREZE,81
23720.0,610.0,2523.7283803356904,2169.183757353896,354.5446229817944,82005,AUCAMVILLE,82
19900.0,3368.0,1555.2037037037037,1903.8915804929377,-348.687876789234,82037,CAUSSADE,82
23020.0,519.0,1339.047619047619,1496.892737187646,-157.8451181400269,82050,DUNES,82
19150.0,321.0,1411.764705882353,1583.5945299089562,-171.82982402660332,82088,LAGUEPIE,82
22800.0,674.0,2337.5,2211.112450460787,126.38754953921307,82123,MONTBARTIER,82
21350.0,738.0,1025.6410256410256,1202.5000457932479,-176.85902015222223,82131,MONTPEZAT-DE-QUERCY,82
22830.0,558.0,2289.5588235294117,2240.3629924541647,49.19583107524704,82135,NOHIC,82
22400.0,661.0,2893.9096638655465,2399.5423213970003,494.3673424685462,82136,ORGUEIL,82
21240.0,835.0,1340.2061855670104,1397.1327541495798,-56.926568582569416,82149,REALVILLE,82
21120.0,468.0,2083.3333333333335,1285.5046722118711,797.8286611214623,82173,SAINT-SARDOS,82
20290.0,1053.0,1516.8539325842696,1394.1830137934605,122.67091879080908,82179,SEPTFONDS,82
20040.0,2359.0,1250.0,1311.0576631402284,-61.05766314022844,82186,VALENCE,82
22620.0,550.0,2074.939024390244,1822.874889336192,252.06413505405203,82194,VILLEBRUMIER,82
22470.0,3433.0,3932.5547445255474,3205.6164075908105,726.938336934737,83004,LES ARCS,83
23860.0,5160.0,3300.0,3223.1821910123813,76.81780898761872,83049,CUERS,83
23670.0,1310.0,3600.0,3256.3174141988698,343.68258580113024,83059,FORCALQUEIRET,83
23560.0,729.0,3061.2244897959185,2567.246056199083,493.97843359683566,83066,GINASSERVIS,83
23200.0,4387.0,3472.222222222222,3347.5053820639646,124.71684015825758,83072,LORGUES,83
25560.0,2345.0,3005.5882352941176,2154.677262028474,850.9109732656434,83091,PIERREFEU-DU-VAR,83
23910.0,638.0,4344.53781512605,3568.131088799151,776.4067263268994,83096,POURCIEUX,83
21690.0,1158.0,3254.0675084992718,2734.8724446216243,519.1950638776475,83102,REGUSSE,83
23460.0,1131.0,2592.8571428571427,2460.71776092316,132.1393819339828,83108,ROQUEBRUSSANNE LA,83
23430.0,910.0,2260.7476635514017,2246.6464233216752,14.1012402297265,83111,STE ANASTASIE SUR ISSOLE,83
23540.0,7215.0,4345.571524064171,3871.7885494685156,473.78297459565556,83115,SAINTE MAXIME,83
21670.0,1188.0,3763.85,3038.9388586435207,724.9111413564792,83124,SEILLANS,83
24890.0,1068.0,2960.5884275907156,2765.5127833853585,195.0756442053571,83125,SEILLONS-SOURCE-D ARGENS,83
20570.0,669.0,1767.2413793103449,1675.3762600811556,91.8651192291893,83135,TAVERNES,83
22120.0,662.0,3324.5192307692305,1645.999771070486,1678.5194596987444,83149,VILLECROZE,83
20800.0,405.0,1661.111111111111,1615.4006393437812,45.710471767329864,83151,VINS-SUR-CARAMY,83
23750.0,2741.0,4115.901455767077,3769.712192341825,346.1892634252522,83153,SAINT-MANDRIER-SUR-MER,83
23050.0,2329.0,3012.8205128205127,2840.6117026926236,172.20881012788914,84016,BEDARRIDES,84
22820.0,1521.0,3913.7323943661972,3174.704238096716,739.0281562694813,84017,BEDOIN,84
19730.0,6115.0,2350.4578754578756,2284.048187852566,66.4096876053095,84019,BOLLENE,84
24960.0,445.0,1984.126984126984,1972.074366512373,12.052617614611108,84028,CAIRANNE,84
23750.0,910.0,2256.7567567567567,2212.5160091012526,44.24074765550404,84037,CHATEAUNEUF-DU-PAPE,84
24850.0,1772.0,2958.333333333333,2758.881892153234,199.4514411800992,84038,CHEVAL-BLANC,84
21450.0,496.0,3062.5,2522.9930614839986,539.5069385160014,84044,ENTRECHAUX,84
21600.0,785.0,3038.0663615560643,1663.7923753658292,1374.273986190235,84053,GRILLON,84
21290.0,1531.0,2565.0,1429.538295483628,1135.461704516372,84064,LAPALUD,84
24220.0,1699.0,2678.024619672512,2505.2381059401014,172.78651373241064,84065,LAURIS,84
22740.0,785.0,3756.0344827586205,3068.712310629317,687.3221721293035,84070,MALEMORT-DU-COMTAT,84
24700.0,505.0,2589.7066666666665,2245.6419815547215,344.064685111945,84076,MIRABEAU,84
23300.0,3848.0,2659.8951507208385,2486.8504201249402,173.04473059589827,84081,MORIERES LES AVIGNON,84
23430.0,1083.0,2205.198220064725,2342.3711076033987,-137.17288753867388,84083,MORNAS,84
24180.0,1335.0,3232.5581395348836,3119.078796655075,113.47934287980843,84142,VELLERON,84
22350.0,707.0,2588.313543599258,2314.5387005269504,273.7748430723077,84149,VIOLES,84
23030.0,4190.0,2371.4285714285716,2502.0290415460763,-130.60047011750476,85003,AIZENAY,85
23950.0,2809.0,2159.090909090909,2495.6700916418386,-336.57918255092954,85008,AUBIGNY-LES CLOUZEAUX,85
21790.0,677.0,1755.844155844156,1680.8879342339985,74.9562216101574,85010,AVRILLE,85
21630.0,1998.0,1967.741935483871,2097.789400448454,-130.04746496458324,85018,BEAUVOIR-SUR-MER,85
22070.0,617.0,3032.7380952380954,2549.268790868229,483.4693043698662,85022,BERNARD (LE),85
23210.0,1121.0,2231.578947368421,2207.7231690118647,23.85577835655613,85038,BROUZILS (LES),85
21270.0,780.0,1857.3511904761904,1751.4792479772177,105.87194249897266,85049,CHAMPAGNE-LES-MARAIS,85
20980.0,894.0,1891.8918918918919,1856.2524765831195,35.63941530877241,85050,CHAMP-SAINT-PERE (LE),85
22280.0,436.0,1805.5555555555557,1913.1023013806453,-107.5467458250896,85055,CHAPELLE-PALLUAU (LA),85
20080.0,1168.0,1584.5070422535211,1537.3831141978549,47.12392805566628,85059,CHATAIGNERAIE (LA),85
22780.0,601.0,1639.4872377622378,1670.312569592385,-30.825331830147206,85061,CHATEAU-GUIBERT,85
23180.0,1032.0,1967.153284671533,2019.320460196629,-52.16717552509613,85064,CHAUCHE,85
22100.0,1499.0,1809.065934065934,1824.0329628773836,-14.967028811449609,85065,CHAVAGNES-EN-PAILLERS,85
21770.0,1645.0,2333.3333333333335,2281.8861120237957,51.44722130953778,85071,COMMEQUIERS,85
22360.0,418.0,2038.888888888889,2407.0369535418145,-368.14806465292554,85072,COPECHAGNIERE (LA),85
24350.0,1470.0,2150.2571428571428,2393.1261703261243,-242.86902746898159,85076,CUGAND LA BERNARDIERE,85
21910.0,922.0,3555.5555555555557,3031.011979707691,524.5435758478648,85083,EPINE (L'),85
24570.0,2367.0,2818.75,2688.37899666355,130.37100333645003,85088,FENOUILLER (LE),85
23570.0,2210.0,2296.0,2418.4811485440932,-122.48114854409323,85089,FERRIERE (LA),85
22910.0,1299.0,2105.2631578947367,2293.242654025694,-187.97949613095716,85097,GAUBRETIERE (LA),85
24110.0,1000.0,3000.0,2648.814876550643,351.185123449357,85100,GIVRAND,85
23670.0,1267.0,2196.2616822429904,2304.2655237377817,-108.00384149479123,85108,HERBERGEMENT (L'),85
22930.0,7157.0,2261.904761904762,2595.0210620028565,-333.1163000980946,85109,HERBIERS (LES),85
20910.0,694.0,1391.6666666666665,1335.1435636837348,56.52310298293173,85111,ILE-D ELLE (L ),85
22000.0,218.0,2144.3920335429766,1705.9085564450681,438.48347709790846,85116,JONCHERE (LA),85
22640.0,277.0,2289.156626506024,2100.1341035535943,189.02252295242988,85117,LAIROUX,85
22590.0,672.0,2252.611585944919,2150.67842219631,101.93316374860933,85130,MACHE,85
21260.0,336.0,1175.565471611017,1312.5915266102652,-137.02605499924812,85132,MAILLE,85
25480.0,2141.0,2307.6923076923076,2561.9275421286425,-254.23523443633485,85155,MOUILLERON-LE-CAPTIF,85
22210.0,1016.0,2462.3655913978496,2203.126117072496,259.2394743253535,85156,MOUTIERS-LES-MAUXFAITS,85
23500.0,1251.0,2266.6666666666665,2269.713993658136,-3.0473269914696175,85160,NESMY,85
23070.0,1286.0,3214.285714285714,2881.26329130876,333.0224229769542,85164,NOTRE-DAME-DE-MONTS,85
21250.0,280.0,1666.6666666666667,1521.2077992759328,145.45886739073399,85174,PETOSSE,85
22360.0,279.0,1558.0710955710956,1508.7497913768073,49.32130419428836,85175,PINEAUX (LES),85
23470.0,3462.0,2114.7626709573615,2351.650919312136,-236.88824835477453,85178,POIRE SUR VIE (LE),85
22810.0,986.0,2169.0140845070423,2087.256357969949,81.75772653709328,85208,SAINT-DENIS-LA-CHEVASSE,85
23920.0,1062.0,2980.9139784946237,2688.414792657375,292.49918583724866,85214,SAINTE-FOY,85
24080.0,5124.0,3727.725490196078,3155.3619486138678,572.3635415822105,85222,SAINT-GILLES-CROIX-DE-VIE,85
21150.0,1209.0,1268.2692307692307,1514.3142842697082,-246.04505350047748,85223,SAINT JEAN D HERMINE,85
23950.0,638.0,2125.0,2470.035796236279,-345.0357962362791,85240,SAINT-MALO-DU-BOIS,85
23210.0,1019.0,2500.0,2190.998555032244,309.001444967756,85250,SAINT-MATHURIN,85
20380.0,541.0,1671.3320463320463,1562.5301804693677,108.8018658626786,85264,SAINT-PIERRE-DU-CHEMIN,85
22500.0,630.0,1780.8604038630378,1779.9030242113079,0.9573796517299797,85266,SAINT-PROUANT,85
21710.0,196.0,1338.495575221239,1357.9967030312366,-19.50112780999757,85287,TALLUD-SAINTE-GEMME,85
24530.0,4277.0,2805.372807017544,3098.1214049016,-292.7485978840559,85288,TALMONT-SAINT-HILAIRE,85
22350.0,531.0,1000.0,1275.8399126629756,-275.8399126629756,85291,THORIGNY,85
23820.0,1873.0,2499.0196078431372,2515.567600255171,-16.547992412033636,85300,VENANSAULT,85
21760.0,765.0,1818.1818181818182,1846.587061659637,-28.405243477818658,85303,VIX,85
21240.0,285.0,993.984375,1254.8838205600482,-260.8994455600482,86005,ANGLIERS,86
21760.0,469.0,1131.0334158415842,1700.7324085124137,-569.6989926708295,86017,AYRON,86
21200.0,345.0,1067.511737089202,1236.1156851872317,-168.60394809802983,86029,BLANZAY,86
19690.0,525.0,1250.1611863313992,1082.306892317164,167.85429401423517,86061,CHARROUX,86
22800.0,1956.0,1500.0,1691.3016018325457,-191.30160183254566,86062,CHASSENEUIL-DU-POITOU,86
19940.0,15177.0,1422.7356181150549,1681.4977106647068,-258.7620925496519,86066,CHATELLERAULT,86
21230.0,779.0,1576.0869565217392,1552.9813729832747,23.105583538464543,86103,GENCAY,86
20150.0,561.0,918.8989776701641,1168.385081503935,-249.48610383377093,86120,LATHUS-SAINT-REMY,86
20480.0,1132.0,1397.0588235294117,1413.974950512953,-16.91612698354129,86128,LENCLOITRE,86
20070.0,3219.0,1447.3684210526317,1512.8831503335623,-65.51472928093062,86137,LOUDUN,86
20900.0,1047.0,1233.3333333333333,1262.6266816444431,-29.293348311109867,86140,LUSSAC-LES-CHATEAUX,86
27550.0,2076.0,2185.4368932038833,2333.024245590227,-147.5873523863438,86157,MIGNALOUX-BEAUVOIR,86
23290.0,2483.0,1899.0667833187517,2205.415463530195,-306.3486802114435,86177,NEUVILLE-DE-POITOU,86
24300.0,922.0,1958.6739130434783,2179.632979805824,-220.95906676234586,86209,ROCHES-PREMARIE-ANDILLE,86
24950.0,1233.0,1458.313492063492,1762.2119831029931,-303.8984910395011,86226,SAINT-JULIEN-L'ARS,86
22440.0,982.0,1508.646491519787,1685.6014769531662,-176.95498543337908,86258,SCORBE-CLAIRVAUX,86
25020.0,1222.0,2058.544825313118,2321.9405977342135,-263.39577242109544,86263,SMARVES,86
23200.0,2220.0,1584.8006644518273,1795.7747831846991,-210.97411873287183,86281,SAINT-MARTIN-LA-PALLU,86
22470.0,290.0,1250.0,1325.560431470049,-75.56043147004902,86284,VERNON,86
26950.0,1254.0,1968.3627450980393,2496.898462623969,-528.5357175259296,87019,BOISSEUIL,87
25310.0,873.0,1919.8385885885887,2142.893056919393,-223.0544683308044,87038,CHAPTELAT,87
21990.0,550.0,1498.4848484848485,1591.6002242842553,-93.11537579940682,87046,COGNAC-LA-FORET,87
24920.0,655.0,1883.1460674157304,2088.2350055890147,-205.0889381732843,87107,NIEUL,87
25500.0,1056.0,1455.1129943502824,1760.6828435652806,-305.56984921499816,87156,SAINT-JUST-LE-MARTEL,87
23990.0,710.0,1222.2222222222222,1446.0429991962187,-223.82077697399654,87177,SAINT-PRIEST-SOUS-AIXE,87
25130.0,409.0,1452.3809523809523,1730.2304869463064,-277.84953456535413,88098,CHAUMOUSEY,88
19850.0,2364.0,1017.8547690262546,1214.7138786615308,-196.85910963527613,88304,MIRECOURT,88
27230.0,365.0,1241.1477411477413,1724.6081661752273,-483.46042502748605,88320,NAYEMONT-LES-FOSSES,88
20430.0,3101.0,1083.0540913654618,1476.3060195353735,-393.2519281699117,88321,NEUFCHATEAU,88
22160.0,889.0,1443.8202247191011,1518.6728141021865,-74.85258938308539,88358,POUXEUX,88
20340.0,4044.0,1762.5,2041.7920086173988,-279.2920086173988,88383,REMIREMONT,88
23590.0,1809.0,1396.7785843920146,1680.5580244653002,-283.7794400732855,88429,SAINT-NABORD,88
26190.0,412.0,2232.800925925926,2199.3998837605413,33.40104216538475,88439,SANCHEY,88
18380.0,1092.0,988.6909448818898,1045.5970497855333,-56.906104903643495,88451,SENONES,88
24380.0,666.0,1347.155172413793,1785.7111716540278,-438.55599924023477,88463,TAINTRUX,88
21080.0,4173.0,1324.6274777853723,1683.8684569212182,-359.2409791358459,88465,THAON-LES-VOSGES,88
19090.0,1509.0,1702.127659574468,1636.8904433516248,65.23721622284324,88468,LE THILLOT,88
22760.0,705.0,2604.1666666666665,2291.4999002045556,312.6667664621109,88470,LE THOLY,88
24530.0,2751.0,1248.4756097560976,2098.555406459805,-850.0797967037074,88516,VITTEL,88
24300.0,710.0,2991.0714285714284,2940.2736547899867,50.79777378144172,88531,XONRUPT-LONGEMER,88
22500.0,361.0,1719.3188490898415,1692.0744528593038,27.24439623053763,89018,ARMEAU,89
22720.0,905.0,1507.34394124847,1839.5941831909638,-332.25024194249386,89074,CHAMPIGNY,89
23080.0,1874.0,1525.6804214223002,1815.3453906121756,-289.66496918987536,89263,MONETEAU,89
23360.0,258.0,1515.625,1684.69520617624,-169.07020617623994,89334,LE VAL D OCRE,89
26570.0,1537.0,1701.0566188197768,2045.0312249185351,-343.9746060987584,89346,ST GEORGES SUR BAULCHE,89
20890.0,705.0,1062.3501199040766,1131.10888020692,-68.75876030284348,89370,ST VALERIEN,89
22730.0,696.0,1225.0,2315.7971073281446,-1090.7971073281446,89414,THORIGNY-SUR-OREUSE,89
18850.0,20427.0,1842.0063694267515,2039.0375930281539,-197.03122360140242,90010,BELFORT,90
27530.0,660.0,2784.94623655914,2809.576956324372,-24.630719765232243,91175,CORBREUSE,91
28730.0,4226.0,3118.969465648855,3495.6933733822493,-376.7239077333943,91216,EPINAY SUR ORGE,91
25060.0,1131.0,2992.4418604651164,2918.520380685925,73.92147977919149,91359,MAISSE,91
24880.0,1449.0,2228.9156626506024,2811.62211947232,-582.7064568217174,91390,LE MEREVILLOIS,91
24900.0,8441.0,3636.3636363636365,3430.8719942462817,205.4916421173548,91434,MORSANG-SUR-ORGE,91
25400.0,941.0,3361.904761904762,2959.6291245542334,402.27563735052854,91468,ORMOY,91
27670.0,381.0,2421.0526315789475,2434.7443884227555,-13.69175684380798,91469,ORMOY-LA-RIVIERE,91
25300.0,3121.0,3929.1338582677167,3699.708246478235,229.42561178948154,91479,PARAY-VIEILLE-POSTE,91
29020.0,517.0,2572.191124445838,2926.2798379473256,-354.08871350148775,91599,SOISY-SUR-ECOLE,91
37410.0,785.0,4237.28813559322,4151.728635590482,85.55950000273879,91635,VAUHALLAN,91
25350.0,1967.0,2980.662719633308,2774.307216112569,206.3555035207387,91659,VILLABE,91
30300.0,2885.0,3930.166147455867,3839.400753526524,90.76539392934274,91667,VILLEMOISSON-S-ORGE,91
17210.0,19483.0,3658.5365853658536,3382.9217924854693,275.61479288038436,93010,BONDY,93
17880.0,18276.0,3137.4007936507937,2836.789558101435,300.61123554935875,93031,EPINAY SUR SEINE,93
16130.0,12731.0,2892.561983471074,2842.963454731178,49.59852873989621,93072,STAINS,93
21400.0,6297.0,2864.7286821705425,2598.055861295406,266.6728208751365,94004,BOISSY-SAINT-LEGER,94
20840.0,18246.0,4737.704918032787,3722.3756568858666,1015.3292611469201,94022,CHOISY-LE-ROI,94
32140.0,1730.0,3389.830508474576,3614.0342920890007,-224.20378361442454,94048,MAROLLES-EN-BRIE,94
24670.0,13044.0,4060.6060606060605,3947.594397602825,113.0116630032353,94073,THIAIS,94
24020.0,13182.0,3714.745916515427,3778.435769396397,-63.68985288097019,94079,VILLIERS-SUR-MARNE,94
19490.0,35032.0,4258.679824561403,3811.8759011004017,446.803923461001,94081,VITRY-SUR-SEINE,94
20790.0,4740.0,3547.008547008547,3091.730883550105,455.277663458442,95019,ARNOUVILLE,95
28940.0,2836.0,3714.285714285714,3686.5785401771723,27.70717410854195,95039,AUVERS-SUR-OISE,95
30070.0,329.0,2710.946573751452,2935.3703210745443,-224.42374732309236,95040,AVERNES,95
25320.0,748.0,2280.5474095796676,2256.060401693276,24.48700788639144,95142,CHARS,95
28940.0,1300.0,3375.0,3240.3996080269994,134.60039197300057,95149,CHAUMONTEL,95
28650.0,10606.0,4041.6666666666665,4016.290608845447,25.376057821219547,95176,CORMEILLES-EN-PARISIS,95
25000.0,9868.0,4570.413436692506,4190.383338214248,380.03009847825797,95197,DEUIL LA BARRE,95
28370.0,1214.0,3645.4033430232557,3361.138240298915,284.2651027243405,95256,FREPILLON,95
19140.0,9056.0,3221.343873517787,2612.968954829826,608.3749186879609,95277,GONESSE,95
31670.0,1203.0,3993.0851063829787,3728.3468698897036,264.73823649327505,95369,MARGENCY,95
27430.0,2096.0,3654.5112781954886,3481.6777878366534,172.8334903588352,95392,MERIEL,95
34910.0,948.0,3471.3064516129034,3422.787553837444,48.51889777545921,95580,SAINT-WITZ,95
16520.0,18869.0,3140.4612159329145,3233.3146454848925,-92.85342955197802,95585,SARCELLES,95
30870.0,420.0,2980.769230769231,3273.4439965177316,-292.6747657485007,95658,VIGNY,95
24450.0,790.0,3024.1533180778033,2573.4789944857775,450.67432359202576,17376,ST OUEN D AUNIS,17
27250.0,2408.0,4291.504854368932,4166.707975126558,124.7968792423735,17380,SAINT-PALAIS-SUR-MER,17
22840.0,788.0,1858.0757910228108,2059.602555484079,-201.52676446126816,17387,SAINT-PORCHAIRE,17
22360.0,3689.0,2293.577981651376,2330.2934752877736,-36.715493636397696,17421,SAUJON,17
22200.0,1172.0,2798.8505747126437,2596.0185173580257,202.83205735461797,17425,SEMUSSAC,17
21580.0,322.0,1119.6125,1222.2459147089457,-102.63341470894579,17436,TAILLEBOURG,17
22220.0,772.0,1979.3640183346065,2134.779944856804,-155.41592652219742,17447,LE THOU,17
21650.0,3922.0,2285.714285714286,2250.494898705067,35.219387009218735,17449,TONNAY CHARENTE,17
23170.0,2592.0,3533.3333333333335,3207.538670798745,325.7946625345885,17452,LA TREMBLADE,17
26550.0,2542.0,3700.0,3534.514976932148,165.48502306785213,17461,VAUX-SUR-MER,17
24310.0,943.0,2800.0,2909.684008002645,-109.68400800264499,17466,VERINES,17
23430.0,548.0,3791.6666666666665,3172.570542692059,619.0961239746075,17485,LE GRAND VILLAGE PLAGE,17
21750.0,997.0,1039.1288298265044,1247.2427661598822,-208.11393633337775,18011,ARGENT-SUR-SAULDRE,18
22810.0,400.0,1511.6279069767443,1788.408559165839,-276.7806521890948,18020,BANNAY,18
22110.0,487.0,1144.3298969072166,1269.4561893213358,-125.12629241411923,18030,BLANCAFORT,18
24910.0,215.0,1275.1196172248804,1539.3797068060956,-264.2600895812152,18036,BRINAY,18
25430.0,1586.0,1994.949494949495,2242.848120478332,-247.8986255288371,18050,LA CHAPELLE SAINT URSIN,18
24560.0,854.0,2096.6216216216217,2812.778519453237,-716.1568978316154,18097,FUSSY,18
21090.0,1512.0,956.5217391304348,1225.5755297471114,-269.0537906166767,18108,LA GUERCHE SUR L AUBOIS,18
21400.0,484.0,671.4285714285714,1105.7292808970647,-434.3007094684932,18110,HERRY,18
22390.0,545.0,1178.0714285714284,1457.2038668059802,-279.1324382345517,18125,LERE,18
25700.0,894.0,1639.344262295082,1877.3110416204113,-237.9667793253293,18138,MARMAGNE,18
22240.0,619.0,1136.923076923077,1468.1862905451815,-331.26321362210456,18140,MASSAY,18
22210.0,3171.0,1285.1063829787236,1697.7738487995189,-412.6674658207953,18141,MEHUN-SUR-YEVRE,18
20790.0,640.0,900.0,1136.4438109743046,-236.4438109743046,18160,NERONDES,18
20580.0,895.0,1038.9610389610389,1449.7358270101674,-410.7747880491286,18172,ORVAL,18
22710.0,413.0,1065.9375,1392.8222541561015,-326.8847541561015,18194,RIANS,18
23150.0,309.0,1376.192158247969,1644.0604048289215,-267.8682465809525,18211,SAINT-GEORGES-SUR-MOULON,18
19510.0,1474.0,1017.4266247379455,1152.1102452457026,-134.68362050775704,18242,SANCOINS,18
25760.0,1726.0,1654.9679487179487,2002.4220472130048,-347.4540984950561,18267,TROUY,18
19130.0,12188.0,995.2830188679245,1353.7886525361632,-358.5056336682387,18279,VIERZON,18
21510.0,1515.0,1298.7012987012988,1577.2844352542204,-278.5831365529216,19010,ARGENTAT-SUR-DORDOGNE,19
20230.0,1292.0,1140.435606060606,1256.1133452039328,-115.67773914332679,19028,BORT LES ORGUES,19
21210.0,23282.0,1915.2542372881355,2426.29150356669,-511.0372662785546,19031,BRIVE LA GAILLARDE,19
23700.0,1207.0,1333.3333333333333,2361.7902060760275,-1028.4568727426943,19072,DONZENAC,19
21700.0,759.0,1207.3863636363635,1499.2986707683913,-291.91230713202776,19101,LAGUENNE-SUR-AVALOUZE,19
21660.0,686.0,1394.2099567099567,1477.4145546824052,-83.20459797244848,19148,NEUVIC,19
21340.0,6570.0,1095.4701834862385,1422.8580173147077,-327.3878338284692,19272,TULLE,19
24790.0,574.0,2215.909090909091,2586.909214560217,-371.00012365112616,21005,AISEREY,21
31070.0,349.0,2876.34845091452,2983.7597762426153,-107.41132532809524,21059,BELLEFOND,21
26480.0,527.0,1954.5454545454545,2082.2389045664504,-127.6934500209959,21086,BLIGNY-LES-BEAUNE,21
25070.0,344.0,3115.5017921146955,2744.0832233912647,371.4185687234308,21106,BRETENIERE,21
23490.0,5185.0,2977.2727272727275,3834.7325097595667,-857.4597824868392,21171,CHEVIGNY-SAINT-SAUVEUR,21
27260.0,683.0,2286.2568450803747,2416.4199219990533,-130.1630769186786,21263,FENAY,21
23170.0,1784.0,1578.5018648984667,1862.9540154987035,-284.4521506002368,21317,IS SUR TILLE,21
21870.0,573.0,1524.3902439024391,1575.81344319555,-51.42319929311088,21337,LAMARCHE-SUR-SAONE,21
21690.0,292.0,2000.0,1767.9834332849507,232.0165667150493,21482,PERRIGNY-SUR-L OGNON,21
23480.0,1144.0,2791.423001949318,2203.8368299555686,587.5861719937493,21485,PLOMBIERES-LES-DIJON,21
21600.0,574.0,1655.4621848739496,1665.1538436630913,-9.691658789141684,21496,PONTAILLER-SUR-SAONE,21
22670.0,3799.0,2300.602409638554,2253.8016753088627,46.800734329691295,21515,QUETIGNY,21
25330.0,3599.0,2842.1052631578946,2765.851160063566,76.25410309432846,21540,SAINT-APOLLINAIRE,21
27690.0,652.0,3776.9447047797566,3370.658943246032,406.2857615337248,21555,SAINT JULIEN,21
21900.0,544.0,1592.156862745098,1607.9099217060239,-15.753058960925955,21577,SAINT-USAGE,21
20760.0,1134.0,1008.9285714285714,1407.7254369057607,-398.7968654771893,21584,SAULIEU,21
26660.0,564.0,2939.6464646464647,2790.3098453277344,149.3366193187303,21590,SAVIGNY-LES-BEAUNE,21
23800.0,5218.0,3235.612050845761,3287.6628671262793,-52.05081628051812,21617,TALANT,21
20340.0,1444.0,1478.7837837837837,1726.1202316174947,-247.33644783371096,21663,VENAREY-LES-LAUMES,21
20200.0,495.0,1232.394366197183,1197.6607240231403,34.73364217404264,22005,BELLE ISLE EN TERRE,22
22280.0,1229.0,1947.039072039072,2081.792096258967,-134.753024219895,22020,BROONS,22
26210.0,3623.0,3183.450704225352,3200.409478666887,-16.958774441534842,22055,BINIC-ETABLES-SUR-MER,22
18300.0,3621.0,1536.7516629711752,1640.7496997234616,-103.99803675228645,22070,GUINGAMP,22
22130.0,507.0,2000.0,1679.9601136908625,320.0398863091375,22077,HENANSAL,22
22490.0,923.0,1702.127659574468,1816.9438329981695,-114.81617342370146,22079,HENON,22
23510.0,7950.0,2307.6923076923076,2746.927091649378,-439.23478395707025,22093,LAMBALLE-ARMOR,22
23960.0,745.0,2497.644230769231,2313.1157827530046,184.52844801622632,22117,LANTIC,22
21690.0,1276.0,1660.7142857142858,1706.8545238045067,-46.14023809022092,22147,MERDRIGNAC,22
22590.0,909.0,1502.8225806451615,1710.1226653593412,-207.30008471417977,22155,LA MOTTE,22
23390.0,1178.0,1528.9256198347107,1879.7038354566585,-350.77821562194777,22161,PABU,22
23570.0,1870.0,2281.746031746032,2263.69127888407,18.054752861961788,22171,PLAINTEL,22
21010.0,337.0,1003.8461538461538,1172.2134134282683,-168.36725958211446,22181,PLELAUFF,22
21950.0,1618.0,1421.0526315789473,1662.4879762335504,-241.4353446546031,22183,PLEMET,22
22310.0,1062.0,1429.1666666666667,1632.7063388477923,-203.53967218112552,22185,PLENEE-JUGON,22
23310.0,1873.0,2573.529411764706,2108.273664983553,465.255746781153,22194,PLESTIN-LES-GREVES,22
21840.0,1067.0,1737.9310344827586,1700.3643078561713,37.5667266265873,22207,PLOUARET,22
23310.0,1663.0,2117.5213675213677,1838.4652391724806,279.0561283488871,22211,PLOUBEZRE,22
22150.0,687.0,3309.130727762803,2503.7650312399455,805.3656965228574,22218,PLOUGRESCANT,22
22590.0,2350.0,1700.0,2155.0329171684793,-455.03291716847934,22225,PLOUMAGOAR,22
21410.0,488.0,1177.2388059701493,1291.5068327494416,-114.26802677929231,22254,PRAT,22
20910.0,21641.0,1924.784429280397,2046.7862683161811,-122.00183903578409,22278,SAINT-BRIEUC,22
25800.0,1945.0,2965.315934065934,3005.509422905903,-40.19348883996918,22282,SAINT-CAST-LE-GUILDO,22
23250.0,595.0,2079.7298856099205,2199.3301726399204,-119.60028702999989,22287,SAINT-DONAN,22
23070.0,883.0,2266.25,2233.3920877245337,32.85791227546633,22307,SAINT-JULIEN,22
20940.0,788.0,944.4444444444445,1212.0771598466192,-267.63271540217477,22321,ST NICOLAS DU PELEM,22
22990.0,691.0,2358.490566037736,2166.4120227761277,192.07854326160805,22327,SAINT-SAMSON-SUR-RANCE,22
24280.0,727.0,2687.912087912088,2675.0678259771416,12.84426193494619,22349,TREDREZ-LOCQUEMEAU,22
25800.0,1368.0,2813.3333333333335,2923.088231012082,-109.75489767874842,22353,TREGASTEL,22
25620.0,632.0,2413.7426900584796,2448.096816640015,-34.35412658153518,22363,TRELEVERN,22
23240.0,1343.0,2111.6279069767443,2117.3025017616014,-5.674594784857163,22364,TRELIVAN,22
23230.0,2288.0,1936.5079365079366,2112.2851862451953,-175.77724973725867,22389,YFFINIAC,22
21460.0,663.0,1027.3972602739725,1262.249154919303,-234.8518946453305,23001,AHUN,23
17860.0,1088.0,712.5,942.0706744478755,-229.5706744478755,23030,BOURGANEUF,23
20870.0,694.0,1183.3333333333335,1200.9229646903932,-17.589631357059716,23076,EVAUX LES BAINS,23
20840.0,578.0,1578.9473684210527,1218.115340380726,360.8320280403268,23095,LE GRAND BOURG,23
21270.0,379.0,1013.0718954248366,1260.8227026096738,-247.75080718483719,23168,SARDENT,23
20320.0,565.0,805.3838412880966,1467.0590566250837,-661.6752153369871,23189,SAINT-DIZIER-MASBARAUD,23
23880.0,241.0,1060.5974264705883,1353.3778484678523,-292.78042199726406,24007,ALLEMANS,24
21650.0,828.0,1230.7692307692307,1474.7599029795151,-243.9906722102844,24028,BEAUMONTOIS EN PERIGORD,24
21840.0,301.0,2158.217953364746,1986.1743206412411,172.04363272350474,24042,BIRAS,24
24550.0,924.0,1933.6283185840707,2088.0717145588883,-154.44339597481758,24139,COURSAC,24
21160.0,348.0,1247.8200000000002,1394.2267546873563,-146.40675468735617,24143,COUZE-ET-ST-FRONT,24
22110.0,1131.0,1013.9004629629629,1309.3826653191259,-295.48220235616293,24222,LA FORCE,24
20300.0,155.0,2574.712643678161,2408.0125023152927,166.70014136286818,24240,LIMEUIL,24
20410.0,1145.0,1384.0579710144928,1392.9234803630306,-8.865509348537898,24253,MAREUIL EN PERIGORD,24
21200.0,607.0,2005.8823529411766,1928.5890482682603,77.29330467291629,24289,MONTCARET,24
20610.0,1291.0,1987.9695839874412,1653.0924034187503,334.87718056869085,24291,MONTIGNAC-LASCAUX,24
21420.0,473.0,1369.5652173913045,1335.6186055946416,33.946611796662864,24304,NANTHEUIL,24
19940.0,1840.0,1486.6506493506492,1559.4397146503186,-72.78906529966935,24352,RIBERAC,24
21960.0,72.0,2634.7420634920636,2210.5404752318977,424.20158826016586,24375,SAINT-AUBIN-DE-NABIRAT,24
21540.0,559.0,1621.3213392112475,1684.281641747217,-62.960302535969504,24409,SAINT-FRONT-DE-PRADOUX,24
21160.0,719.0,1607.142857142857,1811.776666845061,-204.63380970220396,24487,ST-PIERRE-D EYRAUD,24
19940.0,437.0,1095.5726239540402,1118.989626627896,-23.417002673855905,24498,ST-SAUD-LACOUSSIERE,24
21280.0,4535.0,2209.625,2210.5480996248657,-0.9230996248656993,24520,SARLAT-LA-CANEDA,24
22450.0,441.0,956.0439560439561,1187.976618009023,-231.93266196506693,24521,SARLIAC-SUR-L ISLE,24
20060.0,1478.0,1215.034965034965,1314.3970121565462,-99.36204712158133,24551,THIVIERS,24
22480.0,693.0,2515.1098901098903,1968.3472854638624,546.762604646028,25021,ARC ET SENANS,25
26870.0,806.0,2612.5,2633.526448791158,-21.026448791158145,25036,AVANNE-AVENEY,25
32280.0,1252.0,3089.3239820767585,3455.4524806965596,-366.1284986198011,25127,CHARQUEMONT,25
20050.0,518.0,833.094512195122,994.5238541979578,-161.42934200283582,25156,PAYS DE CLERVAL,25
21740.0,1587.0,1371.4285714285713,1583.0288281417918,-211.60025671322046,25304,HERIMONCOURT,25
20410.0,1336.0,981.1274509803923,1218.3016487745358,-237.17419779414354,25315,L'ISLE SUR LE DOUBS,25
36430.0,2344.0,3362.5,4328.541115098829,-966.0411150988293,25321,VILLERS LE LAC,25
31270.0,667.0,2822.904255319149,2889.0027490465077,-66.0984937273588,25395,MONTFAUCON,25
26020.0,547.0,2659.6723044397463,2383.124020854959,276.54828358478744,25410,MORRE,25
31230.0,3277.0,2927.254098360656,3127.920818079656,-200.66671971899996,25411,MORTEAU,25
23320.0,1958.0,2073.641975308642,2076.4347920678642,-2.7928167592222053,25434,ORNANS,25
17050.0,1722.0,1452.3809523809523,1387.260590437375,65.12036194357734,25547,SOCHAUX,25
25810.0,1309.0,2319.759036144578,2494.869067468737,-175.11003132415863,25560,THISE,25
19380.0,4314.0,1351.3513513513512,1506.0865130417794,-154.73516169042819,25580,VALENTIGNEY,25
24590.0,1043.0,2314.814814814815,2362.9979528838185,-48.18313806900369,26004,ALIXAN,26
22200.0,1094.0,2155.5555555555557,2107.8584021256634,47.697153429892296,26011,AOUSTE-SUR-SYE,26
21290.0,4967.0,2517.0411985018727,2306.6179806576783,210.42321784419437,26057,BOURG-DE-PEAGE,26
24400.0,374.0,2141.9363636363637,2089.219579433529,52.71678420283479,26077,CHARMES SUR L HERBASSE,26
22390.0,1153.0,2327.2727272727275,2367.8402711465296,-40.56754387380215,26085,CHATEAUNEUF-DU-RHONE,26
22880.0,821.0,1791.2087912087911,1837.8784944152328,-46.66970320644168,26096,CLERIEUX,26
20890.0,2413.0,2491.425304878049,2426.471357464912,64.95394741313658,26113,DIE,26
24560.0,2204.0,2578.9473684210525,2590.6905438168806,-11.743175395828075,26124,ETOILE-SUR-RHONE,26
27810.0,1006.0,3163.265306122449,3128.3984874648872,34.86681865756191,26139,GENISSIEUX,26
22610.0,410.0,2096.7741935483873,2005.8896975193068,90.88449602908054,26162,LENS LESTANG,26
22630.0,3925.0,2411.7175324675327,2327.015568798958,84.70196366857454,26165,LIVRON SUR DROME,26
24710.0,290.0,1715.686274509804,1822.6475216812992,-106.96124717149519,26177,MARSAZ,26
26080.0,1030.0,2935.4545454545455,2782.838477388961,152.6160680655844,26179,MERCUROL-VEAUNES,26
25030.0,1364.0,2684.2105263157896,2794.393682550447,-110.18315623465742,26218,MOURS-SAINT-EUSEBE,26
21680.0,4508.0,2625.4761904761904,2518.990714540992,106.48547593519834,26252,PORTES LES VALENCE,26
24750.0,1460.0,2641.791044776119,3061.3469775661397,-419.5559327900205,26271,LA ROCHE DE GLUN,26
25390.0,537.0,2440.0826446280994,2429.2256523565125,10.856992271586932,26312,SAINT-MARCEL-LES-SAUZET,26
22330.0,2785.0,2388.120418218964,2308.267850449515,79.8525677694488,26347,TAIN L HERMITAGE,26
21160.0,773.0,3170.0,2611.7628690683355,558.2371309316645,26348,TAULIGNAN,26
24210.0,248.0,1600.0,1659.096387569012,-59.096387569011995,26382,ST-VINCENT-LA-COMMANDERIE,26
25410.0,490.0,1883.7606837606838,2202.973527745868,-319.21284398518424,27015,ANDE,27
24010.0,419.0,1656.25,1799.8488720634964,-143.5988720634964,27018,APPEVILLE ANNEBAULT,27
25200.0,522.0,1956.5217391304348,2211.6867674911077,-255.16502836067298,27032,CHAMBOIS,27
22080.0,2104.0,2381.1776061776063,2191.1151122857164,190.06249389188997,27065,BEUZEVILLE,27
23490.0,98.0,2124.031007751938,1451.1866595637534,672.8443481881845,27071,LE BOIS HELLAIN,27
24320.0,456.0,2450.0,1990.4843640474846,459.51563595251537,27073,BOIS LE ROI,27
25160.0,169.0,1793.679437229437,1890.0092775975377,-96.32984036810058,27076,BOISSET LES PREVANCHES,27
21860.0,569.0,1728.062015503876,1661.2569801936024,66.80503531027352,27108,BOURTH,27
19930.0,1925.0,1535.0,1481.1848741311258,53.81512586887425,27116,BRIONNE,27
19590.0,490.0,1230.6726907630523,1245.2829133489481,-14.610222585895826,27117,BROGLIE,27
25100.0,442.0,1903.5501841185915,2098.482329435275,-194.93214531668355,27161,CLAVILLE,27
23390.0,861.0,2275.8838383838383,2267.3514355339757,8.532402849862592,27180,COURCELLES SUR SEINE,27
25250.0,1039.0,1835.566265060241,1986.6686396514976,-151.10237459125665,27191,CLEF VALLEE D'EURE,27
25740.0,261.0,1937.5,2036.2987828773357,-98.79878287733573,27192,CROSVILLE LA VIEILLE,27
22630.0,2354.0,1767.361111111111,2022.6727813779103,-255.31167026679918,27198,MESNILS-SUR-ITON,27
22490.0,1587.0,2038.4615384615386,2433.8516725927416,-395.390134131203,27230,EZY SUR EURE,27
22010.0,441.0,1490.8228627740823,1685.9772704953068,-195.15440772122452,27242,LE FIDELAIRE,27
25270.0,205.0,2314.4829363636363,2138.306975083208,176.1759612804285,27280,GAUCIEL,27
23690.0,535.0,2152.1555555555556,2120.249436530568,31.906119024987674,27302,LE BOSC DU THEIL,27
25380.0,221.0,2092.783505154639,1901.0989913156238,191.68451383901515,27313,LA HARENGERE,27
25590.0,518.0,2249.901960784314,2355.886716080057,-105.98475529574307,27316,HAUVILLE,27
25010.0,379.0,2047.5647249190938,2096.495200881044,-48.93047596195038,27350,ILLIERS L EVEQUE,27
22290.0,1182.0,2331.846846846847,2259.96860604641,71.87824080043674,27355,IVRY LA BATAILLE,27
20030.0,7917.0,1842.736215968886,2078.049969290076,-235.31375332119023,27375,LOUVIERS,27
25570.0,382.0,1929.0626444752659,2128.08522634579,-199.02258187052416,27422,MUIDS,27
21880.0,2030.0,1916.6666666666667,2062.215936996171,-145.54927032950422,27428,LE NEUBOURG,27
24160.0,2270.0,2062.4689518132145,2391.0797576138984,-328.6108058006839,27448,PACY-SUR-EURE,27
19360.0,5067.0,1900.0,1818.5354857581601,81.46451424183988,27467,PONT-AUDEMER,27
23540.0,251.0,1864.8648648648648,1526.151620083116,338.7132447817487,27486,QUITTEBEUF,27
22880.0,254.0,2051.453219677519,1943.0208538211716,108.43236585634736,27487,RADEPONT,27
21250.0,1673.0,1646.2585034013605,1556.8483648464514,89.41013855490905,27507,ST ANDRE DE L EURE,27
25010.0,117.0,1803.5714285714287,1916.6064564062692,-113.03502783484055,27512,ST AUBIN DE SCELLON,27
23850.0,560.0,1710.5882352941176,1773.060271088453,-62.4720357943354,27516,TREIS-SANTS-EN-OUCHE,27
21680.0,176.0,2118.766404199475,1961.740559064806,157.025845134669,27522,ST-CHRISTOPHE-SUR-CONDE,27
24870.0,470.0,1370.2290076335878,2285.8854749038637,-915.6564672702759,27548,ST GERMAIN S AVRE,27
24780.0,554.0,2738.2697947214074,2619.349955911886,118.91983880952148,27598,ST-PIERRE DU VAUVRAY,27
20970.0,484.0,1859.6172248803828,1650.5601850255314,209.05703985485138,27643,TILLIERES SUR AVRE,27
25670.0,421.0,1818.8976377952756,2000.8660562599919,-181.96841846471625,27654,TOURVILLE-LA-CAMPAGNE,27
25020.0,423.0,1392.620865139949,1564.5451438039072,-171.92427866395815,27678,LES VENTES,27
25400.0,345.0,1436.2437185929648,1635.1525874914933,-198.90886889852845,27684,LE VIEIL EVREUX,27
22220.0,297.0,895.5645161290322,1146.9380761637467,-251.3735600347145,27685,LA VIEILLE LYRE,27
25110.0,823.0,2075.172811059908,2188.4776705832132,-113.30485952330537,28006,AMILLY,28
26820.0,468.0,2172.0858895705524,2386.866155213889,-214.78026564333686,28022,BAILLEAU L EVEQUE,28
23350.0,295.0,1704.5454545454545,1757.8234321251366,-53.2779775796821,28047,BOISVILLE LA ST PERE,28
26320.0,836.0,2439.7655640939975,2730.55432468713,-290.78876059313234,28064,BU,28
25090.0,169.0,2608.4033613445376,2332.178447649358,276.22491369517957,28068,CHALLET,28
19300.0,5284.0,1297.2972972972973,1786.4088412590022,-489.1115439617049,28088,CHATEAUDUN,28
25520.0,697.0,2110.0,2090.074261068637,19.925738931362957,28094,CHAUDON,28
22660.0,2563.0,1313.2530120481927,1692.5542197634068,-379.3012077152141,28103,CLOYES-LES-TROIS-RIVIERES,28
22300.0,1255.0,2051.2820512820513,2027.5889833751144,23.693067906936903,28116,COURVILLE SUR EURE,28
28190.0,336.0,2483.2485875706216,2371.6189910746593,111.62959649596223,28137,ECROSNES,28
25770.0,619.0,1577.0591715976332,1755.1187201531773,-178.0595485555441,28154,FONTAINE LA GUYON,28
27360.0,297.0,2219.6012544802866,2169.2022940332763,50.39896044701027,28195,HOUX,28
26710.0,844.0,2653.4073388837496,2879.7765377793066,-226.36919889555702,28201,JOUY,28
19340.0,1584.0,1305.3737402015677,1480.9816326751024,-175.60789247353478,28214,LA LOUPE,28
19390.0,7835.0,2187.5,2081.6978047568236,105.80219524317636,28218,LUCE,28
23890.0,400.0,1594.4444444444443,1690.981030300989,-96.53658585654466,28226,MAILLEBOIS,28
20670.0,4771.0,2051.060554225111,1976.5694309667983,74.49112325831265,28229,MAINVILLIERS,28
21260.0,406.0,1838.2716049382716,1953.4703601649321,-115.19875522666052,28287,ORGERES EN BEAUCE,28
23390.0,165.0,1523.9,1511.6367604634775,12.263239536522633,28304,PRASVILLE,28
22860.0,434.0,1551.215909090909,1965.5044336452813,-414.2885245543723,28331,SAINTIGNY,28
28640.0,883.0,2469.6538643907065,2473.6818980393296,-4.028033648623023,28358,ST PREST,28
22110.0,1168.0,2035.1851851851852,1842.4640419407372,192.72114324444806,28391,TOURY,28
25500.0,735.0,1907.8947368421052,2046.3060807805246,-138.41134393841935,28415,VILLEMEUX SUR EURE,28
21650.0,598.0,2257.0485436893205,1955.244459620053,301.80408406926745,29002,ARZANO,29
22010.0,2627.0,1886.7924528301887,2006.0007318026317,-119.20827897244294,29004,BANNALEC,29
27160.0,1916.0,2778.939075630252,2826.4561876820244,-47.51711205177253,29006,BENODET,29
21910.0,2264.0,2470.593017694883,2317.3895395743525,153.2034781205307,29020,BRIEC,29
27360.0,1725.0,2811.7088607594937,2912.991819173686,-101.28295841419231,29023,CARANTEC,29
23190.0,1796.0,2278.212654924984,2070.3663818634,207.84627306158382,29030,CLEDER,29
24820.0,961.0,2317.857142857143,2234.5047013863277,83.35244147081539,29032,CLOHARS FOUESNANT,29
23350.0,3925.0,2898.3050847457625,2746.014665746061,152.29041899970161,29042,CROZON,29
25810.0,788.0,1873.2293490370844,2166.3953106487434,-293.165961611659,29043,DAOULAS,29
23250.0,885.0,1796.4113181504486,1779.8174061435277,16.593912006920846,29048,EDERN,29
24500.0,3582.0,1734.1880341880342,2167.4646517124374,-433.27661752440326,29051,ERGUE GABERIC,29
23200.0,1467.0,1870.8333333333335,2085.243697892808,-214.4103645594746,29055,LE FOLGOET,29
26760.0,5310.0,3041.6666666666665,4247.709929118179,-1206.0432624515129,29058,FOUESNANT,29
22080.0,505.0,1639.5833333333335,1618.4625793877196,21.120753945613842,29062,GOUEZEC,29
22560.0,982.0,1883.301707779886,1927.9820908855327,-44.68038310564657,29068,GUICLAN,29
24640.0,3333.0,2366.0714285714284,2940.4693455714273,-574.3979169999989,29069,GUILERS,29
22440.0,1531.0,2497.165275761974,2513.211101178522,-16.045825416547814,29072,GUILVINEC,29
25310.0,6488.0,2385.057471264368,2785.288338636015,-400.23086737164704,29075,GUIPAVAS,29
22220.0,609.0,1691.9382504288164,1691.065807372981,0.872443055835447,29079,HENVIC,29
21380.0,757.0,1534.090909090909,1571.9588272398232,-37.867918148914214,29081,LE HUELGOAT,29
22100.0,547.0,1597.36212365741,1727.41893828464,-130.0568146272301,29093,KERNILIS,29
20460.0,443.0,875.0,1715.5422038337854,-840.5422038337854,29102,LANDELEAU,29
23300.0,7169.0,2134.917355371901,2459.2045746179188,-324.2872192460177,29103,LANDERNEAU,29
21840.0,630.0,2326.663201663202,2191.8923689166786,134.7708327465234,29108,LANDUDEC,29
22720.0,1009.0,1795.774647887324,2082.866994775732,-287.0923468884082,29113,LANMEUR,29
23200.0,2444.0,2404.7467118644067,2279.5698630664688,125.17684879793796,29117,LANNILIS,29
25940.0,964.0,2246.4285714285716,2281.663230711452,-35.23465928288033,29137,LOGONNA-DAOULAS,29
26590.0,1521.0,2264.2105263157896,2343.2080916451137,-78.99756532932406,29140,LOPERHET,29
24310.0,1783.0,2520.0,2652.964815070387,-132.96481507038698,29165,PLOBANNALEC LESCONIL,29
20970.0,642.0,1800.0,1693.41491055309,106.58508944690993,29168,PLOGOFF,29
22750.0,1332.0,1918.6046511627908,1994.9626145055624,-76.35796334277165,29169,PLOGONNEC,29
22360.0,1706.0,2022.9527472527475,2129.173753140316,-106.22100588756848,29185,PLOUESCAT,29
25020.0,778.0,1842.0444444444445,1993.709024483755,-151.66458003931052,29186,PLOUEZOC'H,29
21950.0,1423.0,1762.6948924731182,1841.7770673656207,-79.08217489250251,29191,PLOUGONVEN,29
23710.0,897.0,2151.0018214936244,2106.3540168955014,44.647804598123,29201,PLOUMOGUER,29
22530.0,1212.0,1513.7560137457044,1789.1034616801749,-275.34744793447044,29210,PLOUVORN,29
22120.0,1005.0,2299.626168224299,2138.968463606949,160.65770461734974,29225,POULDREUZIC,29
21830.0,774.0,943.4,2114.7561014921225,-1171.3561014921224,29227,POULLAOUEN,29
24340.0,729.0,1928.8865546218487,2115.1264396119445,-186.2398849900958,29237,LA ROCHE MAURICE,29
25030.0,634.0,1786.6004962779157,1841.185862351627,-54.585366073711384,29245,ST DIVY,29
23140.0,326.0,1733.6206896551726,1906.397802271981,-172.77711261680838,29248,SAINT-FREGANT,29
22260.0,3419.0,2094.5945945945946,2216.0661140947827,-121.47151950018815,29259,SAINT-POL-DE-LEON,29
24930.0,3504.0,2524.7524752475247,2625.049600177189,-100.29712492966428,29260,SAINT RENAN,29
23310.0,478.0,1958.8055555555557,2106.670808083305,-147.86525252774936,29263,SAINT-SEGAL,29
21310.0,325.0,1200.0,1481.468951632853,-281.4689516328531,29267,SAINT THOIS,29
24020.0,1022.0,2415.7303370786517,2415.9062639784215,-0.17592689976982,29280,TELGRUC-SUR-MER,29
23320.0,25864.0,4084.140435835351,3622.8713044069505,461.26913142840067,2A004,AJACCIO,2A
27810.0,1308.0,4006.3571907636297,3497.1316607249155,509.22553003871417,2A006,ALATA,2A
18910.0,71.0,1199.3705528188286,1444.2198552445498,-244.84930242572113,2A026,AZILONE-AMPAZA,2A
27450.0,1489.0,4428.826388888889,4160.940514691927,267.8858741969616,2A032,BASTELICACCIA,2A
20410.0,1425.0,2500.0,2040.7314620477948,459.2685379522052,2B251,PRUNELLI DI FIUMORBO,2B
19750.0,507.0,1300.0,1243.8169587031446,56.183041296855436,30026,AVEZE,30
19620.0,764.0,2280.5555555555557,1870.3795053709753,410.1760501845804,30029,BARJAC,30
18300.0,6931.0,2600.0,2026.6512518521517,573.3487481478483,30032,BEAUCAIRE,30
22380.0,1009.0,2082.520325203252,2215.0472729418443,-132.5269477385923,30039,BEZOUCE,30
24000.0,2680.0,2782.4074074074074,2688.99983885317,93.40756855423751,30047,BOUILLARGUES,30
19320.0,599.0,1778.409090909091,1334.3707724968099,444.0383184122811,30051,BRANOUX-LES-TAILLADES,30
19710.0,303.0,2025.0,1964.7273369682962,60.272663031703814,30052,BREAU-MARS,30
24450.0,711.0,3288.659793814433,3098.385262155105,190.2745316593282,30057,CABRIERES,30
21630.0,1041.0,2412.492585792967,2043.1540971073243,369.3384886856427,30061,LA CALMETTE,30
19870.0,195.0,2330.654761904762,1907.027052855893,423.62770904886884,30065,CANAULES-ET-ARGENTIERES,30
22440.0,516.0,2412.4579124579122,1989.1331826991625,423.32472975874975,30085,COLLIAS,30
20190.0,340.0,1750.0,1998.6923034122565,-248.69230341225648,30106,DURFORT-ET-SAINT-MARTIN-DE-,30
21680.0,430.0,1477.2727272727273,1618.0929940985238,-140.82026682579658,30116,FOURNES,30
23590.0,1201.0,2825.833333333333,1932.990737571969,892.842595761364,30117,FOURQUES,30
23020.0,304.0,2552.3584905660377,2289.886345402724,262.4721451633136,30122,GAJAN,30
22230.0,2023.0,2496.9487577639748,2323.4964412684913,173.4523164954835,30125,GARONS,30
23110.0,1743.0,2250.0,2176.534507808777,73.46549219122289,30128,GENERAC,30
20290.0,424.0,2043.7656313029447,1702.0664970382848,341.69913426465996,30130,GENOLHAC,30
27220.0,961.0,2358.490566037736,2461.2432485801614,-102.75268254242565,30138,LANGLADE,30
22960.0,2348.0,2471.5561224489793,2401.520435761986,70.03568668699336,30141,LAUDUN-L ARDOISE,30
21000.0,509.0,1877.45879851143,1714.6031436930782,162.8556548183517,30142,LAVAL-PRADEL,30
22900.0,1011.0,2565.8715399610137,2342.0797617593707,223.79177820164296,30166,MEYNES,30
23410.0,619.0,2130.5056179775283,1931.8503408655854,198.65527711194295,30178,MONTFAUCON,30
21270.0,265.0,2343.75,2293.9734896652467,49.77651033475331,30183,MOULEZAN,30
20330.0,4742.0,2163.4545454545455,2077.4121177778816,86.04242767666392,30202,PONT ST ESPRIT,30
27500.0,1771.0,3062.859354268023,2983.0864814353954,79.7728728326274,30206,POULX,30
21020.0,1449.0,2068.5589519650657,1856.841555742555,211.71739622251062,30210,QUISSAC,30
19700.0,1046.0,1750.0,1539.16588489063,210.83411510937003,30212,REMOULINS,30
23320.0,735.0,2765.866666666667,2522.7214750321623,243.1451916345045,30228,SAINTE-ANASTASIE,30
24070.0,362.0,1857.142857142857,1783.859575568091,73.28328157476608,30256,SAINT-GERVAIS,30
22250.0,2071.0,2361.904761904762,2475.3629567381145,-113.45819483335254,30259,SAINT-HILAIRE-DE-BRETHMAS,30
20390.0,114.0,1645.0063025210084,1875.9253581596574,-230.91905563864907,30297,SAINT - SAUVEUR - CAMPRIEU,30
19930.0,856.0,2222.222222222222,1910.1547082864533,312.06751393576883,30311,SAUVE,30
23900.0,372.0,3000.0,2433.9798617613906,566.0201382386094,30324,SOUVIGNARGUES,30
24260.0,856.0,2608.720588235294,2766.150774305125,-157.43018606983105,30326,TAVEL,30
22350.0,453.0,2498.241666666667,2227.570759763822,270.67090690284476,30328,THEZIERS,30
18040.0,649.0,2555.0462962962965,2145.539615057816,409.5066812384807,30339,VAL D'AIGOUAL,30
23140.0,1231.0,2647.0588235294117,2804.678482427634,-157.6196588982225,30356,RODILHAN,30
28200.0,1084.0,2223.7447357723577,3101.719186616903,-877.9744508445451,31004,AYGUESVIVES,31
26070.0,3052.0,2778.6448420251236,3264.59097516163,-485.94613313650643,31032,AUSSONNE,31
25190.0,656.0,2921.5715686274507,2459.92283212975,461.6487364977006,31052,BEAUMONT SUR LEZE,31
24650.0,3349.0,3008.145363408521,3014.485052572969,-6.339689164447918,31056,BEAUZELLE,31
19490.0,696.0,1365.0892857142858,1278.0413513202993,87.04793439398645,31080,BOULOGNE-SUR-GESSE,31
22730.0,339.0,2026.1455108359132,1916.0873555389576,110.05815529695565,31093,LE BURGAUD,31
24710.0,1095.0,2995.5483584738245,2658.86209310745,336.6862653663743,31106,CARAMAN,31
22590.0,2604.0,2307.5032765399737,2230.1519794659625,77.3512970740112,31107,CARBONNE,31
23790.0,4959.0,2894.025687597302,3159.2994592791565,-265.27377168185467,31116,CASTELGINEST,31
28780.0,1669.0,3140.449438202247,3092.5743095220073,47.87512868023987,31117,CASTELMAUROU,31
20080.0,2321.0,1647.7272727272727,1613.4372036380585,34.290069089214285,31135,CAZERES SUR GARONNE,31
22210.0,1229.0,2155.1724137931033,2298.8216167106534,-143.64920291755016,31145,CINTEGABELLE,31
27860.0,2135.0,2363.762962962963,2553.003897589062,-189.24093462609926,31188,FONTENILLES,31
23640.0,288.0,2124.0785256410254,2233.1840665876634,-109.10554094663803,31231,GRAZAC,31
27030.0,795.0,2276.126126126126,2465.674505861744,-189.5483797356178,31252,LABASTIDE ST SERNIN,31
23290.0,3900.0,2880.2899686520377,2751.6532154242454,128.63675322779227,31282,LAUNAGUET,31
26280.0,4207.0,2940.0,3082.764008375017,-142.76400837501706,31291,LEGUEVIN,31
24570.0,1204.0,2702.197802197802,2798.5750244165083,-96.37722221870627,31293,LESPINASSE,31
20830.0,1098.0,1708.5106382978724,1852.4070421870458,-143.89640388917337,31324,MARTRES TOLOSANE,31
21660.0,1448.0,1397.0588235294117,1660.965333600017,-263.90651007060524,31375,MONTESQUIEU VOLVESTRE,31
26170.0,8466.0,2967.032967032967,3103.9860694205586,-136.95310238759157,31424,PLAISANCE DU TOUCH,31
23030.0,3973.0,2529.2929292929293,2521.777888306315,7.515040986614167,31433,PORTET SUR GARONNE,31
24600.0,6657.0,3127.795918367347,3174.8349222303186,-47.03900386297164,31446,RAMONVILLE ST AGNE,31
25940.0,5259.0,2888.6363636363635,3714.704472185694,-826.0681085493306,31488,ST JEAN,31
24340.0,4091.0,2513.3333333333335,2898.1288033157866,-384.79546998245314,31499,ST LYS,31
26820.0,3519.0,2731.3829787234044,2833.931422219878,-102.54844349647374,31526,LA SALVETAT ST GILLES,31
25150.0,1275.0,2536.7924528301887,2660.2876150974434,-123.49516226725473,31574,VERNET,31
21800.0,10947.0,1575.1633986928105,2441.770245546123,-866.6068468533126,32013,AUCH,32
20810.0,3131.0,1641.1655011655012,1749.2332242081145,-108.06772304261335,32132,FLEURANCE,32
22490.0,509.0,1300.0,1402.6938974164027,-102.6938974164027,32162,JEGUN,32
25840.0,116.0,2047.7077687443539,2392.0001367489813,-344.2923680046274,32247,MAURENS,32
24250.0,1128.0,1772.0498084291187,2235.2880782438165,-463.2382698146978,32307,PAVIE,32
20330.0,825.0,1000.0,1905.3993552183813,-905.3993552183813,32344,RISCLE,32
21060.0,872.0,2316.7194092827003,2007.3266509033524,309.3927583793479,33001,ABZAC,33
25300.0,452.0,3056.0,1929.7682885971483,1126.2317114028517,33028,BARON,33
23360.0,14473.0,3791.269841269841,3517.8392777766803,273.43056349316066,33039,BEGLES,33
21930.0,531.0,2200.408163265306,2066.0007877683784,134.40737549692767,33040,BEGUEY,33
23710.0,2620.0,2653.3333333333335,2672.450682302523,-19.117348969189607,33042,BELIN-BELIET,33
24400.0,4749.0,3350.925925925926,2913.7196493247857,437.2062766011404,33051,BIGANOS,33
19750.0,2400.0,2049.4206724090027,1973.9448298695281,75.47584253947457,33058,BLAYE,33
21100.0,1001.0,1715.686274509804,1766.1468632486656,-50.46058873886159,33067,BOURG,33
20240.0,1231.0,1767.2727272727273,1594.3237211020785,172.94900617064877,33081,CADILLAC-SUR-GARONNE,33
25260.0,679.0,2380.9523809523807,2350.8376496355845,30.114731316796224,33084,CAMBES,33
26100.0,2655.0,3463.917525773196,2890.711550522903,573.2059752502928,33090,CANEJAN,33
15750.0,1542.0,1187.5,1163.0711704546115,24.428829545388453,33108,CASTILLON-LA-BATAILLE,33
21550.0,494.0,1366.9064748201438,1536.127060139291,-169.22058531914718,33111,CAUDROT,33
22410.0,2252.0,2609.7457627118642,2291.3265684161856,318.4191942956786,33140,CREON,33
23010.0,1082.0,1770.2702702702702,2362.01821177013,-591.74794149986,33143,CUBZAC LES PONTS,33
18560.0,848.0,1447.0588235294117,1345.8989449193305,101.15987861008125,33154,LES EGLISOTTES ET CHALAURES,33
22490.0,1378.0,1900.0,2172.5750426292743,-272.5750426292743,33179,GALGON,33
22700.0,563.0,1799.4152046783624,1950.3304554754823,-150.91525079711982,33183,GAURIAGUET,33
18940.0,593.0,1611.9042000943841,1531.0738534035872,80.83034669079689,33187,GIRONDE-SUR-DROPT,33
25980.0,11083.0,3483.1056793673615,3627.143880090026,-144.03820072266444,33192,GRADIGNAN,33
22970.0,858.0,3074.71875,2723.3142599236635,351.4044900763365,33193,GRAYAN-ET-L HOPITAL,33
23480.0,2021.0,3138.235294117647,3048.1189211188284,90.1163729988184,33203,HOURTIN,33
21100.0,265.0,1573.0337078651685,1519.4601471833303,53.57356068183822,33204,HURE,33
21290.0,1021.0,1934.7913322632426,1399.5188341008682,535.2724981623744,33233,LARUSCADE,33
28920.0,1532.0,2962.365591397849,2925.7488984812026,36.61669291664657,33234,LATRESNE,33
26710.0,4802.0,3817.77575895223,3796.087887303237,21.68787164899277,33236,LEGE-CAP-FERRET,33
23290.0,341.0,2393.532338308458,1754.7779573823707,638.7543809260872,33237,LEOGEATS,33
25760.0,2202.0,2709.5238095238096,2809.5882429620997,-100.06443343829005,33256,LUDON MEDOC,33
23770.0,1259.0,2386.198945981555,2398.50806957696,-12.309123595405254,33268,MARGAUX CANTENAC,33
23770.0,1259.0,2386.198945981555,2398.50806957696,-12.309123595405254,33268,MARGAUX-CANTENAC,33
24770.0,35344.0,3666.6666666666665,3979.151127036495,-312.4844603698284,33281,MERIGNAC,33
19460.0,679.0,1905.3221288515406,1736.1679100544718,169.15421879706878,33289,MONSEGUR,33
20460.0,439.0,1859.7285067873304,1661.3398112923244,198.388695495006,33296,MOULIETS-ET-VILLEMARTIN,33
23890.0,713.0,1923.076923076923,1682.7243331386032,240.35258993831985,33297,MOULIS-EN-MEDOC,33
22120.0,444.0,3079.4444444444443,2516.155868506648,563.2885759377964,33300,NAUJAC-SUR-MER,33
23910.0,4631.0,3170.731707317073,3054.2703295823203,116.46137773475266,33312,PAREMPUYRE,33
25940.0,26442.0,3664.3199233716477,3908.6209746535314,-244.3010512818837,33318,PESSAC,33
26940.0,2819.0,3187.5,3580.2074923979862,-392.70749239798624,33322,LE PIAN MEDOC,33
19760.0,2076.0,1633.3333333333335,1742.0967563550118,-108.76342302167836,33324,PINEUILH,33
21470.0,930.0,1575.5734406438633,1688.0663824564876,-112.4929418126244,33337,PREIGNAC,33
21380.0,657.0,1558.0357142857142,1522.4937277227632,35.541986562951024,33348,QUEYRAC,33
27670.0,870.0,3147.8260869565215,2996.3863538383753,151.43973311814625,33349,QUINSAC,33
18000.0,2005.0,1926.785393056305,1779.4631334333267,147.32225962297844,33352,LA REOLE,33
22530.0,5409.0,2401.9607843137255,2402.9056898738604,-0.9449055601348846,33366,SAINT-ANDRE-DE-CUBZAC,33
22030.0,327.0,1508.7719298245613,1739.9632795157609,-231.19134969119955,33388,SAINT-CIERS-DE-CANESSE,33
21210.0,737.0,1526.3157894736842,1283.644316930548,242.67147254313613,33395,SAINT-ESTEPHE,33
14050.0,1177.0,885.5,1108.2630126526174,-222.76301265261736,33402,SAINTE-FOY-LA-GRANDE,33
23950.0,809.0,2186.7763157894738,1933.6049369833825,253.1713788060913,33415,SAINT GERVAIS,33
27540.0,3711.0,3568.394160583942,3648.16367714529,-79.76951656134815,33422,SAINT JEAN D ILLAC,33
24300.0,4081.0,2714.285714285714,3250.1948587310744,-535.9091444453602,33433,SAINT LOUBES,33
21620.0,893.0,2353.746993746994,2119.3209005390318,234.42609320796237,33437,SAINT-MAGNE-DE-CASTILLON,33
26740.0,14039.0,3546.785321907273,3794.173142790121,-247.3878208828478,33449,SAINT MEDARD EN JALLES,33
23960.0,565.0,1851.851851851852,1987.651267739963,-135.79941588811107,33471,SAINT-SAUVEUR,33
27000.0,1283.0,3117.2558922558924,2694.1695195917814,423.08637266411097,33474,SAINT SELVE,33
21280.0,384.0,1617.7631578947369,1658.878893615685,-41.11573572094812,33477,ST-SEURIN-DE-CURSAC,33
27530.0,1297.0,3214.285714285714,2815.2067531699304,399.07896111578384,33501,SAUCATS,33
22210.0,626.0,2583.3333333333335,2256.106001644995,327.2273316883384,33505,LA SAUVE,33
27210.0,4457.0,3315.8333333333335,3458.0912187509734,-142.25788541763995,33519,LE TAILLAN MEDOC,33
24470.0,4189.0,4336.503039233745,2772.7681865818795,1563.7348526518654,33527,LE TEICH,33
21740.0,1229.0,2338.4322678843228,2237.467516220821,100.96475166350183,33533,TOULENNE,33
25960.0,2185.0,2818.181818181818,2793.868517672953,24.313300508864813,33535,TRESSES,33
22130.0,208.0,1347.9214050343248,1237.6926633143,110.2287417200248,33537,UZESTE,33
21840.0,1467.0,3914.4736842105262,1442.1854500487327,2472.2882341617933,33540,VENDAYS-MONTALIVET,33
22280.0,556.0,2244.0588235294117,1971.6276867276442,272.4311368017675,33541,VENSAC,33
21370.0,417.0,1825.0,1923.0719372941412,-98.07193729414121,33543,VERDELAIS,33
22160.0,482.0,2581.3137755102043,2504.2125920512453,77.10118345895899,33553,VIRSAC,33
21060.0,566.0,2466.0102843315185,2074.3728249652345,391.637459366284,34002,ADISSAN,34
20410.0,16947.0,2994.8453608247423,2754.5376867313817,240.30767409336067,34003,AGDE,34
24440.0,1107.0,3309.386842105263,3003.169771512623,306.2170705926401,34024,BALARUC LE VIEUX,34
27020.0,903.0,3600.0,2467.198616857231,1132.8013831427688,34027,BEAULIEU,34
21880.0,632.0,2265.5311355311355,2153.6570556904403,111.87407984069523,34036,LE BOSC,34
22000.0,303.0,2643.495131415184,2265.1661533414194,378.3289780737646,34047,CAMPAGNAN,34
21810.0,1184.0,2594.1176470588234,2377.5012957243925,216.61635133443087,34063,CAUX,34
20990.0,2171.0,1399.0666666666666,1533.0504212848934,-133.98375461822684,34069,CAZOULS-LES-BEZIERS,34
22290.0,283.0,1258.7301587301588,1302.2216185851166,-43.49145985495784,34070,CEBAZAN,34
21500.0,1074.0,1875.0,1841.871392052127,33.12860794787298,34074,CESSENON-SUR-ORB,34
25900.0,4066.0,3822.441109026475,3765.73245130569,56.708657720784686,34090,LE CRES,34
21500.0,473.0,1956.5217391304348,1940.3689998362588,16.152739294175944,34103,FONTES,34
22830.0,2645.0,3037.8947368421054,2884.9758784838486,152.91885835825678,34113,GIGEAN,34
21810.0,2673.0,3047.4117647058824,1892.2634811550204,1155.148283550862,34114,GIGNAC,34
24100.0,3764.0,2540.960227272727,2671.15407088028,-130.19384360755294,34116,GRABELS,34
20040.0,753.0,1500.0,1387.1648570415593,112.83514295844066,34119,HEREPIAN,34
24270.0,1368.0,3465.705128205128,3209.887883139348,255.81724506577984,34127,LANSARGUES,34
18790.0,244.0,1594.3396226415093,1476.4151669979622,117.92445564354716,34141,LA LIVINIERE,34
18140.0,3717.0,2027.2727272727273,1837.5135201727198,189.75920710000742,34142,LODEVE,34
20880.0,4193.0,3421.5839243498817,2270.4278620479536,1151.1560623019282,34150,MARSEILLAN,34
22070.0,1051.0,2303.921568627451,1215.7325243944463,1088.1890442330048,34155,MAUREILHAN,34
21470.0,5646.0,3377.8985507246375,2048.143195261115,1329.7553554635224,34157,MEZE,34
22230.0,1191.0,2261.818181818182,2123.902276722367,137.9159050958151,34166,MONTBLANC,34
19670.0,124297.0,3704.8192771084337,3369.816849437031,335.00242767140253,34172,MONTPELLIER,34
21120.0,1339.0,1634.3690476190477,1582.253175565691,52.115872053356725,34178,MURVIEL-LES-BEZIERS,34
25830.0,722.0,2731.979436405179,2665.85957481692,66.11986158825903,34179,MURVIEL-LES-MONTPELLIER,34
18780.0,773.0,1856.1535513541135,1221.2634329737057,634.8901183804078,34189,OLONZAC,34
17250.0,143.0,1067.3621134020618,1400.8456683387162,-333.4835549366544,34190,OUPIA,34
20570.0,1739.0,2532.291666666667,2316.546207988144,215.74545867852294,34194,PAULHAN,34
18750.0,3913.0,2358.425925925926,2089.7659852482116,268.65994067771453,34199,PEZENAS,34
21800.0,800.0,2661.4583333333335,2312.423886201357,349.0344471319763,34203,PINET,34
21510.0,1184.0,2319.022289766971,2106.231062677959,212.79122708901195,34207,POMEROLS,34
22900.0,516.0,2434.153249850924,2279.2365078084667,154.91674204245737,34223,PUIMISSON,34
20670.0,1426.0,2051.1363636363635,1888.1277534747,163.00861016166346,34225,PUISSERGUIER,34
27160.0,1670.0,3866.740740740741,3577.1663132377207,289.57442750302016,34240,SAINT-AUNES,34
22740.0,404.0,2532.857142857143,1660.745273888233,872.1118689689101,34241,SAINT-BAUZILLE-DE-LA-SYLVE,34
22270.0,2481.0,2918.5729847494554,2691.121332049222,227.45165270023335,34298,SAUVIAN,34
19960.0,22712.0,3597.560975609756,3245.941464479139,351.61951113061696,34301,SETE,34
22730.0,1577.0,3105.5555555555557,2685.6478208348235,419.90773472073215,34333,VIC-LA-GARDIOLE,34
20500.0,2066.0,2155.714285714286,2012.4325462039924,143.2817395102934,34336,VILLENEUVE-LES-BEZIERS,34
26660.0,633.0,3475.803517283202,3228.5706339143926,247.23288336880933,34340,VILLETELLE,34
25150.0,674.0,2091.6623188405797,2492.18996091821,-400.5276420776304,35002,AMANLIS,35
21700.0,453.0,1491.8803418803418,1973.3615039686736,-481.48116208833176,35018,LA BAZOUGE DU DESERT,35
21050.0,795.0,1323.4782608695652,1419.4900722100535,-96.0118113404883,35019,BAZOUGES-LA-PEROUSE,35
24780.0,1868.0,2346.5192551840883,2523.325075600866,-176.8058204167778,35023,BEDEE,35
22750.0,706.0,1933.3333333333333,2009.8905183776599,-76.55718504432662,35027,BOISGERVILLY,35
24630.0,1793.0,2613.861386138614,2609.441352421798,4.420033716815851,35032,BOURGBARRE,35
25250.0,8057.0,3150.8021390374333,3546.4506400642385,-395.6485010268052,35047,BRUZ,35
22910.0,591.0,1834.8623853211009,2067.4287748890474,-232.56638956794654,35057,LA CHAPELLE BOUEXIC,35
23890.0,3975.0,2812.3711340206187,2759.2712446373184,53.09988938330025,35066,CHARTRES-DE-BRETAGNE,35
21820.0,332.0,1252.4096385542168,1389.6823149889938,-137.27267643477694,35075,CHAUVIGNE,35
26570.0,916.0,2626.923076923077,2423.037897983727,203.88517893935023,35079,CHEVAIGNE,35
25920.0,5939.0,3908.735852064403,3752.862683378451,155.8731686859519,35093,DINARD,35
22030.0,704.0,1887.4643874643875,1968.4397774937213,-80.97539002933377,35094,DINGE,35
22980.0,738.0,2377.0491803278687,2294.1715480845983,82.87763224327045,35097,DOMALAIN,35
26730.0,1424.0,2720.08547008547,3026.377058668846,-306.29158858337587,35099,DOMLOUP,35
23730.0,976.0,1990.1361681796466,2016.160621116765,-26.02445293711844,35109,ETRELLES,35
21560.0,1080.0,2535.588309397833,2197.879889131142,337.70842026669106,35116,LA FRESNAIS,35
25190.0,2355.0,2794.059795436664,2548.6805300421543,245.37926539450973,35120,GEVEZE,35
23750.0,815.0,3310.0411132194813,2804.9945220676454,505.04659115183586,35122,LA GOUESNIERE,35
20490.0,668.0,1379.6639486039041,1507.8130762516375,-128.1491276477334,35145,LANGON,35
22310.0,741.0,2238.421558350804,2042.2629452089855,196.15861314181848,35171,MEDREAC,35
22370.0,3194.0,1919.642857142857,1990.5587177455122,-70.91586060265513,35176,GUIPRY-MESSAC,35
22330.0,1847.0,2449.090909090909,2405.867826684052,43.223082406856975,35179,MINIAC-MORVAN,35
23640.0,2667.0,2372.0588235294117,2689.864370079389,-317.8055465499774,35184,MONTAUBAN-DE-BRETAGNE,35
26530.0,757.0,2600.099213379633,2454.0244670127586,146.07474636687448,35193,MONTREUIL-LE-GAST,35
23020.0,952.0,2027.272727272727,2060.98821234122,-33.71548506849285,35195,MONTREUIL-SUR-ILLE,35
23950.0,3612.0,2849.462365591398,3085.6137418777294,-236.15137628633147,35196,MORDELLES,35
24350.0,2256.0,2173.2037499999997,2407.5448405152974,-234.34109051529776,35208,ORGERES,35
24220.0,493.0,2061.6526546996893,1856.4770495907933,205.17560510889598,35212,PANCE,35
23260.0,1112.0,2500.0,2459.291980578253,40.70801942174694,35221,PLECHATEL,35
21110.0,892.0,1927.8350515463917,1592.682136821357,335.15291472503463,35222,PLEINE-FOUGERES,35
25370.0,1414.0,2317.8712871287125,2430.206577292199,-112.33529016348666,35227,PLEUMELEUC,35
20880.0,459.0,1112.6962560386473,1444.7490393157923,-332.05278327714495,35237,RENAC,35
21120.0,483.0,2061.5365334001754,1871.187882037455,190.34865136272037,35247,ROZ-SUR-COUESNON,35
20230.0,468.0,1290.3225806451612,1439.6005446639836,-149.27796401882233,35249,SAINTE-ANNE-SUR-VILAINE,35
24090.0,979.0,2275.610482430018,2315.6697054765614,-40.05922304654359,35250,SAINT-ARMEL,35
24390.0,1465.0,2307.6923076923076,2439.9369527935764,-132.24464510126882,35253,SAINT-AUBIN-DU-CORMIER,35
24660.0,526.0,2246.9827586206898,2173.5650712318693,73.41768738882047,35283,SAINT-JEAN-SUR-VILAINE,35
22080.0,541.0,1864.406779661017,1843.7114712395187,20.69530842149834,35300,SAINT-M'HERVE,35
23150.0,519.0,2093.4321418192385,1991.9770139833383,101.45512783590016,35310,SAINT-SAUVEUR-DES-LANDES,35
20830.0,251.0,985.7142857142857,1336.128566396003,-350.4142806817173,35311,SAINT-SEGLIN,35
24770.0,1038.0,2266.3934426229507,2452.9154300759587,-186.52198745300802,35331,TALENSAC,35
25640.0,799.0,2535.7142857142853,2179.645431889204,356.06885382508153,35356,VIGNOC,35
23500.0,482.0,2201.157894736842,1993.9340375590243,207.22385717781776,35361,LE VIVIER SUR MER,35
20680.0,2075.0,1094.3396226415093,2155.640498029319,-1061.3008753878098,36031,BUZANCAIS,36
20300.0,21098.0,1382.716049382716,1665.379327173481,-282.66327779076505,36044,CHATEAUROUX,36
20310.0,2104.0,1354.1666666666667,1553.5811599225274,-199.41449325586063,36046,LA CHATRE,36
20710.0,457.0,980.5986696230598,1064.3737641398889,-83.77509451682909,36123,MEZIERES-EN-BRENNE,36
22860.0,715.0,1222.2222222222222,1362.038682906608,-139.8164606843859,36128,MONTIERCHAUME,36
21580.0,916.0,1053.5714285714287,1758.8178950958368,-705.2464665244081,36171,REUILLY,36
20060.0,512.0,933.3333333333334,1089.6282479923075,-156.2949146589741,36224,TOURNON-SAINT-MARTIN,36
20210.0,470.0,865.6716417910447,981.0307952285839,-115.35915343753913,36229,VAL-FOUZON,36
21650.0,1194.0,1235.733695652174,1680.910556011422,-445.17686035924794,36241,VILLEDIEU-SUR-INDRE,36
22160.0,5974.0,2400.0,2439.518549656955,-39.5185496569552,37003,AMBOISE,37
26660.0,1336.0,1784.1726618705036,2118.770697886623,-334.5980360161195,37015,AZAY SUR CHER,37
22210.0,473.0,1385.8363080061195,1885.1516690814155,-499.3153610752961,37045,LA CELLE SAINT AVANT,37
25710.0,1397.0,2321.260271260271,2456.5151717571316,-135.2549004968605,37054,CHANCEAUX-SUR-CHOISILLE,37
21900.0,299.0,1687.5,1753.171518792609,-65.67151879260905,37068,CHEMILLE SUR DEME,37
23940.0,1088.0,2237.2881355932204,2533.9205335027764,-296.63239790955595,37091,LA CROIX EN TOURAINE,37
22650.0,250.0,2364.180871212121,2309.840833506209,54.34003770591198,37096,DIERRE,37
25360.0,2424.0,2569.4444444444443,2808.0838370303854,-238.6393925859411,37104,ESVRES,37
23710.0,592.0,1938.2716049382716,1911.9425660474253,26.329038890846277,37110,FRANCUEIL,37
21200.0,3184.0,1936.8777379530068,1774.1026571742439,162.7750807787629,37132,LOCHES,37
25500.0,347.0,2345.0,2165.1541180025924,179.84588199740756,37138,LUSSAULT SUR LOIRE,37
22650.0,421.0,1684.7826086956522,1691.393675088388,-6.611066392735665,37141,LUZILLE,37
27460.0,837.0,2292.106892091648,2406.9429122914717,-114.83602019982345,37152,METTRAY,37
24360.0,1845.0,2505.1546391752577,2575.72170638828,-70.56706721302226,37153,MONNAIE,37
25100.0,3267.0,2288.8877163360066,2550.7144171685177,-261.82670083251105,37159,MONTS,37
25460.0,1784.0,2857.1428571428573,2800.639568054639,56.50328908821848,37172,NOTRE-DAME-D OE,37
22580.0,276.0,1928.1057586586035,1703.182110743853,224.92364791475052,37178,PANZOULT,37
23890.0,1123.0,1976.7870302137067,2067.7237600757176,-90.9367298620109,37250,SORIGNY,37
26460.0,2817.0,2562.962962962963,3252.5161557246,-689.5531927616371,37266,VEIGNE,37
26140.0,1797.0,2210.3658536585367,2320.3594590152584,-109.99360535672167,37267,VERETZ,37
25110.0,1205.0,2515.151515151515,2636.431668467609,-121.28015331609413,37270,VERNOU-SUR-BRENNE,37
20340.0,239.0,859.6153846153845,1090.4415252148447,-230.82614059946013,37277,VILLELOIN COULANGE,37
26470.0,1438.0,2199.68992248062,2525.5892227017416,-325.8993002211214,37281,VOUVRAY,37
20710.0,699.0,955.4527750730283,1205.5115983544717,-250.05882328144344,37282,YZEURES SUR CREUSE,37
23490.0,460.0,2549.69702467344,2245.7265293886835,303.97049528475645,38005,ALLEMOND,38
32380.0,1326.0,4408.730158730159,3823.8239489440475,584.9062097861115,38039,BERNIN,38
26030.0,603.0,2313.422818791946,2290.071392029395,23.351426762551,38043,BILIEU,38
28740.0,650.0,2681.818181818182,2722.4508109679277,-40.63262914974575,38067,CHAMAGNIEU,38
26820.0,562.0,3677.9661016949153,3110.3430947220395,567.6230069728758,38070,LE CHAMP-PRES-FROGES,38
23720.0,998.0,2271.25,2264.425474655338,6.824525344662106,38072,CHANAS,38
26050.0,1224.0,2586.9620253164558,2644.155316015074,-57.19329069861806,38075,CHAPAREILLAN,38
23010.0,1771.0,3046.1421916592726,2072.5578092852893,973.5843823739833,38097,CHAVANOZ,38
37560.0,1636.0,3230.9966216216217,3681.5650381326345,-450.56841651101286,38126,CORENC,38
21420.0,2362.0,2028.3720930232557,1863.1823641857213,165.1897288375344,38130,LA COTE-SAINT-ANDRE,38
29600.0,2255.0,3760.108695652174,3324.7093542074053,435.39934144476865,38133,COUBLEVIE,38
24360.0,1638.0,3180.761455525607,2901.626088079963,279.1353674456436,38138,CREMIEU,38
24830.0,567.0,1488.888888888889,1763.754325023771,-274.865436134882,38152,ECLOSE-BADINIERES,38
23160.0,788.0,1929.93125,1900.115217540512,29.816032459488042,38155,ENTRE-DEUX-GUIERS,38
26800.0,887.0,2493.6448979591837,2468.0983121638915,25.54658579529223,38160,EYZIN-PINET,38
23580.0,449.0,1948.051948051948,1936.509217189267,11.542730862681083,38174,LA FRETTE,38
26010.0,3139.0,4087.5,2573.228601519423,1514.2713984805769,38179,GIERES,38
25920.0,943.0,2932.1782178217823,2406.2208499073695,525.9573679144128,38181,GONCELIN,38
27310.0,571.0,1964.7715988083414,2146.6400848640073,-181.86848605566593,38184,GRENAY,38
28020.0,837.0,2700.8024390243904,2704.6177330303326,-3.815294005942178,38199,JARDIN,38
28660.0,752.0,2885.9687697493155,3117.2686949950494,-231.2999252457339,38223,MAUBEC,38
24720.0,3293.0,2763.7684275184274,2837.0311239272723,-73.26269640884493,38239,MOIRANS,38
21780.0,1507.0,2267.8571428571427,2235.7332220096687,32.12392084747398,38247,MONTALIEU-VERCIEU,38
23700.0,789.0,2359.937207322265,2351.1421378133136,8.795069508951201,38256,MONTFERRAT,38
21210.0,2339.0,1666.6666666666667,1809.2253631119875,-142.55869644532072,38269,LA MURE,38
22680.0,752.0,2096.318106312292,2078.0325685761277,18.285537736164315,38297,ARANDON-PASSINS,38
20220.0,4370.0,3454.5454545454545,2852.7086863855434,601.8367681599111,38317,LE PONT-DE-CLAIX,38
19800.0,2436.0,3124.901960784314,2668.8499337967874,456.05202698752646,38318,PONT-EVEQUE,38
23490.0,457.0,2624.1617996971663,2083.3027668806994,540.8590328164669,38335,REVEL-TOURDAN,38
25300.0,665.0,1563.9880952380952,1695.2041097452718,-131.21601450717662,38343,ROMAGNIEU,38
21080.0,3591.0,2205.128205128205,2086.6146813841983,118.51352374400676,38344,ROUSSILLON,38
21140.0,485.0,1678.8321167883212,1705.0023420454097,-26.170225257088532,38347,ROYBON,38
23450.0,1439.0,2279.569892473118,2143.703514309116,135.86637816400207,38377,SAINT-CLAIR-DE-LA-TOUR,38
27370.0,976.0,3276.1178215723667,3004.8838833102027,271.233938262164,38388,SAINT-GEORGES-DE-COMMIERS,38
24370.0,212.0,1684.5959595959596,1972.6280136677688,-288.03205407180917,38390,SAINT-GERVAIS,38
23000.0,831.0,2630.013368983957,2454.5161890375666,175.4971799463906,38394,SAINT-HILAIRE-DU-ROSIER,38
20880.0,3813.0,1786.423593827775,1909.491574769323,-123.06798094154806,38416,SAINT-MARCELLIN,38
21160.0,13676.0,3191.891891891892,3049.3875700875997,142.50432180429243,38421,SAINT-MARTIN-D'HERES,38
21420.0,2471.0,2378.890325146664,2001.3620478284276,377.5282773182364,38425,SAINT-MAURICE-L'EXIL,38
22830.0,277.0,1648.888888888889,1672.6223777058449,-23.73348881695597,38446,SAINT-PIERRE-D'ENTREMONT,38
26180.0,1303.0,3046.1714285714284,2994.2596585821693,51.91176998925903,38451,SAINT-ROMAIN-DE-JALIONAS,38
23700.0,742.0,2557.065217391304,2295.4008606559532,261.6643567353508,38453,SAINT-ROMANS,38
24760.0,688.0,2321.7391304347825,2543.9220755130077,-222.1829450782252,38483,SERMERIEU,38
29300.0,3291.0,4250.0,4087.089113955498,162.91088604450215,38486,SEYSSINS,38
19150.0,3426.0,1794.4444444444443,1783.032363633409,11.412080811035366,38509,LA TOUR-DU-PIN,38
28170.0,1318.0,3292.5144787644786,2999.349594736102,293.1648840283765,38511,LE TOUVET,38
23390.0,3212.0,2235.3174603174602,2578.767521156512,-343.45006083905173,38517,TULLINS,38
23630.0,933.0,2508.214285714286,2412.758707504853,95.45557820943259,38543,VEZERONCE-CURTIN,38
21320.0,13737.0,3016.4356984478936,3010.0968707530637,6.338827694829888,38544,VIENNE,38
26090.0,3493.0,3076.923076923077,3065.1239436214732,11.799133301603888,38545,VIF,38
21580.0,3930.0,2650.0,1801.5736146781592,848.4263853218408,39097,CHAMPAGNOLE,39
21700.0,672.0,2314.1,2123.0967458005816,191.00325419941828,39154,CLAIRVAUX-LES-LACS,39
23590.0,557.0,1674.1299460431655,1584.5049876927092,89.62495835045638,39190,DAMPIERRE,39
22870.0,995.0,1598.7467588591182,1807.5983017157541,-208.8515428566359,39286,LAVANS-LES-SAINT-CLAUDE,39
20580.0,8660.0,1978.8831615120275,2133.8563496272063,-154.9731881151788,39300,LONS LE SAUNIER,39
28060.0,199.0,2412.8456790123455,2327.5041421856545,85.34153682669103,39348,MONTAIGU,39
22840.0,1487.0,1516.8870192307693,2093.332256166504,-576.4452369357348,39362,MONTMOROT,39
20700.0,232.0,1558.5497835497836,1540.320766195315,18.229017354468624,39385,NEUBLANS-ABERGEMENT,39
23050.0,748.0,1428.5714285714287,1677.3062231123135,-248.73479454088488,39397,ORGELET,39
21530.0,1688.0,2156.8627450980393,1918.8346445642903,238.028100533749,39434,POLIGNY,39
21670.0,1053.0,1269.2307692307693,1588.3132619992473,-319.082492768478,39475,SAINT-AMOUR,39
23800.0,451.0,1656.25,1956.0047817422371,-299.7547817422371,39501,SAMPANS,39
23720.0,1807.0,1851.3513513513512,1982.2133819287535,-130.86203057740227,39526,TAVAUX,39
23490.0,288.0,1315.6065345846368,1342.0617725800923,-26.45523799545549,39547,VAUX-LES-SAINT-CLAUDE,39
27390.0,401.0,1222.2222222222222,1688.774721098171,-466.5524988759489,39579,VIRY,39
21510.0,477.0,1729.7271812924314,1707.6481474614297,22.079033831001652,40080,CAZERES-SUR-L ADOUR,40
22470.0,601.0,1631.2962962962963,1556.7010112431738,74.59528505312255,40104,GAMARDE LES BAINS,40
22250.0,1049.0,1374.011075949367,1910.7783300798314,-536.7672541304644,40117,GRENADE-SUR-L'ADOUR,40
22380.0,767.0,3503.734939759036,2811.571546908142,692.1633928508941,40155,LINXE,40
23190.0,213.0,2173.913043478261,2037.8249328701174,136.08811060814355,40162,LUCBARDEZ-ET-BARGUE,40
22580.0,1044.0,2932.934131736527,2530.056876428871,402.877255307656,40168,MAGESCQ,40
21440.0,414.0,3142.7458617332036,2611.6410404764556,531.104821256748,40182,MEZOS,40
24400.0,723.0,3655.4805149003705,3198.0220199192154,457.4584949811551,40187,MOLIETS-ET-MAA,40
21660.0,187.0,1434.319947288112,1553.0874266978017,-118.76747940968971,40218,PARLEBOSCQ,40
22230.0,692.0,1771.6859047619046,1807.2073255752925,-35.52142081338798,40228,POMAREZ,40
21820.0,731.0,3647.790697674419,3096.523362473393,551.2673352010261,40229,PONTENX LES FORGES,40
23650.0,1273.0,2200.9345794392525,2307.5654055644536,-106.63082612520111,40230,PONTONX-SUR-L ADOUR,40
23130.0,1257.0,3520.8725368364994,3071.1554458954197,449.71709094107973,40261,ST-GEOURS-MAREMNE,40
23770.0,2695.0,3744.189158667419,3306.397572854837,437.79158581258207,40273,ST-MARTIN-DE-SEIGNANX,40
22660.0,567.0,2366.0389489542713,2128.968679472792,237.0702694814795,40274,SAINT-MARTIN-D ONEY,40
25330.0,743.0,4298.642588235294,2217.4962217841767,2081.1463664511175,40291,SAUBION,40
23910.0,326.0,2692.3076923076924,1805.1453003888303,887.1623919188621,40315,TETHIEU,40
22660.0,927.0,2253.012048192771,2086.8245361877734,166.18751200499764,40332,YCHOUX,40
19360.0,21571.0,1690.3113922503362,1862.9406418785502,-172.62924962821398,41018,BLOIS,41
24550.0,609.0,1881.326949384405,2257.5739946197755,-376.2470452353705,41029,CANDE-SUR-BEUVRON,41
26300.0,1163.0,1895.424836601307,2233.9915144365978,-338.56667783529065,41031,CELLETTES,41
23670.0,465.0,1764.5900000000001,1828.35496114981,-63.76496114980978,41046,CHAUMONT SUR THARONNE,41
22580.0,468.0,1818.4157601821403,1565.1254886281606,253.29027155397966,41051,CHISSAY EN TOURAINE,41
22470.0,3055.0,1585.4048964218455,1950.6116473514148,-365.20675092956935,41059,LE CONTROIS-EN-SOLOGNE,41
23530.0,606.0,1890.7563025210084,1567.6311808340845,323.1251216869239,41061,CORMERAY,41
23450.0,482.0,1345.2380952380952,1763.0661859795882,-417.82809074149304,41084,LA FERTE IMBAULT,41
20380.0,937.0,1324.1512625347348,1418.4173039241268,-94.26604138939206,41097,GIEVRES,41
23440.0,348.0,1607.546689303905,1674.1142686987491,-66.56757939484419,41125,MARCILLY EN GAULT,41
20110.0,696.0,1172.7272727272727,1247.5015642326057,-74.77429150533294,41143,MONDOUBLEAU,41
22650.0,637.0,1533.3333333333333,1704.9233290811262,-171.58999574779295,41157,MUR DE SOLOGNE,41
24010.0,1053.0,1600.78125,1842.0763833804224,-241.29513338042239,41158,NAVEIL,41
22070.0,565.0,1500.0,1643.6028984288264,-143.6028984288264,41159,NEUNG SUR BEUVRON,41
22010.0,726.0,1346.264367816092,2195.43644810936,-849.1720802932678,41180,PONTLEVOY,41
20810.0,8494.0,1356.2571756601608,2437.7425003961866,-1081.4853247360259,41194,ROMORANTIN-LANTHENAY,41
20970.0,310.0,1125.0,1293.6187894170164,-168.6187894170164,41214,SAINT HILAIRE LA GRAVELLE,41
22330.0,274.0,1359.5238095238096,1502.0467571666966,-142.52294764288695,41225,SAINT MARTIN DES BOIS,41
23240.0,1491.0,1703.2967032967033,1819.5554400593685,-116.2587367626652,41226,SAINT OUEN,41
21560.0,651.0,1464.5833333333335,1699.0001196555293,-234.41678632219578,41229,SAINT ROMAIN SUR CHER,41
21070.0,906.0,1325.301204819277,1385.2735855340638,-59.97238071478682,41238,SAVIGNY SUR BRAYE,41
19930.0,1989.0,1388.3116883116884,1542.3837393790845,-154.07205106739616,41242,SELLES SUR CHER,41
21030.0,7884.0,1749.5389387207645,1912.5027636554487,-162.96382493468423,41269,VENDOME,41
21330.0,516.0,1279.7202797202797,1354.1445081797099,-74.4242284594302,41275,LA VILLE AUX CLERCS,41
23220.0,260.0,2252.7272727272725,2131.078049870114,121.64922285715875,42041,CHAMBEON,42
18610.0,5095.0,1805.612244897959,1812.7964883341492,-7.184243436190172,42044,LE CHAMBON-FEUGEROLLES,42
24760.0,1259.0,2528.9565217391305,2569.3959694273103,-40.439447688179825,42056,CHAVANAY,42
21810.0,2526.0,2214.3996789727125,2192.6335690546393,21.766109918073198,42059,CHAZELLES SUR LYON,42
19020.0,7711.0,2219.372584002379,2081.378462414104,137.994121588275,42095,FIRMINY,42
23910.0,756.0,2088.59649122807,2009.8274748749034,78.76901635316676,42120,LENTIGNY,42
23100.0,530.0,1949.3223443223442,1819.995258192518,129.32708612982628,42126,LURIECQ,42
21930.0,199.0,1427.4626865671642,1434.4862879625227,-7.0236013953585825,42153,NEAUX,42
22010.0,533.0,2002.9761904761904,1996.3245318393926,6.65165863679772,42156,NEULISE,42
21330.0,703.0,1708.75,1232.6173785479011,476.1326214520989,42159,NOIRETABLE,42
23440.0,875.0,2126.5700483091787,2167.166502337894,-40.59645402871547,42176,POUILLY-LES-NONAINS,42
22620.0,656.0,1813.4328358208954,1858.9252122662426,-45.49237644534719,42193,ROZIER-EN-DONZY,42
24590.0,843.0,2358.785046728972,2515.932453007127,-157.14740627815536,42199,SAINT-ANDRE-D APCHON,42
23910.0,388.0,1082.4742268041236,1403.0329857040406,-320.55875889991694,42212,SAINT-CYR-DE-FAVIERES,42
19010.0,74412.0,2069.122279495991,2405.1495634311686,-336.0272839351778,42218,SAINT-ETIENNE,42
24970.0,2721.0,2409.572784810127,2422.2151835896366,-12.642398779509676,42223,SAINT GENEST LERPT,42
25430.0,1204.0,2638.822161952731,2668.909518775591,-30.087356822859874,42224,SAINT-GENEST-MALIFAUX,42
23950.0,2723.0,2147.7011494252874,2914.8309647639862,-767.1298153386988,42237,SAINT-JEAN-BONNEFONDS,42
24450.0,658.0,2141.509433962264,2261.026929143474,-119.5174951812096,42267,SAINT-NIZIER-SOUS-CHARLIEU,42
27970.0,554.0,2009.438775510204,2227.4679912573865,-218.02921574718243,42270,SAINT-PAUL-EN-CORNILLON,42
26190.0,6430.0,2399.21875,2728.1961307281586,-328.97738072815855,42279,SAINT-JUST-SAINT-RAMBERT,42
22060.0,3648.0,2302.6315789473683,2343.543264604702,-40.91168565733369,42316,UNIEUX,42
20770.0,662.0,1758.0645161290322,1758.4091303636078,-0.3446142345756016,42318,USSON-EN-FOREZ,42
23540.0,3442.0,2083.3333333333335,2409.259188403083,-325.92585506974956,42330,VILLARS,42
21030.0,1222.0,2305.326688815061,2053.7971654472212,251.52952336783983,43051,LE CHAMBON SUR LIGNON,43
20800.0,953.0,1241.1764705882354,1309.957827941612,-68.78135735337673,43080,CRAPONNE-SUR-ARZON,43
22920.0,361.0,1573.611111111111,1542.547453926496,31.063657184615067,43110,LAMOTHE,43
20940.0,197.0,1418.272714099406,1545.8511777257183,-127.57846362631244,43186,SAINT-FRONT,43
22700.0,945.0,1884.9706744868035,1871.7855993572346,13.185075129568986,43213,SAINT-PAL-DE-MONS,43
22440.0,2461.0,1934.2105263157896,2024.8512382298752,-90.64071191408561,43224,SAINTE-SIGOLENE,43
21260.0,1423.0,1314.655172413793,1391.7780716648297,-77.12289925103664,43244,TENCE,43
22750.0,2970.0,2639.2717889908254,2511.750589066434,127.52119992439157,44005,CHAUMES-EN-RETZ,44
20090.0,1097.0,1425.5914755282643,1407.748549670453,17.842925857811224,44007,AVESSAC,44
22340.0,421.0,2475.922953451043,2348.446906569092,127.47604688195133,44016,LA BOISSIERE-DU-DORE,44
25390.0,3405.0,3017.2581146140706,2957.275145462436,59.982969151634734,44018,BOUAYE,44
23020.0,1105.0,1923.501795084231,2157.2516507374025,-233.7498556531716,44022,BOUSSAY,44
27830.0,8365.0,3300.970873786408,3302.926284124688,-1.9554103382802168,44026,CARQUEFOU,44
24800.0,2546.0,2864.5833333333335,2383.212887128145,481.3704462051883,44041,CHEVROLIERE (LA),44
23060.0,873.0,2183.8749126484977,2179.544061927875,4.330850720622493,44053,DREFFEAC,44
28490.0,10344.0,4000.0,4040.6944717185247,-40.69447171852471,44055,LA BAULE-ESCOUBLAC,44
22520.0,1280.0,2416.6666666666665,1833.305053557452,583.3616131092144,44061,FROSSAY,44
22320.0,744.0,1504.8543689320388,1621.448001107271,-116.59363217523219,44062,LE GAVRE,44
20550.0,2373.0,1508.663842895649,1628.8367326212365,-120.17288972558754,44067,GUEMENE PENFAO,44
24380.0,1848.0,2717.8602243313203,2657.2099739855303,60.65025034579003,44074,INDRE,44
24330.0,3407.0,2634.223300970874,2779.4334221604677,-145.2101211895938,44084,LOROUX-BOTTEREAU (LE),44
25880.0,1296.0,2598.3347688774047,2637.1860778482146,-38.851308970809896,44094,MAUVES-SUR-LOIRE,44
23070.0,2262.0,2322.047244094488,2615.0910786033196,-293.0438345088314,44098,MISSILLAC,44
24310.0,971.0,4137.163561076604,3374.716117974932,762.4474431016724,44106,LES MOUTIERS-EN-RETZ,44
23020.0,734.0,1698.9795918367347,1935.4043218608945,-236.42473002415977,44107,MOUZEIL,44
24130.0,1112.0,1758.6206896551726,1837.068863600477,-78.44817394530446,44108,MOUZILLON,44
24170.0,141228.0,3711.5913120567375,3818.4121568833298,-106.82084482659229,44109,NANTES,44
23330.0,872.0,1782.5396825396824,1856.959138406818,-74.41945586713564,44111,NOTRE DAME DES LANDES,44
27140.0,11614.0,3120.0,3343.4023759061765,-223.40237590617653,44114,ORVAULT,44
23370.0,2256.0,2741.935483870968,2480.016109274384,261.919374596584,44120,PELLERIN (LE),44
24560.0,1425.0,2253.082795067528,2552.3402163071955,-299.25742123966756,44122,PETIT MARS,44
21410.0,314.0,1136.111111111111,1557.7362816634327,-421.6251705523216,44124,PIN (LE),44
26140.0,1329.0,3574.741484184915,2771.671917670633,803.0695665142821,44125,PIRIAC-SUR-MER,44
24890.0,1250.0,2349.450159066808,2383.5281839107583,-34.078024843950516,44133,PORT SAINT PERE,44
25610.0,2743.0,3818.181818181818,3500.001869833064,318.1799483487539,44135,LE POULIGUEN,44
24440.0,1337.0,2558.139534883721,2428.6194074985506,129.52012738517033,44137,PRINQUIAU,44
20690.0,907.0,1749.107142857143,1604.7169448274572,144.39019802968573,44144,RIAILLE,44
25410.0,1590.0,2566.3716814159293,2452.39207160031,113.97960981561937,44150,SAINT-AIGNAN-GRANDLIEU,44
21410.0,713.0,1312.5,1352.6956401742436,-40.195640174243636,44153,SAINT-AUBIN-DES-CHATEAUX,44
22760.0,921.0,2826.923076923077,1626.6423596806503,1200.2807172424268,44164,SAINT-HILAIRE-DE-CHALEONS,44
23200.0,828.0,1865.1685393258426,1912.2926491581084,-47.12410983226573,44173,SAINT-LUMINE-DE-CLISSON,44
22730.0,1405.0,2162.162162162162,2184.8609287756235,-22.69876661346143,44176,SAINT-MALO-DE-GUERSAC,44
24010.0,1055.0,2520.6440957886043,2272.0427639058526,248.60133188275177,44178,SAINT-MARS-DE-COUTAIS,44
22290.0,1963.0,3000.0,2127.9616167072545,872.0383832927455,44187,SAINT-PERE-EN-RETZ,44
20480.0,588.0,1429.641812865497,1492.5060810959144,-62.86426823041734,44193,SAINT-VINCENT-DES-LANDES,44
21100.0,760.0,2043.4782608695652,1898.772331133561,144.70592973600424,44196,SEVERAC,44
19840.0,730.0,1423.5207100591715,1278.5942479335495,144.92646212562204,44197,SION LES MINES,44
26560.0,4321.0,3358.931201346518,3334.1710087683455,24.760192578172337,44204,THOUARE-SUR-LOIRE,44
21650.0,739.0,2190.4761904761904,1988.819229726983,201.65696074920743,44206,TOUVOIS,44
21930.0,381.0,1688.888888888889,1697.323448205087,-8.434559316198147,44207,TRANS-SUR-ERDRE,44
27760.0,3907.0,3112.0689655172414,3887.5819635901053,-775.5129980728639,44209,TREILLIERES,44
21630.0,777.0,1582.2784810126582,1692.7496051025093,-110.47112408985117,44214,VAY,44
27590.0,11076.0,3244.7848761408086,3355.598472495744,-110.81359635493527,44215,VERTOU,44
28250.0,2458.0,2918.583752695902,3177.820225414324,-259.23647271842174,44217,VIGNEUX DE BRETAGNE,44
21740.0,840.0,1656.09375,1665.995200882162,-9.901450882161953,45008,ARTENAY,45
21250.0,855.0,1495.2132196162047,1522.311994068631,-27.09877445242637,45030,BEAUNE-LA-ROLANDE,45
21120.0,2310.0,1261.5384615384614,1476.028790759275,-214.49032922081346,45053,BRIARE,45
26420.0,1579.0,1931.8181818181818,2298.1368329998636,-366.31865118168184,45067,CHAINGY,45
23880.0,4474.0,2043.1998556998558,2369.1906441126184,-325.99078841276264,45075,LA CHAPELLE ST MESMIN,45
22410.0,529.0,1301.3736263736264,1454.0195972758988,-152.64597090227244,45097,CHUELLES,45
25550.0,1469.0,2089.510714285714,2450.8645394265204,-361.3538251408063,45098,CLERY-SAINT-ANDRE,45
22590.0,1198.0,1709.6774193548388,1875.9900715344972,-166.31265217965847,45104,CORQUILLEROY,45
27290.0,1133.0,2259.283940397351,2572.079925669494,-312.79598527214284,45126,DONNERY,45
20980.0,680.0,1470.910138248848,2033.2211589296237,-562.3110206807758,45129,DOUCHY-MONTCORBON,45
22730.0,1653.0,1809.7619047619048,2058.2333864327566,-248.47148167085174,45145,FERRIERES-EN-GATINAIS,45
21170.0,9054.0,2207.7049117125453,2205.4362953081395,2.2686164044057477,45147,FLEURY LES AUBRAIS,45
19830.0,6104.0,1415.3846153846155,1692.1518101131212,-276.76719472850573,45155,GIEN,45
23880.0,1917.0,2173.913043478261,2325.0463660213923,-151.13332254313127,45173,JARGEAU,45
27840.0,676.0,1852.7934714375392,2130.5871625389877,-277.79369110144853,45175,JOUY-LE-POTIER,45
21630.0,1376.0,1848.4848484848485,1861.7257459047435,-13.240897419894964,45187,LORRIS,45
21540.0,3298.0,1876.1904761904761,1969.2957558968337,-93.10527970635758,45191,LE MALESHERBOIS,45
24430.0,102.0,1378.1183178902352,1560.4404890935816,-182.32217120334644,45242,OUZOUER-DES-CHAMPS,45
21820.0,934.0,1662.1776732975761,2009.4784308441415,-347.30075754656536,45248,PATAY,45
23730.0,450.0,1361.6,2134.1776834663942,-772.5776834663943,45271,SAINT-BRISSON-SUR-LOIRE,45
23710.0,500.0,1328.5714285714287,1486.9424331023495,-158.3710045309208,45293,SAINT-MAURICE-SUR-FESSARD,45
27180.0,1674.0,2288.4444444444443,3499.00356545383,-1210.5591210093858,45300,SANDILLON,45
22440.0,597.0,1044.4444444444443,1200.530781276461,-156.08633683201674,45329,TRIGUERES,45
21200.0,373.0,1664.475806451613,1491.692295054742,172.78351139687084,46064,CATUS,46
21420.0,2220.0,1689.7163120567375,1781.4115671438092,-91.6952550870717,46127,GOURDON,46
22330.0,1604.0,1500.0,1792.6805401471618,-292.68054014716176,46128,GRAMAT,46
21380.0,362.0,1381.896551724138,1510.1603167353069,-128.26376501116897,46145,LACHAPELLE-AUZAC,46
20520.0,304.0,1339.9550224887557,1472.6636282569425,-132.70860576818677,46215,PAYRAC,46
23280.0,1610.0,1419.4139194139193,1673.1286956686845,-253.71477625476518,46224,PRADINES,46
21860.0,497.0,1640.625,1570.0538346790565,70.57116532094346,46229,PUYBRUN,46
20250.0,909.0,1594.2028985507245,1612.5911855219395,-18.38828697121494,46231,PUY-L EVEQUE,46
21940.0,424.0,1079.7101449275362,1098.3074107293858,-18.597265801849517,46268,SAINT GERY-VERS,46
23300.0,76.0,2089.3913580246913,1896.1399200442,193.25143798049135,46289,SAINT-PIERRE-TOIRAC,46
21780.0,689.0,1898.6866791744842,1807.4343368626826,91.25234231180161,46334,LE VIGAN EN QUERCY,46
20820.0,853.0,1303.921568627451,1464.0837716554736,-160.16220302802253,47015,ASTAFFORT,47
21040.0,1330.0,1216.2162162162163,1370.235455833053,-154.01923961683678,47027,BIAS,47
19440.0,574.0,1214.9532710280373,1405.441158422454,-190.4878873944167,47048,CANCON,47
20380.0,2300.0,1727.2727272727273,1634.2314129321605,93.04131434056671,47052,CASTELJALOUX,47
19650.0,574.0,1037.7110389610389,1073.1454463625028,-35.434407401463886,47057,CASTILLONNES,47
22250.0,440.0,2712.282608695652,2343.723155102689,368.5594535929631,47060,CAUDECOSTE,47
25560.0,2346.0,1777.6699029126214,2154.677262028474,-377.00735911585275,47100,FOULAYRONNES,47
19750.0,258.0,972.8381374722837,1115.3529986586382,-142.51486118635444,47111,GRANGES SUR LOT,47
23000.0,1617.0,1400.0,1695.7718125450308,-295.7718125450308,47145,LAYRAC,47
21050.0,299.0,1052.5357142857142,1221.9913344509273,-169.45562016521308,47147,LEVIGNAC DE GUYENNE,47
21290.0,1035.0,1328.6770007209805,1400.9667284509144,-72.28972772993393,47175,MONFLANQUIN,47
21400.0,261.0,2162.162162162162,1954.5233083196442,207.63885384251785,47221,REAUP-LISSE,47
21140.0,1434.0,1589.8743691613872,1590.030075379044,-0.15570621765687065,47233,SAINTE BAZEILLE,47
23720.0,129.0,1439.6592009803921,2314.489551252813,-874.8303502724207,47251,SAINT LEON,47
18720.0,489.0,1341.4634146341464,1300.1006601260224,41.362754508124,47283,SAINT VITE,47
21960.0,374.0,2631.8070175438597,2298.5517240859517,333.255293457908,47315,TRENTELS,47
19420.0,11144.0,1428.5714285714287,1574.9265684366883,-146.35513986525962,47323,VILLENEUVE SUR LOT,47
21490.0,409.0,1624.7625,1589.237080937454,35.52541906254601,48094,MASSEGROS CAUSSES GORGES,48
21180.0,207.0,1558.8972431077696,1579.4917459616197,-20.594502853850145,48104,NASBINALS,48
19680.0,286.0,1333.3333333333333,1301.8932309071256,31.44010242620766,48116,PONT DE MONTVERT SUD MONT LOZE,48
22670.0,636.0,869.5652173913044,1330.7153562029791,-461.15013881167476,48132,SAINT-ALBAN-SUR-LIMAGNOLE,48
22270.0,1833.0,1320.2247191011236,1651.8283753430414,-331.60365624191786,48140,ST CHELY D APCHER,48
21770.0,738.0,1577.9816513761468,1842.421813782953,-264.44016240680617,49003,TUFFALUN,49
20990.0,359.0,1694.2934782608695,1598.8057905703631,95.48768769050639,49008,ANGRIE,49
21170.0,4634.0,1414.4062688366485,1776.1888004974246,-361.78253166077616,49018,BAUGE EN ANJOU,49
23280.0,1111.0,2152.9411764705883,2088.2299630055572,64.71121346503105,49026,BECON-LES-GRANITS,49
20940.0,862.0,1411.764705882353,1236.970419635294,174.79428624705884,49041,BRAIN-SUR-ALLONNES,49
23790.0,4426.0,2191.150442477876,2467.121827838707,-275.97138536083094,49050,BRISSAC LOIRE AUBANCE,49
20160.0,1248.0,1513.8339920948615,1580.767636094495,-66.93364399963343,49054,CANDE,49
22970.0,719.0,1834.5970695970695,1784.7823817539136,49.81468784315598,49068,CHAMPTOCE-SUR-LOIRE,49
22260.0,396.0,1644.4444444444443,1788.4081831983974,-143.96373875395307,49082,CHAUDEFONDS-SUR-LAYON,49
22030.0,419.0,1463.3734939759038,1566.3122526332313,-102.93875865732753,49089,CHAZE-SUR-ARGOS,49
21960.0,1171.0,2185.185185185185,2056.149020938535,129.03616424665006,49160,INGRANDES-LE FRESNE SUR LOIRE,49
21790.0,1926.0,1944.4444444444443,1956.3804922064894,-11.936047762045064,49183,VAL D'ERDRE-AUXENCE,49
24540.0,834.0,2253.0594405594406,2311.200264493299,-58.14082393385843,49222,MOZE-SUR-LOUET,49
24300.0,2727.0,2913.978494623656,2568.047382673121,345.93111195053507,49223,MURS-ERIGNE,49
22990.0,976.0,2201.8348623853212,2176.2846369170047,25.550225468316512,49259,ROCHEFORT-SUR-LOIRE,49
23420.0,4233.0,3253.012048192771,2667.809427533354,585.2026206594169,49267,SAINT-BARTHELEMY-D ANJOU,49
24060.0,803.0,2306.756230529595,2314.502060726302,-7.74583019670672,49271,SAINT-CLEMENT-DE-LA-PLACE,49
25780.0,1082.0,2082.6847290640394,2226.3415937294144,-143.656864665375,49294,SAINT-LAMBERT-LA-POTHERIE,49
26580.0,1439.0,2648.809523809524,2668.4845332974905,-19.67500948796669,49298,SAINT-LEGER-DE-LINIERES,49
21480.0,7521.0,1516.7272727272727,1810.9765872478374,-294.24931452056467,49331,SEGRE-EN-ANJOU BLEU,49
24570.0,1659.0,1927.710843373494,2175.2489739971443,-247.5381306236502,49332,LA SEGUINIERE,49
24610.0,1333.0,1862.7450980392157,2028.599871557202,-165.85477351798636,49343,LA TESSOUALLE,49
22710.0,2393.0,1723.3009708737864,1935.4299855268346,-212.12901465304822,49345,BELLEVIGNE-EN-LAYON,49
22330.0,2162.0,1944.4444444444443,2126.1760393965346,-181.7315949520903,49367,ERDRE-EN-ANJOU,49
26160.0,415.0,1702.9034690799397,1806.3368453092685,-103.43337622932881,50032,LA BARRE-DE-SEMILLY,50
25370.0,4956.0,2175.485008818342,2578.285396054049,-402.80038723570715,50041,LA HAGUE,50
26640.0,1254.0,3230.769230769231,2909.6951363807643,321.0740943884666,50066,JULLOUVILLE,50
20870.0,1043.0,1107.142857142857,1243.4663488204008,-136.32349167754364,50074,BRECEY,50
22360.0,747.0,1686.9274193548385,1918.5878510650582,-231.66043171021965,50095,CANISY,50
21210.0,262.0,1581.7732558139535,1567.7463306909851,14.02692512296835,50098,CARANTILLY,50
20770.0,453.0,1442.857142857143,1366.02207082331,76.83507203383283,50111,CERISY-LA-SALLE,50
23390.0,1804.0,1775.7009345794393,2027.791173188098,-252.09023860865864,50139,CONDE-SUR-VIRE,50
23080.0,499.0,2472.2580645161293,1985.666174743066,486.59188977306326,50142,VICQ-SUR-MER,50
24310.0,1762.0,3383.4586466165415,2654.782266933925,728.6763796826167,50165,DONVILLE-LES-BAINS,50
23500.0,361.0,2193.984389872454,1532.448732057181,661.535657815273,50167,DRAGEY-RONTHON,50
25300.0,611.0,2253.9285714285716,2034.26837390486,219.66019752371153,50178,FERMANVILLE,50
22430.0,7202.0,3312.774764487582,3186.296692433441,126.4780720541412,50218,GRANVILLE,50
22100.0,147.0,1394.1834276136601,1369.6573528432968,24.526074770363266,50238,HEAUVILLE,50
20510.0,80.0,1620.0980392156862,2038.4146903146443,-418.3166510989581,50247,HOCQUIGNY,50
23350.0,368.0,2375.0,2226.0676536278247,148.9323463721753,50252,HUDIMESNIL,50
21750.0,416.0,1360.2941176470588,1413.2637162189237,-52.969598571864935,50274,LES LOGES-MARCHIS,50
21220.0,346.0,1525.4943502824858,1445.35321719909,80.14113308339574,50356,MOON-SUR-ELLE,50
22270.0,119.0,1643.3946488294314,1575.312101198702,68.08254763072932,50362,MOULINES,50
21240.0,613.0,1472.753241045924,1677.306481482115,-204.55324043619112,50363,MOYON VILLAGES,50
21130.0,1150.0,1454.9808429118773,2280.9087363222225,-825.9278934103452,50393,PERCY-EN-NORMANDIE,50
18950.0,1095.0,1493.9759036144578,1503.8086266254038,-9.832723010945983,50394,PERIERS,50
24840.0,1456.0,2422.214897824654,2738.196527273007,-315.98162944835303,50402,LES PIEUX,50
21580.0,914.0,1734.2342342342342,1836.0884288017419,-101.85419456750765,50409,PONT-HEBERT,50
21170.0,2146.0,1943.0851063829787,1652.593403503879,290.49170287909965,50410,PONTORSON,50
23280.0,384.0,1679.090909090909,1773.4084915986941,-94.31758250778512,50420,QUIBOU,50
19810.0,237.0,1250.0,1295.5862101733487,-45.58621017334872,50456,SAINT-CLEMENT-RANCOUDRAY,50
19970.0,333.0,1575.4716981132076,1585.2869121286485,-9.815214015440915,50468,SAINT-FROMOND,50
25120.0,428.0,1783.8983050847457,1881.2506095258502,-97.35230444110448,50475,SAINT-GEORGES-MONTCOCQ,50
21760.0,280.0,1709.5988020860227,1461.7362843236438,247.86251776237896,50488,SAINT-JEAN-DE-DAYE,50
22990.0,1008.0,1375.0,1708.5938322288007,-333.5938322288007,50492,SAINT-JEAN-D'ELLE,50
21700.0,1365.0,1552.0898805782526,1694.441394959612,-142.35151438135927,50523,SAINTE-MERE-EGLISE,50
21010.0,825.0,2000.0,1827.0034435778634,172.99655642213656,50539,SAINT-PIERRE-EGLISE,50
23190.0,1413.0,1312.7768338847654,1633.784436029334,-321.00760214456864,50546,BOURGVALLEES,50
25990.0,434.0,3174.5098039215686,2851.3358269717055,323.1739769498631,50576,SIOUVILLE-HAGUE,50
21910.0,1943.0,1389.1402714932126,1642.8371878538323,-253.69691636061975,50601,TORIGNY-LES-VILLES,50
22570.0,3364.0,2586.206896551724,2594.536676064845,-8.329779513120684,50615,VALOGNES,50
22580.0,190.0,2504.081632653061,2171.3860370281636,332.6955956248976,50624,LA VENDELEE,50
24770.0,561.0,2891.964285714286,2689.7798973032973,202.1843884109885,50647,YQUELON,50
23090.0,988.0,2222.5094696969695,2151.9513752181265,70.55809447884303,51043,BAZANCOURT,51
26270.0,1989.0,3563.3658008658012,3332.701258083978,230.66454278182346,51058,BEZANNES,51
21720.0,810.0,1775.9036144578313,1825.0476057694964,-49.143991311665104,51237,ESTERNAY,51
26170.0,374.0,1892.0,1998.6123802579075,-106.61238025790749,51299,ISLES-SUR-SUIPPE,51
27760.0,809.0,2809.0178571428573,2810.011660693317,-0.9938035504596883,51308,JONCHERY-SUR-VESLE,51
20570.0,1660.0,1918.5185185185185,1808.204979238856,110.31353927966256,51388,MOURMELON LE GRAND,51
22510.0,315.0,1752.2727272727273,1681.598619131915,70.67410814081222,51389,MOURMELON-LE-PETIT,51
27310.0,265.0,2090.166666666667,2073.4045658636933,16.76210080297369,51448,PROUILLY,51
20210.0,78382.0,2529.4117647058824,2601.9389937960173,-72.52722909013482,51454,REIMS,51
26990.0,748.0,3337.777777777778,2984.4490612179425,353.32871655983536,51536,SILLERY,51
28200.0,245.0,1711.730892058761,1949.0468929474955,-237.3160008887346,51643,VINAY,51
17890.0,5327.0,1202.0457957957958,1389.166781230082,-187.12098543428624,51649,VITRY LE FRANCOIS,51
21240.0,1163.0,873.6794717887155,1274.4962355608577,-400.81676377214217,52093,CHALINDREY,52
21650.0,876.0,1629.2718446601941,1700.3475395472383,-71.07569488704416,52182,ECLARON-BRAUCOURT-STE-LIVIERE,52
20740.0,3750.0,1510.625,1578.60977388911,-67.9847738891101,52269,LANGRES,52
20860.0,977.0,911.8653184165232,1695.5832607011728,-783.7179422846496,52331,LA PORTE DU DER,52
21870.0,581.0,1386.1761363636365,1468.8187879087686,-82.64265154513214,52411,RIVES DERVOISES,52
18720.0,10535.0,1229.5833333333335,1583.6876161912253,-354.1042828578918,52448,SAINT-DIZIER,52
23320.0,729.0,1867.8932178932178,2124.526999168965,-256.6337812757474,53001,AHUILLE,53
22150.0,1027.0,1566.2650602409637,1682.7331153395771,-116.46805509861338,53005,ANDOUILLE,53
22560.0,667.0,1371.4285714285713,1450.2143409707742,-78.78576954220284,53015,LA BACONNIERE,53
24860.0,2564.0,2117.72030651341,2307.4009935534805,-189.68068704007055,53034,BONCHAMP LES LAVAL,53
19770.0,88.0,1325.296442687747,1376.1573201321253,-50.860877444378275,53069,CHEVAIGNE DU MAINE,53
22070.0,1325.0,1200.0,1376.5939010824598,-176.59390108245975,53077,COSSE LE VIVIEN,53
21550.0,3835.0,1466.2123572170303,1594.3638225240863,-128.15146530705601,53097,EVRON,53
20620.0,1083.0,1067.423076923077,1491.264190341052,-423.84111341797507,53185,PRE-EN-PAIL-SAINT-SAMSON,53
20180.0,1184.0,961.5384615384615,1184.95161765886,-223.4131561203984,53188,RENAZE,53
21870.0,217.0,1777.7777777777778,1786.5697472305117,-8.791969452733838,53203,SAINT-BRICE,53
21230.0,653.0,1043.4415584415583,1228.428923662722,-184.9873652211636,53211,SAINT-DENIS-DE-GASTINES,53
23530.0,633.0,1489.5104895104896,1558.6198255504416,-69.10933603995204,53219,SAINT-GEORGES-BUTTAVENT,53
21980.0,846.0,1442.3076923076924,1467.4140063426576,-25.10631403496518,53246,SAINT-PIERRE-DES-NIDS,53
26470.0,645.0,1965.8823529411766,2308.7459499974516,-342.863597056275,54025,ART-SUR-MEURTHE,54
20080.0,1167.0,1440.677966101695,1469.7834484064952,-29.10548230480026,54028,AUBOUE,54
22260.0,1701.0,1475.4901960784314,2020.9566940125287,-545.4664979340973,54076,BLAINVILLE-SUR-L EAU,54
20260.0,1836.0,2307.662835249042,2123.7728204168952,183.8900148321468,54079,BLENOD-LES-PONT-A-MOUSSON,54
25760.0,1759.0,2213.622489959839,2213.8498761935534,-0.22738623371424183,54090,BOUXIERES-AUX-DAMES,54
22830.0,539.0,2275.5434782608695,2237.7814891731186,37.76198908775086,54135,COLOMBEY-LES-BELLES,54
22810.0,4190.0,1846.8010517090272,2213.1326263143847,-366.33157460535745,54159,DOMBASLE-SUR-MEURTHE,54
20900.0,1112.0,1433.734939759036,1652.416328071681,-218.6813883126449,54205,FOUG,54
21730.0,2906.0,1855.6701030927834,1742.9789096659601,112.69119342682325,54215,FROUARD,54
27340.0,2458.0,2288.8888888888887,3527.0872248880146,-1238.198335999126,54257,HEILLECOURT,54
21170.0,3851.0,2144.6639938907983,2031.9834359133163,112.68055797748207,54273,JARNY,54
19320.0,4465.0,2154.6666666666665,2064.8469765585683,89.81969010809826,54274,JARVILLE LA MALGRANGE,54
29770.0,984.0,1680.75,2212.2112087541723,-531.4612087541723,54305,LAY-SAINT-CHRISTOPHE,54
27640.0,1648.0,3092.5925925925926,3081.3809412891515,11.211651303441158,54314,LEXY,54
17530.0,3478.0,1947.457627118644,1800.264185955174,147.19344116346997,54357,MAXEVILLE,54
27030.0,922.0,2195.121951219512,2331.8659204387977,-136.74396921928565,54367,MEXY,54
21140.0,2030.0,1807.4324324324325,1940.1812965052327,-132.7488640728002,54430,POMPEY,54
27570.0,1044.0,1787.037037037037,2028.640975561306,-241.6039385242691,54459,RICHARDMENIL,54
25490.0,1817.0,2237.8917378917376,2488.581590395372,-250.68985250363448,54495,SAULXURES-LES-NANCY,54
21220.0,423.0,1329.995785440613,1392.9097996945325,-62.914014253919504,54518,THIAUCOURT-REGNIEVILLE,54
22230.0,3812.0,2725.699690625225,2654.1652859519427,71.5344046732821,54580,VILLERUPT,54
22850.0,1181.0,1165.921052631579,1468.2941408666336,-302.37308823505464,55010,ANCERVILLE,55
22230.0,1395.0,1513.20987654321,1678.8071949441114,-165.5973184009015,55043,BELLEVILLE SUR MEUSE,55
21830.0,651.0,1352.9411764705883,1433.073310161895,-80.13213369130676,55154,DIEUE-SUR-MEUSE,55
21610.0,693.0,1239.579831932773,1440.5755316570294,-200.99569972425638,55184,EUVILLE,55
20330.0,1848.0,1287.1625461778913,1433.113928270651,-145.9513820927598,55291,LIGNY EN BARROIS,55
19600.0,1738.0,837.5,1028.921556497224,-191.42155649722395,55463,ST MIHIEL,55
21360.0,624.0,719.0972222222222,1181.1055102299179,-462.0082880076957,55519,TRONVILLE EN BARROIS,55
22560.0,557.0,954.7830923248054,1585.7446578762451,-630.9615655514398,55553,VIGNOT,55
23700.0,784.0,2395.8333333333335,2367.1315355993693,28.701797733964213,56004,ARZAL,56
28080.0,2399.0,4190.208114495798,3823.146137528726,367.0619769670725,56008,BADEN,56
22770.0,2743.0,2121.212121212121,2243.9108290238837,-122.69870781176269,56010,BAUD,56
23750.0,685.0,1881.8940005380682,1889.2834044640833,-7.38940392601512,56012,BEIGNON,56
23470.0,2045.0,3208.490566037736,3020.5974499153936,187.89311612234224,56013,BELZ,56
21060.0,667.0,1907.3737373737374,1754.1209184752238,153.25281889851362,56014,BERNE,56
22750.0,1211.0,2016.6666666666667,1966.197538968703,50.46912769796381,56017,BIGNAN,56
24230.0,2889.0,2934.5794392523367,2921.1487941292708,13.430645123065915,56023,BRECH,56
21280.0,761.0,1063.5964912280701,1572.9180822815665,-509.3215910534964,56028,CADEN,56
22200.0,1412.0,2144.9668474984933,1869.7940938052423,275.172753693251,56031,CAMORS,56
22180.0,778.0,1551.3098856563902,1701.6577338071459,-150.34784815075568,56032,CAMPENEAC,56
20980.0,1501.0,1174.0595238095239,1571.6511050301542,-397.59158122063036,56033,CARENTOIR,56
22660.0,906.0,2557.222222222222,1719.6446652968111,837.577556925411,56042,COLPO,56
23150.0,2601.0,2739.72602739726,2760.9193072857715,-21.19327988851137,56053,ELVEN,56
23940.0,1949.0,3529.4117647058824,2478.3022877012263,1051.1094770046561,56054,ERDEVEN,56
23200.0,1532.0,2388.7001609154304,2589.8805596219786,-201.1803987065482,56058,FEREL,56
24130.0,2324.0,2174.757281553398,2192.2396155571346,-17.48233400373647,56067,D-CHAMP,56
24130.0,2324.0,2174.757281553398,2192.2396155571346,-17.48233400373647,56067,GRAND-CHAMP,56
24130.0,2324.0,2174.757281553398,2192.2396155571346,-17.48233400373647,56067,GRANDCHAMP,56
22250.0,1232.0,4058.2979797979797,3196.610963790696,861.6870160072835,56069,GROIX,56
21960.0,1024.0,1522.648448043185,1493.6615312741058,28.986916769079244,56070,GUEGON,56
21170.0,539.0,1296.4285714285716,1681.5440671252175,-385.1154956966459,56080,GUILLIERS,56
22680.0,2825.0,2038.4160756501183,2221.191859099021,-182.77578344890253,56090,INZINZAC-LOCHRIST,56
21450.0,1083.0,1922.1014492753623,1849.7953740061891,72.3060752691731,56091,JOSSELIN,56
22470.0,987.0,3107.3055555555557,2567.524450547914,539.7811050076416,56096,LANDAUL,56
22870.0,1629.0,2750.0,2668.7388875919896,81.26111240801038,56097,LANDEVANT,56
20190.0,894.0,1488.8572783309626,1671.561808614346,-182.70453028338352,56100,LANGONNET,56
20860.0,29053.0,2675.951086956522,2863.9431975831003,-187.99211062657832,56121,LORIENT,56
22160.0,1034.0,1944.4444444444443,1862.48561937421,81.9588250702343,56123,MALANSAC,56
21560.0,635.0,1357.4728260869565,1546.6818428620838,-189.20901677512734,56131,MESLAN,56
24900.0,978.0,2710.2636169800353,2597.7685077242522,112.49510925578306,56132,MEUCON,56
19970.0,440.0,981.37339055794,1069.950599565977,-88.57720900803702,56134,MOHON,56
22100.0,1425.0,1719.1821123859959,1640.6329874060639,78.549124979932,56140,MOREAC,56
23700.0,2402.0,2865.755992111651,3009.1172953674754,-143.36130325582462,56143,MUZILLAC,56
23600.0,670.0,2507.5312989045383,2335.977609814267,171.5536890902713,56148,NOSTANG,56
22890.0,1122.0,2229.4117647058824,2071.849712432795,157.56205227308737,56149,NOYAL-MUZILLAC,56
20650.0,865.0,1684.7826086956522,1693.0274617915318,-8.244853095879535,56154,PEILLAC,56
24630.0,1198.0,3554.3478260869565,3249.374769023447,304.9730570635097,56155,PENESTIN,56
22070.0,807.0,2196.2616822429904,1938.9559135277505,257.30576871524,56159,PLEUCADEUC,56
26690.0,8571.0,3708.994708994709,3980.6435991441076,-271.64889014939854,56162,PLOEMEUR,56
20210.0,574.0,1077.90663098424,1099.7903196951142,-21.88368871087414,56163,PLOERDUT,56
26200.0,1087.0,3250.0,3176.5693477701066,73.43065222989344,56167,PLOUGOUMELEN,56
22010.0,1949.0,1498.0490523968783,1629.1148496445014,-131.0657972476231,56173,PLUMELIAU-BIEUZY,56
23780.0,1395.0,2564.102564102564,2479.4002041195154,84.70235998304861,56181,PORT-LOUIS,56
23230.0,2760.0,2663.0434782608695,2735.517234610348,-72.47375634947866,56193,RIANTEC,56
21310.0,630.0,1487.5,1480.5915597348558,6.908440265144236,56200,RUFFIAC,56
24360.0,5106.0,2840.909090909091,2883.572811632467,-42.66372072337617,56206,SAINT-AVE,56
28000.0,1137.0,4466.185410334347,3992.851382401996,473.33402793235064,56214,SAINT-GILDAS-DE-RHUYS,56
22090.0,674.0,1461.5384615384614,1563.571090486202,-102.03262894774048,56223,SAINT-JEAN-LA-POTERIE,56
22120.0,690.0,1578.9473684210527,1843.4487115937645,-264.5013431727118,56239,SAINT-VINCENT-SUR-OUST,56
23640.0,1544.0,2683.3333333333335,2391.896164574245,291.4371687590883,56247,SULNIAC,56
24910.0,3745.0,2948.1132075471696,2961.8849004958083,-13.771692948638702,56251,THEIX-NOYALO,56
23380.0,984.0,1936.1136363636363,1973.2112247905645,-37.09758842692827,56255,TREFFLEAN,56
24070.0,27877.0,3755.675489173772,3843.814838980258,-88.13934980648628,56260,VANNES,56
23730.0,1140.0,3147.7272727272725,2764.6620799951156,383.0651927321569,56263,SAINTE-ANNE-D'AURAY,56
20820.0,704.0,882.183908045977,1133.484707806226,-251.300799760249,58083,CORBIGNY,58
23010.0,1703.0,1445.7831325301204,1798.9222243695965,-353.1390918394761,58088,COULANGES LES NEVERS,58
20830.0,2671.0,1383.712121212121,1815.9069437861874,-432.1948225740664,58095,DECIZE,58
21640.0,1560.0,1255.5994729907775,1429.9477730822098,-174.3483000914323,58121,GARCHIZY,58
23590.0,602.0,1232.9545454545455,1381.4598630534838,-148.5053175989383,58152,MAGNY COURS,58
21470.0,808.0,1306.9767441860465,1342.757982517333,-35.78123833128643,58215,POUILLY-SUR-LOIRE,58
20200.0,901.0,842.1052631578947,1487.8901342015552,-645.7848710436605,58218,PREMERY,58
23780.0,552.0,1473.8142620232172,1699.451504806811,-225.63724278359382,58260,SAINT-PARIZE-LE-CHATEL,58
22480.0,4313.0,1360.8247422680413,2177.494880931287,-816.6701386632456,58303,VARENNES-VAUZELLES,58
19490.0,221.0,1489.795918367347,1542.4927881025783,-52.6968697352313,58309,VILLAPOURCON,58
26280.0,1427.0,2066.9886363636365,2990.417456265559,-923.4288199019225,59005,ALLENNES-LES-MARAIS,59
23710.0,4142.0,2387.4045801526718,2755.952816222104,-368.5482360694323,59011,ANNOEULLIN,59
27530.0,636.0,2561.6438356164385,2772.0126932649578,-210.36885764851922,59013,ANSTAING,59
27220.0,886.0,2896.385542168675,2744.840964678621,151.54457749005405,59022,ATTICHES,59
22220.0,462.0,1480.1587301587301,1771.7724995298631,-291.613769371133,59026,AUBIGNY-AU-BAC,59
18540.0,2804.0,1600.6026939903293,1555.3443703772011,45.25832361312814,59028,AUBY,59
20010.0,2776.0,1536.999147485081,1646.1494579417451,-109.1503104566641,59032,AULNOY-LEZ-VALENCIENNES,59
15750.0,1927.0,1217.1875,1151.905444419345,65.28205558065497,59036,AVESNES-SUR-HELPE,59
22350.0,602.0,1245.7424812030076,1395.3260382459894,-149.58355704298174,59038,AVESNES LE SEC,59
18880.0,977.0,1089.5315524583816,1308.9786660422315,-219.44711358384984,59041,BACHANT,59
23320.0,6431.0,2226.584064282647,2356.8602661045097,-130.27620182186274,59043,BAILLEUL,59
26930.0,2054.0,2927.6119402985073,2917.4638118346606,10.14812846384666,59044,BAISIEUX,59
20670.0,2885.0,2170.0,2163.3245760906852,6.675423909314759,59051,LA BASSEE,59
22360.0,2176.0,1989.1304347826087,2004.300479404793,-15.17004462218415,59052,BAUVIN,59
21670.0,1696.0,1748.2817869415808,2238.9998160672894,-490.71802912570865,59067,BERGUES,59
20500.0,905.0,1132.6809056956117,1317.3970397834937,-184.71613408788198,59074,BERTRY,59
25380.0,680.0,2333.3333333333335,2257.2386786844763,76.09465464885716,59082,BIERNE,59
34880.0,3941.0,3474.074074074074,3619.34370486762,-145.26963079354618,59090,BONDUES,59
29630.0,635.0,2509.07009510391,2622.616334631506,-113.5462395275963,59096,BOURGHELLES,59
19240.0,1308.0,1286.8788819875776,1476.9271479695803,-190.0482659820027,59104,BOUSSOIS,59
28010.0,299.0,1721.778221778222,2331.072789768832,-609.2945679906102,59109,BRILLON,59
18570.0,975.0,896.969696969697,1246.657175633796,-349.687478664099,59118,BUSIGNY,59
21730.0,677.0,1702.1701124961996,1790.4256881131141,-88.25557561691448,59126,CANTIN,59
21580.0,412.0,954.7738693467337,1206.8264894590093,-252.05262011227558,59132,CARNIERES,59
22310.0,5103.0,2379.171553470519,2393.783689876195,-14.612136405675756,59152,COMINES,59
20680.0,9168.0,1856.160635833533,1934.6856014054058,-78.52496557187283,59155,COUDEKERQUE-BRANCHE,59
21750.0,1230.0,1657.523510971787,1819.0438411614057,-161.5203301896188,59156,COURCHELETTES,59
27570.0,2079.0,2650.0,2546.833147672913,103.16685232708687,59168,CYSOING,59
17880.0,4035.0,1302.842105263158,1334.8113937114422,-31.96928844828426,59179,DOUCHY-LES-MINES,59
25350.0,473.0,1959.4594594594594,1961.509334555356,-2.0498750958965957,59189,EECKE,59
21400.0,530.0,1380.558574879227,1495.4312856765066,-114.87271079727952,59194,ENGLEFONTAINE,59
22540.0,612.0,1902.8973034997134,1867.8293764104267,35.06792708928674,59203,ERRE,59
17370.0,3445.0,1519.6078431372548,1664.6936256354345,-145.0857824981797,59205,ESCAUDAIN,59
20630.0,1387.0,1653.225806451613,1601.0477904116058,52.17801604000715,59206,ESCAUDOEUVRES,59
24250.0,991.0,1955.0639658848613,2284.6084978886925,-329.54453200383114,59221,FAMARS,59
21730.0,535.0,1068.1818181818182,1375.5410778118455,-307.3592596300273,59226,FELLERIES,59
24460.0,2318.0,1914.6341463414635,2475.746368024981,-561.1122216835176,59239,FLINES-LEZ-RACHES,59
26300.0,1687.0,2686.5853658536585,2661.8566355544654,24.728730299193103,59266,GONDECOURT,59
16650.0,7568.0,1741.8645638382236,1804.5205746814702,-62.65601084324658,59271,GRANDE-SYNTHE,59
21860.0,1712.0,1929.0366146458582,1964.8268889051374,-35.79027425927916,59301,HERGNIES,59
22140.0,3176.0,2266.6666666666665,2057.2290779427617,209.4375887239048,59317,HOUPLINES,59
24610.0,1327.0,1918.0284857571214,2076.1636704595485,-158.13518470242707,59319,HOYMILLE,59
16910.0,4076.0,948.9556692242114,1112.4946545203659,-163.53898529615446,59324,JEUMONT,59
25570.0,3794.0,2864.953703703704,3299.3411875282095,-434.3874838245056,59343,LESQUIN,59
19140.0,1039.0,1187.2438524590164,1197.37602529385,-10.132172834833682,59344,LEVAL,59
22450.0,572.0,1090.909090909091,1247.60378055171,-156.6946896426191,59348,LIEU-SAINT-AMAND,59
34540.0,859.0,3051.6835016835016,3307.2488178387853,-255.56531615528365,59356,LOMPRET,59
22690.0,851.0,1698.9908256880733,2306.1151662308716,-607.1243405427983,59357,LA LONGUEVILLE,59
19610.0,9155.0,2267.0289855072465,2606.635201222459,-339.60621571521233,59360,LOOS,59
35880.0,1309.0,3362.0689655172414,3554.45216001736,-192.3831945001184,59398,MERIGNIES,59
28460.0,900.0,2868.8186813186812,2754.097899980157,114.72078133852438,59411,MONS-EN-PEVELE,59
21320.0,251.0,1282.969885773624,1496.439338938164,-213.46945316454003,59413,MONTIGNY-EN-CAMBRESIS,59
19910.0,1133.0,1432.573623559539,1478.2662400013637,-45.69261644182461,59429,NEUVILLE-SUR-ESCAUT,59
20470.0,424.0,833.3333333333334,1085.6868276804814,-252.35349434714806,59430,NEUVILLY,59
26210.0,557.0,3094.7587025316457,2779.201296528431,315.5574060032145,59434,NIVELLE,59
20620.0,496.0,1262.18487394958,1319.1961356242966,-57.01126167471671,59445,OHAIN,59
19000.0,2136.0,1855.2631578947369,1655.456324361567,199.80683353316977,59452,OSTRICOURT,59
26850.0,2112.0,2434.998334998335,2678.010587155487,-243.01225215715203,59462,PHALEMPIN,59
25610.0,1333.0,2509.4117647058824,2495.2946849039095,14.117079801972977,59466,PONT-A-MARCQ,59
23390.0,1409.0,2159.6798151510147,2047.4645587591492,112.21525639186552,59476,PROVILLE,59
22130.0,1787.0,2227.169590643275,2122.0606482433627,105.1089423999124,59477,PROVIN,59
25280.0,428.0,1958.974358974359,1923.9821339933103,34.992224981048594,59478,QUAEDYPRE,59
22800.0,938.0,1578.238341968912,1692.2736987872229,-114.0353568183109,59497,RENESCURE,59
19560.0,1414.0,1235.9550561797753,1363.9422793841682,-127.98722320439288,59504,ROEULX,59
21830.0,601.0,1587.3254694270581,1599.460963099468,-12.135493672409893,59520,RUMILLY-EN CAMBRESIS,59
21740.0,4734.0,1947.6190476190477,2147.533457353372,-199.91440973432418,59544,SAINT SAULVE,59
18880.0,489.0,898.4848484848485,1178.7527451434808,-280.26789665863225,59545,SAINT-SOUPLET,59
20920.0,351.0,1694.128787878788,1741.6511567047855,-47.522368825997546,59547,SAINT-VAAST-EN-CAMBRESIS,59
22610.0,1237.0,2493.150684931507,2253.6415775169135,239.50910741459347,59550,SALOME,59
25180.0,1690.0,2716.3793103448274,2706.548015996519,9.831294348308347,59566,SEQUEDIN,59
19100.0,1793.0,870.6896551724138,1151.1204317941133,-280.43077662169947,59571,SOLESMES,59
22630.0,632.0,2269.4473823373874,2165.517116437809,103.93026589957844,59578,STEENBECQUE,59
26250.0,1627.0,2638.703496190049,2697.7400909760618,-59.036594786012756,59585,TEMPLEMARS,59
26490.0,3522.0,2373.684210526316,2627.7103989430125,-254.02618841669664,59588,TETEGHEM-COUDEKERQUE-VILLAGE,59
21290.0,1177.0,1680.5164319248827,1677.1403106498876,3.3761212749950573,59589,THIANT,59
25270.0,1589.0,2655.9139784946237,2478.6100687450225,177.3039097496012,59598,TOUFFLERS,59
20250.0,18988.0,1765.5172413793102,1827.5730461513094,-62.05580477199919,59606,VALENCIENNES,59
21250.0,547.0,1220.0757575757575,1438.067551789456,-217.99179421369854,59613,VICQ,59
24590.0,1013.0,2039.1056530494823,2185.47274118401,-146.36708813452765,59615,VIEUX-BERQUIN,59
18350.0,4107.0,1280.0,1323.0844422154528,-43.08444221545278,59616,VIEUX-CONDE,59
24320.0,566.0,1964.4866385372716,2194.195045322651,-229.70840678537934,59629,VRED,59
17520.0,667.0,993.5897435897436,1652.6070373814766,-659.017293791733,59651,WAVRECHAIN-SOUS-DENAIN,59
23400.0,1167.0,2604.938271604938,2337.8737694461397,267.0645021587984,60029,AUNEUIL,60
22150.0,1323.0,2327.777777777778,2168.5539932851334,159.22378449264443,60068,BETHISY ST PIERRE,60
28010.0,157.0,2166.9363538295574,2332.424161690793,-165.48780786123552,60095,BOURY EN VEXIN,60
24310.0,845.0,2142.8571428571427,2421.830571170592,-278.9734283134494,60102,BRENOUILLE,60
25460.0,984.0,2252.828054298642,2562.3679598896138,-309.53990559097156,60106,BREUIL LE SEC,60
23340.0,337.0,1842.1596244131456,1860.7075343298402,-18.547909916694607,60115,BULLES,60
23580.0,1207.0,1772.6881247500999,1871.9861828342798,-99.29805808417996,60116,BURY,60
26400.0,434.0,1770.6349206349207,1913.0895995784706,-142.45467894354988,60130,CATENOY,60
28050.0,1261.0,2948.187956455836,3123.29831685383,-175.1103603979941,60142,LA CHAPELLE EN SERVAL,60
23100.0,6450.0,2765.9574468085107,2800.6306693040137,-34.67322249550307,60176,CREPY EN VALOIS,60
19160.0,294.0,1512.9905647477094,1437.4338638310385,75.55670091667093,60221,ESQUENNOY,60
23180.0,1566.0,1734.1619887730553,1881.5480893737913,-147.38610060073597,60223,ESTREES ST DENIS,60
24800.0,1034.0,2276.666666666667,2308.2677595550617,-31.60109288839476,60234,FITZ JAMES,60
26230.0,683.0,2039.3258426966293,2119.541226706943,-80.21538401031353,60284,GRANDFRESNOY,60
20290.0,651.0,1325.301204819277,1336.0264661677188,-10.72526134844179,60291,GUISCARD,60
28450.0,751.0,3209.5238095238096,2790.081586026399,419.44222349741085,60341,LAGNY LE SEC,60
33380.0,3836.0,3815.625,3844.3875516973626,-28.762551697362596,60346,LAMORLAYE,60
22710.0,569.0,1941.52,1933.197711859828,8.322288140172077,60350,LASSIGNY,60
21030.0,2640.0,2093.75,1894.7636531669027,198.9863468330973,60360,LIANCOURT,60
21700.0,1083.0,1909.115427927928,1853.2368119911062,55.878615936821916,60368,LONGUEIL ANNEL,60
24740.0,324.0,1956.5217391304348,2422.034586422202,-465.51284729176746,60373,MACHEMONT,60
19270.0,546.0,2012.6768161112445,1625.9859297673393,386.6908863439053,60387,MARSEILLE EN BEAUVAISIS,60
20280.0,5219.0,2551.0204081632655,2328.5117299242074,222.5086782390581,60395,MERU,60
25160.0,485.0,2478.602115003305,1673.43004553895,805.1720694643548,60423,MONTMACQ,60
23770.0,1668.0,2509.4347277316983,2470.089222303359,39.34550542833949,60446,NANTEUIL LE HAUDOUIN,60
17740.0,5459.0,1386.356169871795,1553.1933445173795,-166.83717464558458,60471,NOYON,60
31000.0,1510.0,3645.052839391476,3536.320368654354,108.73247073712218,60482,ORRY LA VILLE,60
25210.0,420.0,2266.780821917808,2158.166861721366,108.61396019644235,60504,PONCHON,60
26200.0,1323.0,2386.080195753414,3123.466024342893,-737.3858285894789,60508,PONTPOINT,60
26370.0,381.0,1764.2857142857142,1786.5972483746218,-22.311534088907592,60523,RAINVILLERS,60
23540.0,388.0,2358.84,1491.0885566739278,867.7514433260724,60542,ROCHY CONDE,60
24050.0,1879.0,2419.3548387096776,2286.1572006087545,133.1976381009231,60584,ST LEU D ESSERENT,60
21630.0,1241.0,2662.734756881914,2294.0294243732137,368.7053325087004,60589,ST MAXIMIN,60
21920.0,278.0,2201.3888888888887,1534.705015457278,666.6838734316107,60592,ST PIERRE ES CHAMPS,60
26930.0,6824.0,3562.5,3693.8895878586477,-131.3895878586477,60612,SENLIS,60
24470.0,476.0,1955.4455445544554,1906.0539370802546,49.39160747420078,60628,THERDONNE,60
23110.0,379.0,2222.1037868162693,2171.4288400753426,50.67494674092677,60661,VAUMOISE,60
23350.0,1707.0,2216.0,2006.3009780556222,209.69902194437782,60667,VERBERIE,60
26020.0,492.0,2896.0497835497836,2710.8818079164157,185.16797563336786,60678,VILLENEUVE LES SABLONS,60
31330.0,558.0,1934.6630606265494,2282.705635488818,-348.0425748622688,60689,VILLERS SUR COUDUN,60
26350.0,502.0,2241.666666666667,2163.119687476142,78.54697919052478,60700,WARLUIS,60
19320.0,6365.0,1540.6392694063925,1892.2721426721587,-351.6328732657662,61006,ARGENTAN,61
22430.0,181.0,1654.8076923076924,1651.6273486115083,3.1803436961840816,61028,BAZOCHES-AU-HOULME,61
20740.0,656.0,2278.481012658228,1927.4375732351339,351.043439423094,61038,BELLEME,61
21560.0,626.0,1131.868131868132,1726.5255590803986,-594.6574272122666,61061,BRETONCELLES,61
23130.0,1024.0,1492.2885572139303,1599.983897185186,-107.69533997125563,61117,CONDE SUR SARTHE,61
23730.0,364.0,2079.4117647058824,2157.21232532652,-77.8005606206375,61140,CRULAI,61
22920.0,116.0,1336.0655737704917,1429.490659197302,-93.42508542681026,61148,DURCET,61
19820.0,2506.0,1506.6666666666667,1649.6604882115996,-142.99382154493287,61168,LA FERTE MACE,61
18810.0,6750.0,1289.577077077077,2017.7963804663748,-728.2193033892977,61169,FLERS,61
21520.0,742.0,1111.111111111111,1441.7009723203366,-330.58986120922555,61196,BELFORET-EN-PERCHE,61
21110.0,977.0,1600.0,1650.2277145752107,-50.22771457521071,61211,JUVIGNY VAL D'ANDAINE,61
22310.0,784.0,1356.0,2123.781251774749,-767.7812517747489,61218,LA LANDE PATRY,61
19190.0,363.0,2289.583333333333,1875.2733951578339,414.30993817549916,61258,LE MELE SUR SARTHE,61
20580.0,1798.0,1739.7260273972602,1797.2597267066317,-57.533699309371514,61293,MORTAGNE-AU-PERCHE,61
21130.0,936.0,1244.5887445887447,1671.510537225646,-426.9217926369013,61345,REMALARD-EN-PERCHE,61
21050.0,290.0,1454.2971887550202,1373.6752285245684,80.6219602304518,61422,LES ASPRES,61
20830.0,342.0,1302.0684523809523,1564.903464288014,-262.8350119070617,61429,CHARENCEY,61
21970.0,718.0,2172.330097087379,2108.9868942355183,63.3432028518605,61463,LES MONTS D'ANDAINE,61
22440.0,583.0,1020.0,1224.7674086382215,-204.76740863822147,61466,LA SELLE LA FORGE,61
22970.0,1463.0,1554.6218487394958,2438.6392194026416,-884.0173706631458,61483,BAGNOLES DE L'ORNE NORMANDIE,61
21900.0,3606.0,1868.0924287118978,2150.222890559209,-282.1304618473114,62004,ACHICOURT,62
22990.0,1634.0,1696.078431372549,1781.0371454042152,-84.9587140316662,62019,AIX NOULETTE,62
21310.0,571.0,2145.7574991573983,1997.700074642995,148.05742451440324,62031,ANDRES,62
20740.0,1841.0,2164.5648775403856,1924.7878829910012,239.77699454938443,62033,ANNAY,62
29670.0,1269.0,2500.0,2919.7175094963854,-419.71750949638545,62037,ANZIN-SAINT-AUBIN,62
21500.0,2199.0,2158.3850931677016,1948.708841095056,209.67625207264564,62057,AUDRUICQ,62
18150.0,1139.0,1333.3333333333333,1102.2746474067728,231.05868592656043,62060,AUXI-LE-CHATEAU,62
20020.0,821.0,1294.463601532567,1398.7328599750929,-104.26925844252582,62063,AVESNES LE COMTE,62
18760.0,1385.0,1367.2022727272727,1431.6913108111921,-64.48903808391947,62080,BAPAUME,62
18230.0,3151.0,1290.1190476190477,1456.3254419417485,-166.20639432270082,62083,BARLIN,62
20380.0,862.0,1860.5053191489362,1750.6109859744656,109.8943331744706,62100,BEAURAINVILLE,62
20670.0,3887.0,1479.2929292929293,1572.6355432359849,-93.34261394305554,62126,BEUVRY,62
22470.0,532.0,2341.880341880342,1733.0730585752171,608.8072833051247,62174,BREMES,62
19080.0,5010.0,1700.0,1764.9704083932022,-64.9704083932022,62186,BULLY LES MINES,62
21780.0,883.0,1752.1645021645022,1689.423757417766,62.740744746736254,62240,CORBEHEM,62
18890.0,2865.0,1784.1026517741811,1738.3183304800782,45.78432129410294,62249,COURCELLES LES LENS,62
23240.0,2779.0,3558.823529411765,3169.3817947698535,389.44173464191135,62261,CUCQ,62
21960.0,444.0,2378.282828282828,1953.258127067689,425.0247012151392,62265,DELETTES,62
17560.0,2865.0,1265.625,1195.774835296718,69.85016470328196,62270,DIVION,62
20630.0,1114.0,1580.2325581395348,1587.061261518817,-6.82870337928216,62277,DROCOURT,62
21730.0,617.0,1257.1985815602836,1499.5844685671752,-242.3858870068916,62309,ESQUERDES,62
22850.0,728.0,1731.6441441441443,1659.3997972378277,72.24434690631665,62311,ESTEVELLES,62
25790.0,503.0,1946.650641025641,2184.449030386641,-237.79838936099986,62330,FESTUBERT,62
22970.0,442.0,2183.0330822142155,2027.694598138462,155.3384840757535,62331,FEUCHY,62
30270.0,1207.0,2870.879120879121,3080.8715946308234,-209.99247375170262,62338,FLEURBAIX,62
18110.0,2360.0,1290.3225806451612,1380.9983264365967,-90.67574579143547,62351,FOUQUIERES LES LENS,62
16160.0,1384.0,964.1071428571429,1103.2325032158137,-139.12536035867083,62361,FREVENT,62
22120.0,325.0,1965.3087156924366,1820.1149923109008,145.19372338153585,62446,HESDIGNEUL-LES-BOULOGNE,62
21680.0,1348.0,1468.799493189737,1629.1750993001738,-160.37560611043682,62464,HULLUCH,62
20020.0,3828.0,1342.5925925925926,2098.3472716321958,-755.7546790396032,62473,ISBERGUES,62
24210.0,1981.0,2125.3225806451615,2205.8148777645315,-80.49229711937005,62502,LESTREM,62
19240.0,2160.0,1619.3181818181818,1581.4108555186936,37.907326299488204,62523,LOISON SOUS LENS,62
27110.0,1095.0,2417.5824175824177,3308.732008316327,-891.1495907339095,62557,MAROEUIL,62
20210.0,2128.0,1642.251461988304,1627.0775572759137,15.173904712390367,62560,MARQUISE,62
18360.0,3179.0,1720.7037448429069,1561.0834247762991,159.62032006660775,62563,MAZINGARBE,62
19980.0,283.0,1982.0747217806042,1744.4267852869111,237.64793649369312,62610,NEUVILLE-SOUS-MONTREUIL,62
17590.0,2869.0,1167.6724137931035,1179.0677620292565,-11.39534823615304,62628,NOYELLES SOUS LENS,62
21120.0,491.0,1449.2753623188405,1548.1951154393794,-98.91975312053887,62638,OISY-LE-VERGER,62
20320.0,1220.0,1681.41592920354,1770.8395836231505,-89.42365441961056,62711,RINXENT,62
18100.0,3457.0,1680.0373134328358,1731.4410046412493,-51.40369120841342,62724,ROUVROY,62
20300.0,2090.0,2065.217391304348,1813.0362115792318,252.18117972511618,62764,SAINT-NICOLAS,62
22800.0,1247.0,1323.076923076923,1527.5692445465268,-204.49232146960367,62770,SAINT-VENANT,62
24430.0,459.0,1245.575221238938,1444.4665097446675,-198.89128850572956,62819,TILQUES,62
20460.0,3119.0,1681.8851251840942,1569.3845366572623,112.50058852683196,62842,VENDIN LE VIEIL,62
24310.0,3039.0,2975.4545454545455,3014.737637962021,-39.28309250747543,62893,WIMEREUX,62
21200.0,685.0,2136.15412979351,1275.795148959194,860.3589808343161,62906,ZUTKERQUE,62
21380.0,782.0,1379.7598544572468,1708.584728366605,-328.8248739093583,63004,LES ANCIZES COMPS,63
20610.0,1880.0,1928.5714285714287,1809.2607581024793,119.31067046894941,63019,AULNAT,63
26390.0,1118.0,2606.604874776386,2849.4637458087236,-242.85887103233745,63026,AYDAT,63
25110.0,1666.0,1991.9354838709678,2087.350472297937,-95.4149884269691,63042,BLANZAT,63
23990.0,3774.0,2401.422764227642,2649.7780323242605,-248.3552680966186,63063,CEBAZAT,63
21250.0,746.0,1404.040404040404,1392.638313124537,11.402090915866893,63066,CELLES-SUR-DUROLLE,63
20390.0,546.0,1342.948717948718,1441.3589392304777,-98.41022128175973,63072,CHABRELOCHE,63
21740.0,124.0,1461.111111111111,1465.0211330193974,-3.910021908286353,63081,CHAMPETIERES,63
28070.0,376.0,2463.157894736842,2386.72961226884,76.42828246800218,63083,CHANAT-LA-MOUTEYRE,63
29190.0,735.0,2534.0223463687153,2642.869369320707,-108.84702295199168,63084,CHANONAT,63
25730.0,307.0,2092.324168797954,2097.025650042629,-4.701481244675051,63108,LE CHEIX-SUR-MORGE,63
20430.0,64678.0,2340.373219013996,2249.144522731068,91.22869628292801,63113,CLERMONT FERRAND,63
22270.0,4452.0,1833.0578512396694,2172.2712788940726,-339.2134276544032,63164,GERZAT,63
20690.0,100.0,1563.3829365079364,1694.1980363075168,-130.81509979958037,63173,GRANDRIF,63
21050.0,282.0,906.9444444444445,1063.0398118105718,-156.09536736612733,63185,LAMONTGIE,63
22650.0,2626.0,2066.8916957026713,2096.8205855702086,-29.928889867537237,63195,LEZOUX,63
26150.0,1682.0,2729.1338582677167,2838.3959822165175,-109.26212394880076,63245,MOZAC,63
27570.0,986.0,1764.516129032258,1998.2327017302428,-233.7165726979847,63254,NOHANENT,63
25960.0,922.0,1813.7091584158416,2038.0799091914225,-224.37075077558097,63265,ORLEAT,63
22420.0,664.0,1783.134328358209,1775.4215979414016,7.71273041680729,63271,PASLIERES,63
28530.0,1355.0,2608.690708252112,2796.9231424629875,-188.23243421087545,63272,PERIGNAT-LES-SARLIEVE,63
24130.0,409.0,2134.6226119636704,2018.409393577001,116.21321838666927,63275,PERRIER,63
25390.0,678.0,1925.0,2274.694826720856,-349.6948267208559,63282,PLAUZAT,63
27950.0,2391.0,2058.139534883721,2875.6252081709104,-817.4856732871895,63308,ROYAT,63
20520.0,355.0,1626.7123287671234,1673.3849418175719,-46.67261305044849,63380,SAINT-NECTAIRE,63
23620.0,715.0,1166.6666666666667,1498.4709504334119,-331.80428376674513,63381,SAINT-OURS,63
25120.0,377.0,1909.5223730517848,2488.5122160274245,-578.9898429756397,63395,SAINT-SANDOUX,63
28330.0,648.0,2789.4350747291924,2775.5496807634745,13.885393965717867,63425,TALLENDE,63
24200.0,792.0,2136.2228571428573,2470.3264304336494,-334.10357329079216,64057,ARTHEZ DE BEARN,64
23460.0,1490.0,1546.3265306122448,1777.739434760194,-231.41290414794912,64061,ARTIX,64
23690.0,836.0,2025.0119047619048,2338.8495399064077,-313.8376351445029,64068,ASSON,64
21380.0,7349.0,2526.315789473684,2345.0504578455184,181.26533162816577,64129,BILLERE,64
26410.0,2159.0,2397.993447993448,2790.141687917107,-392.1482399236588,64132,BIZANOS,64
23980.0,1128.0,1987.5073430270986,2539.106604208494,-551.5992611813954,64138,BORDES,64
22870.0,2794.0,3379.3367346938776,3206.5187641531497,172.81797054072786,64160,CAMBO-LES-BAINS,64
21920.0,911.0,2147.3118279569894,2109.525052093153,37.78677586383628,64191,COARRAZE,64
24730.0,2413.0,2226.774241745107,2433.3962433356014,-206.62200159049462,64230,GAN,64
20690.0,562.0,1121.251696065129,1121.828048282873,-0.5763522177439881,64233,GARLIN,64
25160.0,1605.0,2448.325017818959,2499.4168033896667,-51.09178557070754,64237,GELOS,64
24290.0,938.0,2966.602564102564,2908.0187996990453,58.58376440351867,64279,ITXASSOU,64
24490.0,6210.0,2497.9310344827586,3420.7701429986423,-922.8391085158837,64348,LONS,64
26580.0,981.0,2274.9523809523807,2515.947928117377,-240.99554716499642,64399,MONTARDON,64
24200.0,356.0,1593.8596979996655,1642.002882700938,-48.1431847012725,64409,MOUMOUR,64
27840.0,678.0,2076.6666666666665,2139.700758977501,-63.034092310834694,64439,OUSSE,64
20710.0,843.0,2064.890156062425,1872.3942687155386,192.49588734688632,64493,SAINT-PALAIS,64
21430.0,2303.0,2118.3431952662722,2057.892800346193,60.45039492007936,64499,SALIES DE BEARN,64
20820.0,272.0,1795.5345345345345,1649.4144887511848,146.12004578334972,64502,SAMES,64
22840.0,1079.0,3577.229103436962,2826.7167244418074,750.5123789951544,64504,SARE,64
26240.0,1871.0,2454.9991975605844,2944.984516548193,-489.9853189876085,64519,SERRES CASTET,64
23800.0,4716.0,4328.461538461539,3556.9547791902937,771.5067592712453,64545,URRUGNE,64
24520.0,937.0,3714.2857142857147,3217.5824108063125,496.70330347940217,64546,URT,64
23920.0,3625.0,4485.981308411215,3898.19078918703,587.7905192241847,64547,USTARITZ,64
20650.0,356.0,2225.039246467818,2042.9586897921413,182.0805566756767,65031,ARREAU,65
21370.0,3657.0,1779.8165137614678,1982.4886519892773,-202.67213822780946,65047,AUREILHAN,65
21240.0,623.0,2025.0,1828.5977938793446,196.40220612065536,65123,CAMPAN,65
21250.0,275.0,1149.4252873563219,1438.786580377693,-289.36129302137124,65183,GALAN,65
20400.0,2716.0,1320.424403183024,1356.2346643086516,-35.810261125627676,65258,LANNEMEZAN,65
24060.0,509.0,1966.685393258427,1934.6010005085002,32.08439274992679,65350,OURSBELILLE,65
20430.0,621.0,1769.2307692307693,1701.1904801508965,68.04028907987276,65375,RABASTENS-DE-BIGORRE,65
21670.0,1403.0,2133.3333333333335,2042.4663114193277,90.86702191400582,65433,SOUES,65
21430.0,3395.0,2360.0,2166.085297805167,193.9147021948329,66021,BOMPAS,66
22360.0,675.0,2936.250459652707,2505.022328261007,431.2281313917001,66026,BROUILLA,66
18400.0,290.0,1205.8823529411766,1211.7565658438093,-5.874212902632735,66046,CAUDIES DE FENOUILLEDES,66
19880.0,593.0,3705.8823529411766,1345.6659720588607,2360.216380882316,66048,CERBERE,66
21850.0,2014.0,2439.0243902439024,2285.9453905473465,153.0789996965559,66050,CLAIRA,66
20350.0,1469.0,1307.121212121212,1403.811118367197,-96.68990624598496,66069,ESPIRA DE L AGLY,66
19430.0,2554.0,1756.7567567567567,1479.3108409095375,277.4459158472191,66088,ILLE-SUR-TET,66
20710.0,197.0,2114.087591240876,1910.6198534461823,203.46773779469368,66095,LATOUR DE CAROL,66
23070.0,900.0,2875.0,2546.6023909974406,328.3976090025594,66101,LLUPIA,66
17280.0,410.0,898.9898989898991,1223.2276800630718,-324.23778107317275,66107,MAURY,66
21530.0,464.0,2842.696629213483,2535.156781132566,307.5398480809172,66134,PASSA,66
14690.0,255.0,1731.423709585933,1646.032030206923,85.39167937900993,66137,LE PERTHUS,66
20150.0,4106.0,1988.6666666666667,2093.6456428068645,-104.9789761401978,66164,RIVESALTES,66
22250.0,1214.0,2396.991869918699,2404.8878309062043,-7.895960987505077,66186,SAINT NAZAIRE,66
23510.0,2582.0,2205.3571428571427,2249.242687435206,-43.88554457806322,66189,SALEILLES,66
23400.0,1746.0,3260.27397260274,2791.1369540817673,469.13701852097256,66196,SOREDE,66
22160.0,476.0,2833.3333333333335,2656.376515981477,176.95681735185644,66214,TRESSERRE,66
26980.0,260.0,3319.3255131964806,2970.896849949344,348.4286632471367,69004,ALIX,69
24690.0,3110.0,3308.823529411765,3219.1232103585853,89.70031905317956,69009,ANSE,69
24910.0,1704.0,2942.4096238397656,2691.2872217244503,251.12240211531525,69013,ARNAS,69
21680.0,874.0,2044.625,1953.5697403148845,91.05525968511552,69018,BEAUJEU,69
26650.0,1809.0,3751.412698412699,2514.8040135867136,1236.6086848259852,69024,VAL D'OINGT,69
27370.0,19648.0,4876.543209876543,4452.167911818744,424.3752980577992,69034,CALUIRE ET CUIRE,69
26070.0,500.0,3254.901960784314,2920.5463578109757,334.35560297333814,69045,CHARENTAY,69
33860.0,1850.0,4012.8571428571427,4130.585037861387,-117.72789500424415,69046,CHARLY,69
24320.0,408.0,2553.0625638406536,2389.9317055653337,163.13085827531995,69077,DRACE,69
18160.0,8021.0,3161.904761904762,2838.8695630722996,323.03519883246236,69091,GIVORS,69
24230.0,436.0,3002.6666666666665,2396.0121767371324,606.6544899295341,69108,LANCIE,69
29630.0,2742.0,3834.8275862068967,3647.357173468489,187.47041273840796,69112,LENTILLY,69
24520.0,1104.0,2656.3846982758623,2721.1092406232915,-64.72454234742918,69118,LOIRE-SUR-RHONE,69
26930.0,1329.0,3705.6043956043954,3338.531131505387,367.0732640990086,69121,LOZANNE,69
27280.0,1435.0,4047.6190476190477,3797.6596484934216,249.95939912562608,69131,MESSIMY,69
30280.0,1025.0,4120.71632071632,3880.289564108022,240.4267566082981,69148,ORLIENAS,69
25190.0,2195.0,2625.0,2640.302986804402,-15.302986804401826,69157,VINDRY-SUR-TURDINE,69
26240.0,323.0,2150.5760473588343,2271.023500762634,-120.4474534037995,69172,SALLES ARBUISSONNAS EN B,69
27650.0,1716.0,2937.058092485549,3035.988658312165,-98.9305658266162,69176,SOUCIEU EN JARREST,69
26810.0,8896.0,4221.675651392632,4234.972600015842,-13.296948623209573,69204,SAINT-GENIS-LAVAL,69
30290.0,2082.0,4341.135485337577,3853.4735936574534,487.6618916801235,69205,SAINT-GENIS-LES-OLLIERES,69
27110.0,1206.0,3885.6862745098038,3423.692258668563,461.9940158412405,69207,SAINT-GERMAIN-AU-MONT-D OR,69
21800.0,1678.0,2826.086956521739,2486.072855777506,340.014100744233,69238,SAINT SYMPHORIEN SUR COISE,69
27890.0,505.0,2914.357631896899,2481.1405837710063,433.2170481258927,69246,THEIZE,69
26950.0,2336.0,3508.7719298245615,3594.6253220446188,-85.85339222005723,69255,VAUGNERAY,69
29320.0,332.0,2162.162162162162,2387.3667609241224,-225.20459876196037,69265,VILLE SUR JARNIOUX,69
21540.0,69635.0,4100.539291217257,3713.0843465377798,387.45494467947765,69266,VILLEURBANNE,69
23860.0,13752.0,3701.2987012987014,3781.2531093725656,-79.95440807386422,69282,MEYZIEU,69
26070.0,5299.0,4146.739130434783,4057.557740613068,89.18138982171513,69283,MIONS,69
27380.0,2362.0,3484.015984015984,3741.6297025804884,-257.6137185645043,69288,SAINT-LAURENT-DE-MURE,69
21420.0,20081.0,3881.5917107583773,3444.5498649497185,437.04184580865876,69290,SAINT-PRIEST,69
26560.0,2416.0,3833.925,3938.801243868495,-104.87624386849484,69291,SAINT-SYMPHORIEN-D'OZON,69
26360.0,1264.0,3299.0196078431372,2931.092281782837,367.9273260603004,69294,SEREZIN-DU-RHONE,69
27400.0,2200.0,3409.051925775768,3388.5788680268392,20.473057748928568,69297,TERNAY,69
29590.0,1152.0,3326.923076923077,3308.2650400049747,18.658036918102425,69298,TOUSSIEU,69
26920.0,45329.0,2808.5106382978724,3384.528369822301,-576.0177315244287,69383,LYON 3EME,69
23840.0,66.0,1324.2134062927496,2243.550122161151,-919.3367158684016,70036,AULX-LES-CROMARY,70
20040.0,537.0,1219.7802197802198,1267.4375754036953,-47.657355623475496,70171,CORBENAY,70
23240.0,1486.0,1570.5695847362513,1868.5701028876324,-298.00051815138113,70207,ECHENOZ-LA-MELINE,70
20330.0,464.0,1643.1324110671935,1362.2994317651674,280.83297930202616,70228,FAVERNEY,70
21620.0,1742.0,1074.0740740740741,1586.3977131362988,-512.3236390622246,70245,FOUGEROLLES-SAINT-VALBERT,70
24780.0,577.0,1713.5933195592286,2871.0961072763066,-1157.502787717078,70261,FROTEY-LES-VESOUL,70
21370.0,237.0,1118.2294539437398,1329.7210659731386,-211.49161202939877,70357,MONTBOZON,70
17290.0,1311.0,1300.3220611916263,1307.161467171605,-6.839405979978665,70467,SAINT-LOUP-SUR-SEMOUSE,70
20450.0,788.0,1052.6315789473683,1101.9332166097947,-49.3016376624264,70473,SAINT-SAUVEUR,70
23240.0,1099.0,1427.714893617021,2690.996753219348,-1263.2818596023271,70513,VAIVRE-ET-MONTOILLE,70
24360.0,359.0,1817.7868642984922,1931.4192581067803,-113.63239380828804,70575,VORAY-SUR-L'OGNON,70
26590.0,293.0,2297.422680412371,2215.6730204630435,81.74965994932745,71032,BERZE-LA-VILLE,71
23690.0,308.0,1654.9619530754599,1900.9959470923031,-246.03399401684328,71052,BOYER,71
23890.0,973.0,1169.2307692307693,1479.9062802350118,-310.6755110042425,71070,BUXY,71
21390.0,2525.0,1908.4239130434783,1757.150241469774,151.27367157370418,71073,CHAGNY,71
20630.0,1068.0,1712.7594627594626,1847.1029914964267,-134.34352873696412,71081,CHAMPFORGEUIL,71
20460.0,1839.0,1500.0,1549.95196906589,-49.9519690658899,71120,CHAUFFAILLES,71
21580.0,1000.0,923.0769230769231,1266.5261487490375,-343.4492256721144,71132,CIRY-LE-NOBLE,71
18960.0,211.0,1112.0743611828884,1247.930664472287,-135.8563032893985,71165,CUSSY-EN-MORVAN,71
23750.0,700.0,1560.6060606060605,1745.3177211355194,-184.71166052945887,71189,EPERVANS,71
26140.0,454.0,2047.0588235294117,2097.0184977793147,-49.959674249902946,71250,LAIZE,71
21120.0,4557.0,1644.0189393939395,1605.0809168359397,38.93802255799983,71342,PARAY LE MONIAL,71
21820.0,723.0,1126.984126984127,2393.108463219905,-1266.124336235778,71346,PERRECY-LES-FORGES,71
23240.0,252.0,1668.4948979591836,1774.5843958513815,-106.08949789219787,71354,POISSON,71
24790.0,593.0,1792.234685073339,2142.911004329113,-350.67631925577393,71448,SAINT-MARTIN-BELLE-ROCHE,71
21660.0,907.0,1641.2213740458014,1373.7489942493498,267.4723797964516,71528,SORNAY,71
23330.0,241.0,1295.0,1406.6944768399612,-111.69447683996123,71533,TANCON,71
19470.0,1018.0,1257.183908045977,1220.2746649068497,36.909243139127284,71540,TORCY,71
20540.0,1833.0,1311.4754098360656,1444.939431585199,-133.46402174913328,72039,BONNETABLE,72
23640.0,806.0,1468.75,2496.273665665875,-1027.523665665875,72047,BRETTE LES PINS,72
20190.0,2856.0,1181.8181818181818,1371.8565559261458,-190.03837410796405,72071,MONTVAL-SUR-LOIR,72
24280.0,1469.0,1695.964087934217,2185.7076150220787,-489.7435270878616,72200,MONCE EN BELIN,72
24650.0,525.0,1549.145299145299,1778.5467484501694,-229.4014493048703,72336,SOLESMES,72
24110.0,16404.0,3921.5686274509803,4001.3154028318486,-79.74677538086826,73008,AIX LES BAINS,73
24580.0,428.0,2092.2619047619046,2053.1667376221562,39.095167139748355,73019,ARGENTINE,73
23190.0,3345.0,3129.269841269841,2985.3198143835675,143.95002688627346,73054,BOURG-SAINT-MAURICE,73
24810.0,684.0,3738.166580952381,3225.835290992048,512.3312899603329,73085,CHINDRIEUX,73
26700.0,1330.0,2324.0976608187134,2524.000690377759,-199.90302955904554,73124,GILLY SUR ISERE,73
26410.0,1901.0,4444.444444444444,3888.2785566698385,556.1658877746058,73128,GRESY-SUR-AIX,73
23430.0,1859.0,2851.1574074074074,2662.6559267629345,188.50148064447285,73215,VALGELON-LA ROCHETTE,73
25780.0,400.0,3239.541666666667,2841.111145188439,398.430521478228,73247,SAINT-JEAN-DE-LA-PORTE,73
25030.0,1834.0,2590.0,2634.514607959279,-44.51460795927915,73270,SAINT-PIERRE-D ALBIGNY,73
36440.0,1288.0,4369.4047619047615,4056.1977338264905,313.2070280782709,74040,BONNE,74
23620.0,3513.0,2863.935324746506,2931.0863555354167,-67.1510307889107,74123,FAVERGES-SEYTHENEX,74
24760.0,1272.0,3571.4285714285716,3208.9381482145063,362.49042321406523,74159,MAGLAND,74
25350.0,3003.0,4471.590909090909,3956.410452669786,515.1804564211229,74280,THONES,74
32820.0,3629.0,4547.137073452863,4293.930507004425,253.20656644843802,74298,VETRAZ-MONTHOUX,74
19680.0,1325.0,1811.0666666666666,1977.592806332711,-166.5261396660444,76101,BLANGY-SUR-BRESLE,76
25620.0,1543.0,2316.880341880342,2308.7447412939564,8.135600586385408,76116,BOOS,76
19240.0,1800.0,1748.4662576687117,1800.5261104883525,-52.05985281964081,76178,CLEON,76
26020.0,606.0,2218.3333333333335,2225.286149581563,-6.9528162482297375,76245,ESLETTES,76
22980.0,345.0,1318.1818181818182,1538.4895723138318,-220.30775413201354,76355,HERICOURT-EN-CAUX,76
24060.0,765.0,1834.368530020704,1903.9498675247114,-69.58133750400748,76378,JUMIEGES,76
20480.0,576.0,1540.388349514563,1484.7554513873515,55.63289812721155,76392,LONDINIERES,76
23820.0,7093.0,2331.666666666667,2760.5716967327116,-428.9050300660447,76447,MONTIVILLIERS,76
23000.0,2096.0,2129.7196796338676,2172.4112733422307,-42.69159370836314,76452,MONTVILLE,76
22970.0,398.0,1900.0,2006.4540595684243,-106.45405956842433,76457,MOULINEAUX,76
27350.0,897.0,2189.028704265211,2376.1555909375925,-187.12688667238126,76464,NEUVILLE-CHANT-D OISEL (LA),76
18940.0,9943.0,1752.5,2026.1953274923042,-273.69532749230416,76498,PETIT QUEVILLY (LE),76
21590.0,3609.0,1676.736111111111,1675.8599143110023,0.8761968001088007,76561,SAINT AUBIN LES ELBEUF,76
27660.0,556.0,2128.2901346192484,2339.3855956709886,-211.09546105174013,76594,SAINT-JEAN-DU-CARDONNAY,76
21180.0,299.0,2354.417670682731,2051.529310682443,302.88836000028823,76613,SAINT MARTIN AUX BUNEAUX,76
23230.0,3861.0,2272.1807628524048,3189.0372872198495,-916.8565243674448,76618,PETIT-CAUX,76
26780.0,438.0,2346.153846153846,2284.5695240288787,61.58432212496746,76650,ST SAUVEUR D'EMALLEVILLE,76
26930.0,416.0,2528.9473684210525,2371.557905626722,157.38946279433048,76673,SERVAVILLE-SALMONVILLE,76
24890.0,327.0,2138.846153846154,2109.943718084124,28.902435762029654,76702,TOUFFREVILLE-LA-CORBELINE,76
21300.0,5562.0,2494.2528735632186,2500.5231844511354,-6.270310887916821,76758,YVETOT,76
28400.0,128.0,3156.001326259947,2442.4836594987305,713.5176667612163,77004,ANDREZEL,77
33500.0,2414.0,4272.729018628768,3927.232443009998,345.4965756187703,77037,BOIS LE ROI,77
29200.0,1394.0,3158.626453488372,3492.1400476833664,-333.5135941949943,77040,BOISSISE-LE-ROI,77
25040.0,7819.0,3349.3589743589746,3533.0893625950475,-183.73038823607294,77053,BRIE COMTE ROBERT,77
24550.0,556.0,2069.579100145138,2102.502577998208,-32.923477853069926,77070,CHAILLY-EN-BRIE,77
26670.0,1736.0,3064.516129032258,2901.801250978136,162.71487805412198,77100,CHATELET-EN-BRIE (LE),77
27100.0,412.0,3669.607843137255,3042.067553630137,627.5402895071179,77141,COUTEVROULT,77
26890.0,2102.0,3023.529411764706,2862.201732603326,161.32767916137982,77142,CRECY LA CHAPELLE,77
20310.0,8798.0,3055.5555555555557,2674.1666628396656,381.38889271589005,77152,DAMMARIE LES LYS,77
25560.0,4309.0,3173.0337078651687,3235.7872102863366,-62.75350242116792,77153,DAMMARTIN-EN-GOELE,77
23170.0,1157.0,2363.6363636363635,1713.2147915175942,650.4215721187693,77159,DONNEMARIE-DONTILLY,77
25380.0,444.0,1267.0289855072465,1491.4042765325096,-224.3752910252631,77162,DOUE,77
27620.0,2567.0,2840.909090909091,3108.6508850318282,-267.74179412273725,77171,ESBLY,77
24260.0,3217.0,3160.919540229885,2796.2215653609683,364.69797486891684,77215,GRETZ-ARMAINVILLIERS,77
25220.0,9570.0,3783.3333333333335,3802.136510050405,-18.803176717071437,77243,LAGNY-SUR-MARNE,77
20250.0,712.0,2193.782141187471,1878.2722218363467,315.5099193511244,77260,LONGUEVILLE,77
28010.0,349.0,2457.9439252336447,2420.713573748546,37.23035148509871,77270,MAISONCELLES-EN-BRIE,77
26100.0,185.0,2458.492003046458,2577.006011911506,-118.5140088650478,77274,MARCILLY,77
20010.0,22527.0,2944.6153846153848,2912.7512476684774,31.864136946907365,77284,MEAUX,77
26920.0,817.0,2478.2056074766356,2587.8436264027773,-109.63801892614174,77302,MONCOURT FROMONVILLE,77
28710.0,1229.0,3658.5365853658536,3072.1264170295694,586.4101683362842,77312,MONTIGNY-SUR-LOING,77
27270.0,7998.0,3445.455174322081,3451.3554327148568,-5.900258392775868,77350,OZOIR LA FERRIERE,77
21460.0,926.0,2034.8837209302326,1850.034602515365,184.8491184148677,77385,REBAIS,77
24320.0,7820.0,3526.6666666666665,3430.0237835373055,96.64288312936105,77390,ROISSY-EN-BRIE,77
26270.0,797.0,2359.1210613598673,2460.4738247750956,-101.35276341522831,77433,BEAUTHEIL-SAINTS,77
25210.0,430.0,2539.7368421052633,2356.6994241972507,183.03741790801269,77440,SAMMERON,77
28470.0,812.0,2699.1060606060605,2724.7634605643975,-25.65739995833701,77455,SOIGNOLLES-EN-BRIE,77
25580.0,4268.0,3426.573426573427,3325.044389977585,101.52903659584172,77464,THORIGNY SUR MARNE,77
26950.0,4527.0,2982.4561403508774,3578.8389028338556,-596.3827624829783,77487,VAUX-LE-PENIL,77
21690.0,435.0,1714.2857142857142,1704.7790415401732,9.506672745540982,77519,VILLIERS-SAINT-GEORGES,77
31990.0,537.0,2953.4438775510207,2994.4195226500806,-40.975645099059875,78048,BAZAINVILLE,78
32680.0,5624.0,4576.923076923077,4502.990919971087,73.93215695198978,78124,CARRIERES SUR SEINE,78
30840.0,476.0,3171.374566838181,3253.728672628592,-82.35410579041081,78171,CONDE-SUR-VESGRE,78
25030.0,3096.0,2906.4542483660134,2911.637944486876,-5.183696120862805,78267,GARGENVILLE,78
25330.0,801.0,2533.7618181818184,2455.7294921562047,78.03232602561366,78337,LIMETZ-VILLEZ,78
28230.0,561.0,2184.671064687557,2303.516143063557,-118.84507837599995,78346,LONGNES,78
34440.0,660.0,2645.720749026015,3265.791743339031,-620.0709943130164,78368,MAREIL-SUR-MAULDRE,78
29730.0,2427.0,3457.96095753776,3598.929789091236,-140.96883155347632,78380,MAULE,78
32940.0,2874.0,3714.3538461538465,3722.8705425079957,-8.51669635414919,78397,MESNIL-SAINT-DENIS (LE),78
34200.0,1124.0,4125.0,3885.0232007570485,239.97679924295153,78420,MONTFORT-L AMAURY,78
24860.0,1059.0,2235.6643356643353,2294.2378152843235,-58.57347961998812,78501,PORCHEVILLE,78
34630.0,727.0,3103.0416666666665,3160.240529191703,-57.198862525036475,78550,SAINT-GERMAIN-DE-LA-GRANGE,78
44020.0,1922.0,4957.539682539682,4659.337245261566,298.2024372781161,78571,SAINT-NOM-LA-BRETECHE,78
29550.0,410.0,2706.1946902654868,2730.5406828426717,-24.345992577184916,78605,TACOIGNIERES,78
38200.0,2347.0,4325.750487985461,4295.844896079087,29.905591906373957,78672,VILLENNES-SUR-SEINE,78
21720.0,3433.0,1624.900872323553,1851.6461740351672,-226.74530171161427,79079,MAULEON,79
20560.0,912.0,1262.0079610791686,1383.4658417926942,-121.45788071352558,79148,LEZAY,79
20430.0,332.0,1061.0479797979797,1196.1099542063298,-135.06197440835012,79156,LOUIN,79
26170.0,1349.0,1464.3178314491265,2092.6722050009275,-628.354373551801,79162,MAGNE,79
21170.0,773.0,950.0,1471.2686749390853,-521.2686749390853,79239,SAINT-AUBIN-LE-CLOUD,79
26510.0,906.0,1896.0,2390.4372122347067,-494.43721223470675,79249,SAINT GELAIS,79
19990.0,815.0,1375.0,1347.0429994318276,27.95700056817236,79311,SECONDIGNY,79
23140.0,358.0,1564.6296296296296,1662.8675030667998,-98.23787343717026,79319,SOUVIGNE,79
19700.0,622.0,778.9473684210526,990.6938102959631,-211.7464418749105,79326,THENEZAY,79
19620.0,4466.0,1439.3939393939395,1693.4262390729796,-254.03229967904008,80016,ALBERT,80
19640.0,1972.0,1406.030855539972,1528.9031884447604,-122.87233290478844,80368,FRIVILLE-ESCARBOTIN,80
23100.0,542.0,1819.5723684210525,1896.6115196626297,-77.0391512415772,80523,MEAULTE,80
19840.0,1433.0,2179.10447761194,1983.6546290739043,195.4498485380359,80533,MERS-LES-BAINS,80
19950.0,1320.0,1380.281690140845,1498.1251079396648,-117.8434177988197,80680,ROSIERES-EN-SANTERRE,80
18490.0,769.0,1188.888888888889,1080.0370544806822,108.85183440820674,80711,SAINT-OUEN,80
27000.0,617.0,1836.0042735042734,2094.388272528849,-258.3839990245756,80798,VILLERS-BOCAGE,80
22220.0,216.0,1248.2954545454545,1920.0110590652655,-671.715604519811,81067,CESTAYROLS,81
22770.0,5071.0,1953.7242562929061,2265.6387210436615,-311.9144647507553,81140,LAVAUR,81
25950.0,1481.0,2529.9819566960705,2675.2150730559165,-145.233116359846,81218,PUYGOUZON,81
21240.0,1637.0,1937.5953470633106,1976.5054430409893,-38.91009597767879,81222,REALMONT,81
23430.0,1593.0,2354.320987654321,2322.6108776994697,31.710109954851305,82025,BRESSOLS,82
22080.0,625.0,1993.75,2137.6294881316408,-143.87948813164076,82062,FINHAN,82
21300.0,1289.0,1993.9516129032259,1824.8750575599897,169.07655534323612,82087,LAFRANCAISE,82
20150.0,521.0,1124.6173469387754,1237.8878724998594,-113.27052556108401,82089,LAMAGISTERE,82
20810.0,783.0,1163.6363636363637,1344.9128869415713,-181.27652330520755,82115,MONCLAR-DE-QUERCY,82
20890.0,323.0,1689.655172413793,1571.877376976636,117.77779543715701,82127,MONTESQUIEU,82
18760.0,267.0,800.0,901.022643685632,-101.02264368563203,82137,PARISOT,82
22790.0,410.0,2954.594017094017,2428.402455178503,526.1915619155143,83003,AMPUS,83
21540.0,151.0,1531.4285714285713,1573.9530193211506,-42.524447892579246,83005,ARTIGNOSC-SUR-VERDON,83
25060.0,1295.0,3728.4210526315787,3446.5631280142093,281.85792461736946,83008,BAGNOLS-EN-FORET,83
25180.0,4539.0,3378.2161234991427,3355.2055301673413,23.010593331801374,83016,LE BEAUSSET,83
19980.0,7834.0,3230.2083333333335,2101.401400932982,1128.8069324003513,83023,BRIGNOLES,83
25910.0,1541.0,3352.2608695652175,3097.319765638157,254.94110392706034,83029,CALLIAN,83
22340.0,1586.0,3816.4473684210525,3226.9001821782276,589.5471862428249,83033,CARNOULES,83
21630.0,5210.0,4778.9399359819245,2770.02940317532,2008.9105328066044,83042,COGOLIN,83
23170.0,2634.0,3478.3699213630407,3173.6138828692515,304.7560384937892,83055,FAYENCE,83
22800.0,1523.0,2925.679012345679,2533.698599494721,391.98041285095815,83057,FLASSANS-SUR-ISSOLE,83
20490.0,850.0,3000.0,2516.9189639798483,483.0810360201517,83063,LA GARDE FREINET,83
22960.0,26388.0,3783.7837837837837,3652.356083990316,131.42769979346758,83069,HYERES,83
20810.0,4508.0,3064.516129032258,2853.6231194226,210.89300960965784,83073,LE LUC,83
27540.0,2249.0,4054.4554455445545,3822.737021534464,231.71842401009053,83097,POURRIERES,83
25660.0,5452.0,4470.833333333333,3923.6428404403005,547.1904928930326,83098,LE PRADET,83
22610.0,1026.0,2799.5602024728237,2532.4818538729724,267.0783485998513,83113,SAINT-JULIEN,83
26150.0,9664.0,4294.036697247707,4036.99649228452,257.0402049631866,83123,SANARY SUR MER,83
17690.0,41745.0,2438.0165289256197,2367.11841452168,70.89811440393987,84007,AVIGNON,84
22970.0,684.0,2320.8333333333335,1810.7385777485938,510.0947555847397,84009,LA BASTIDE DES JOURDANS,84
18750.0,11830.0,2602.3413312693497,2296.440080639912,305.9012506294375,84035,CAVAILLON,84
22150.0,2583.0,2706.6666666666665,2510.6256698788443,196.04099678782222,84039,COURTHEZON,84
20360.0,12816.0,2494.627659574468,2520.220511619726,-25.59285204525804,84087,ORANGE,84
23570.0,2033.0,3549.6585365853657,3136.9128086683195,412.7457279170462,84099,ROBION,84
25480.0,2193.0,3160.0,3010.0101064333603,149.9898935666397,84119,SAINT-SATURNIN-LES-AVIGNON,84
21800.0,3044.0,3006.849315068493,2589.4026633296353,417.4466517388578,84137,VAISON-LA-ROMAINE,84
21280.0,272.0,3122.1097883597886,2602.294879389908,519.8149089698804,84144,VIENS,84
23110.0,340.0,2797.8947368421054,2494.0707837243913,303.82395311771415,84145,VILLARS,84
22590.0,1669.0,2893.9909297052154,2512.3541843124735,381.6367453927419,85001,AIGUILLON-LA-PRESQU'ILE (L'),85
23800.0,2532.0,2110.204081632653,2866.7248293663883,-756.5207477337353,85019,BELLEVIGNY,85
20870.0,448.0,1515.1515151515152,1748.394281611722,-233.24276646020667,85054,CHAPELLE-HERMIER (LA),85
23620.0,1297.0,3128.7128712871286,2869.3436705753784,259.3692007117502,85112,ILE-D'OLONNE (L'),85
23260.0,2541.0,2099.236641221374,2265.162117539125,-165.92547631775096,85151,MORTAGNE-SUR-SEVRE,85
21550.0,457.0,1822.9166666666667,1925.4997587845014,-102.58309211783467,85169,PALLUAU,85
21940.0,962.0,2134.5419254658386,2058.567277552964,75.97464791287484,85172,PERRIER (LE),85
23380.0,1028.0,2282.608695652174,2244.152324340091,38.456371312082865,85211,SAINTE-FLAIVE-DES-LOUPS,85
22210.0,1241.0,2211.5384615384614,2075.7057644766533,135.83269706180818,85221,SAINT-GERVAIS,85
23920.0,7021.0,3347.5,3316.0895235062567,31.410476493743317,85226,SAINT-HILAIRE-DE-RIEZ,85
23110.0,5353.0,3319.318181818182,3132.6672976047935,186.6508842133885,85234,SAINT-JEAN-DE-MONTS,85
22330.0,763.0,1548.611111111111,1706.745693812622,-158.1345827015109,85254,SAINT-MESMIN,85
20920.0,337.0,2268.041237113402,1864.862590123241,403.17864699016104,85260,SAINT-PAUL-MONT-PENIT,85
24630.0,934.0,3175.925925925926,2619.8238611538277,556.1020647720984,85278,SAINT-VINCENT-SUR-JARD,85
22910.0,1315.0,2160.3053435114502,2120.733898011678,39.57144549977238,85295,TREIZE-SEPTIERS,85
23850.0,498.0,1270.1044979554747,1397.1349654027945,-127.03046744731978,86007,ANTRAN,86
23870.0,730.0,1481.25,1704.1485303182926,-222.89853031829261,86014,AVAILLES-EN-CHATELLERAULT,86
24910.0,591.0,2069.422150882825,1953.6361982703495,115.78595261247551,86024,BERUGES,86
23800.0,898.0,941.8109390054102,2145.014745532852,-1203.2038065274419,86032,BONNEUIL-MATOURS,86
21640.0,1373.0,1743.9024390243903,1741.66789994769,2.23453907670023,86092,DANGE-SAINT-ROMAIN,86
23330.0,1296.0,1959.1836734693877,1968.3067418344613,-9.12306836507355,86095,DISSAY,86
22050.0,1253.0,1063.121951219512,1332.3882961307236,-269.2663449112115,86123,BOIVRE-LA-VALLEE,86
20150.0,36947.0,2037.037037037037,2374.9758474319474,-337.93881039491043,86194,POITIERS,86
21830.0,575.0,1625.1778093883358,1629.7262217816003,-4.548412393264471,86224,SAINT-GERVAIS-LES-TROIS-CLO,86
23360.0,1215.0,757.5757575757576,1339.7718354946892,-582.1960779189316,86233,VALDIVIENNE,86
23310.0,1193.0,1417.3228346456692,2109.6797597795376,-692.3569251338683,86272,THURE,86
22530.0,1668.0,1619.047619047619,1749.8711823419942,-130.82356329437516,86293,VIVONNE,86
25340.0,430.0,1375.0,2021.5872264658872,-646.5872264658872,87005,AUREIL,87
21660.0,1341.0,1515.3846153846155,1397.4224937188926,117.96212166572286,87014,BESSINES-SUR-GARTEMPE,87
20470.0,413.0,1102.9411764705883,1159.5005689522347,-56.559392481646455,87024,BUJALEUF,87
17830.0,858.0,1095.5564102564103,1307.6310222560369,-212.07461199962654,87028,VAL-D'OIRE-ET-GARTEMPE,87
21320.0,334.0,1320.754716981132,1416.0610722872682,-95.30635530613608,87036,CHAMPSAC,87
21340.0,696.0,1002.39898989899,1133.5778808593016,-131.1788909603116,87040,CHATEAUNEUF-LA-FORET,87
24810.0,2290.0,1610.1694915254238,1976.5406137100183,-366.37112218459447,87048,CONDAT-SUR-VIENNE,87
18670.0,330.0,975.1202367739548,1176.9852857305234,-201.86504895656856,87060,DOURNAZAC,87
20590.0,931.0,1205.5565672220068,1301.5347431759042,-95.97817595389733,87064,EYMOUTIERS,87
24630.0,2782.0,1900.1492537313434,3412.4313821696664,-1512.282128438323,87065,FEYTIAT,87
20590.0,60941.0,1900.7575757575758,2117.9013175212835,-217.1437417637078,87085,LIMOGES,87
20200.0,740.0,962.5350140056023,1094.4764459817964,-131.94143197619405,87089,MAGNAC-LAVAL,87
21480.0,2062.0,1201.388888888889,1628.6665266563546,-427.27763776746565,87161,ST-LEONARD-DE-NOBLAT,87
21760.0,3312.0,1283.3333333333333,3003.473368968925,-1720.1400356355919,87187,ST YRIEIX LA PERCHE,87
21740.0,1577.0,2098.7654320987654,1893.4345232057788,205.3309088929866,88009,ANOULD,88
22260.0,2010.0,2612.5,2467.1961467988085,145.3038532011915,88075,LA BRESSE,88
20340.0,1388.0,1358.5197368421054,1438.148465518749,-79.6287286766435,88116,CORNIMONT,88
23660.0,861.0,1977.2727272727275,2125.7932040008563,-148.52047672812887,88148,DOMMARTIN-LES-REMIREMONT,88
20140.0,14913.0,1951.8398268398269,1903.2718832398452,48.56794359998162,88160,EPINAL,88
20290.0,1380.0,1576.0869565217392,1549.4279767987014,26.658979723037874,88181,FRAIZE,88
22450.0,3992.0,3168.3168316831684,2961.107344769018,207.2094869141506,88196,GERARDMER,88
23520.0,216.0,1065.1795212765958,1177.1823622816735,-112.0028410050777,88246,HYMONT,88
20560.0,1463.0,1204.7008547008547,1422.0130455039937,-217.31219080313895,88319,MOYENMOUTIER,88
19160.0,775.0,1822.1945482219455,1259.332943256205,562.8616049657405,88349,PLAINFAING,88
18300.0,2232.0,972.2222222222222,1266.600589928577,-294.37836770635477,88367,RAMBERVILLERS,88
21070.0,842.0,1604.1520467836258,1622.020443096159,-17.86839631253315,88369,RAMONCHAMP,88
20760.0,1139.0,1825.3968253968253,1668.3138635689425,157.08296182788285,88447,SAULXURES-SUR-MOSELOTTE,88
22720.0,457.0,1661.5569823434992,1645.4188746857,16.138107657799083,88484,UZEMAIN,88
19430.0,1226.0,1025.0,1175.5848365634251,-150.58483656342514,89055,BRIENON SUR ARMANCON,89
23650.0,705.0,1723.4885294117648,2004.6790957242906,-281.1905663125258,89077,CHAMPS-SUR-YONNE,89
23020.0,361.0,2119.5652173913045,2029.2133403530702,90.3518770382343,89136,CUY,89
21700.0,579.0,1731.8181818181818,1756.3759207332123,-24.55773891503054,89218,LAROCHE ST CYDROINE,89
23630.0,540.0,1323.8805970149253,1718.997961374474,-395.1173643595487,89227,LIGNY LE CHATEL,89
22290.0,1237.0,2053.846153846154,2064.2684367555066,-10.422282909352816,89338,ST CLEMENT,89
23210.0,499.0,1251.2518142235122,1428.1071712573234,-176.8553570338113,89391,SERGINES,89
23690.0,661.0,1860.0,1981.9676444264492,-121.96764442644917,89399,SOUCY,89
23020.0,438.0,1244.4444444444443,1544.3631607510656,-299.91871630662126,89407,TANLAY,89
24220.0,734.0,1899.75,2186.0772565594007,-286.32725655940067,89438,VENOY,89
21940.0,650.0,1075.0,1398.9399485370755,-323.93994853707545,89441,VERMENTON,89
22350.0,1402.0,1882.3529411764705,1983.8045255250493,-101.45158434857876,89460,VILLENEUVE LA GUYARD,89
22990.0,439.0,1501.5953892415637,1688.9003797679775,-187.3049905264138,89469,PERCENEIGE,89
25050.0,1479.0,1822.3650633640555,2120.7803714099514,-298.4153080458959,90039,ESSERT,90
20890.0,1389.0,1838.3838383838383,1730.2515233998179,108.13231498402047,90052,GIROMAGNY,90
23550.0,601.0,1468.1818181818182,1543.5820375353587,-75.40021935354048,90089,ROUGEMONT-LE-CHATEAU,90
27770.0,1553.0,2774.5098039215686,2886.4553570813314,-111.94555315976277,91085,BOISSY-SOUS-SAINT-YON,91
27040.0,1291.0,2676.906779661017,2683.9319809957624,-7.025201334745361,91099,BOUTIGNY-SUR-ESSONNE,91
26570.0,3526.0,2776.504188880426,2767.6201944588156,8.883994421610623,91105,BREUILLET,91
27170.0,465.0,2702.3809523809523,2741.8467107470783,-39.46575836612601,91109,BRIERES-LES-SCELLES,91
28780.0,620.0,2622.655122655123,2642.7158673716744,-20.060744716551653,91159,CHEVANNES,91
23140.0,8121.0,3984.375,3739.6577646117057,244.71723538829428,91161,CHILLY MAZARIN,91
18970.0,20802.0,2956.1225353304562,2627.427342460939,328.6951928695171,91174,CORBEIL ESSONNES,91
26280.0,3774.0,3964.99040833105,3578.841914516377,386.14849381467275,91191,CROSNE,91
23670.0,4632.0,3103.448275862069,2974.313575944481,129.13469991758802,91200,DOURDAN,91
26090.0,11202.0,3546.740506329114,3637.436568807629,-90.69606247851516,91201,DRAVEIL,91
20480.0,10282.0,2333.3333333333335,2363.3300906097916,-29.996757276458084,91223,ETAMPES,91
23520.0,7979.0,3338.742393509128,3137.585007491661,201.1573860174667,91326,JUVISY SUR ORGE,91
27910.0,1706.0,3282.1938867788026,3288.4285434414173,-6.234656662614725,91333,LEUVILLE-SUR-ORGE,91
30560.0,2720.0,3600.0,3558.712060367451,41.28793963254884,91338,LIMOURS,91
28720.0,1744.0,2406.0150375939847,2849.1652298598506,-443.1501922658658,91457,LA NORVILLE,91
33200.0,6698.0,3824.324324324324,4071.8327573497268,-247.5084330254026,91471,ORSAY,91
23930.0,3814.0,3522.0333333333333,3367.479964445378,154.55336888795546,91514,QUINCY-SOUS-SENART,91
20090.0,11037.0,3452.3809523809523,1821.0791660516866,1631.3017863292657,91521,RIS-ORANGIS,91
26060.0,740.0,2768.9655172413795,2756.806859287543,12.15865795383661,91533,SACLAS,91
26980.0,2122.0,3042.979787002825,3016.2197439118218,26.760043091003354,91540,SAINT-CHERON,91
24340.0,3938.0,3000.0,2683.6000732354983,316.39992676450174,91552,SAINT-GERMAIN-LES-ARPAJON,91
27730.0,2209.0,3088.7096774193546,3133.22324171201,-44.513564292655246,91577,SAINTRY-SUR-SEINE,91
25590.0,15147.0,3825.344952795933,3841.325297521118,-15.980344725185205,91589,SAVIGNY-SUR-ORGE,91
29190.0,4381.0,4329.896907216495,4199.660431425955,130.23647579053977,91661,VILLEBON SUR YVETTE,91
28900.0,1772.0,3553.719008264463,3469.32431499186,84.39469327260304,91685,VILLIERS-SUR-ORGE,91
18380.0,17953.0,4125.0,3292.7637586586006,832.2362413413994,92036,GENNEVILLIERS,92
17460.0,19409.0,3553.4351145038167,3334.14334739806,219.29176710575666,93007,LE BLANC-MESNIL,93
16330.0,17667.0,3452.3809523809523,3036.8510118447366,415.5299405362157,93008,BOBIGNY,93
15260.0,7915.0,2892.7927927927926,1967.307837433723,925.4849553590695,93014,CLICHY SOUS BOIS,93
23090.0,15407.0,3793.627450980392,3655.3351375615543,138.2923134188377,93032,GAGNY,93
21750.0,17428.0,3680.5555555555557,3282.1677581911417,398.3877973644139,93046,LIVRY-GARGAN,93
23490.0,26862.0,3957.7464788732395,3860.3180914668606,97.42838740637899,93051,NOISY-LE-GRAND,93
21420.0,13187.0,3360.655737704918,3688.96557911937,-328.30984141445197,93073,TREMBLAY-EN-FRANCE,93
23920.0,12139.0,4130.434782608696,4020.9378813506974,109.49690125799862,93077,VILLEMOMBLE,93
16640.0,4039.0,1825.5596761295483,1603.944614765041,221.61506136450726,93079,VILLETANEUSE,93
19530.0,6572.0,3600.0,3083.2827004590627,516.7172995409373,94011,BONNEUIL-SUR-MARNE,94
23940.0,10992.0,3840.460526315789,3748.9949855502887,91.46554076550046,94034,FRESNES,94
24990.0,12610.0,4524.12906910337,3927.904135358686,596.2249337446842,94038,L'HAY-LES-ROSES,94
19680.0,26024.0,4138.1278538812785,3654.8027811578213,483.3250727234572,94041,IVRY-SUR-SEINE,94
28200.0,1729.0,3548.046875,3336.9476343010574,211.0992406989426,94047,MANDRES-LES-ROSES,94
19610.0,8664.0,3807.6923076923076,3276.8204264336155,530.8718812586922,94054,ORLY,94
29610.0,4052.0,3781.5789473684213,3902.7469469027733,-121.16799953435202,94055,ORMESSON-SUR-MARNE,94
32730.0,32801.0,4712.5,4286.97968939061,425.52031060939044,94068,SAINT-MAUR-DES-FOSSES,94
27830.0,4335.0,3814.3599433160134,3718.961837075385,95.3981062406283,94075,VILLECRESNES,94
19350.0,41741.0,3514.285714285714,3219.5032133626223,294.7825009230919,95018,ARGENTEUIL,95
20270.0,24210.0,3078.883495145631,3226.628726339386,-147.745231193755,95127,CERGY,95
27340.0,1861.0,3135.593220338983,3053.29482431343,82.29839602555285,95134,CHAMPAGNE SUR-OISE,95
24320.0,6898.0,3147.146550009942,3248.913814646144,-101.76726463620207,95218,ERAGNY-SUR-OISE,95
25510.0,3786.0,3640.6911764705883,3416.991158988408,223.7000174821801,95229,EZANVILLE,95
24120.0,15625.0,4193.972445464982,4008.3027957861736,185.66964967880858,95252,FRANCONVILLE LA GARENNE,95
23850.0,2323.0,2686.6074538488333,2674.1658532918373,12.441600556996036,95355,MAGNY-EN-VEXIN,95
26550.0,2177.0,2840.909090909091,2919.158130124936,-78.24903921584519,95371,MARLY-LA-VILLE,95
25830.0,2160.0,3099.4565217391305,3019.3423116950876,80.11421004404292,95388,MENUCOURT,95
28560.0,1541.0,3313.253012048193,3063.3523474615736,249.9006645866193,95430,MONTSOULT,95
19590.0,4828.0,2856.32183908046,2501.7391246597344,354.58271442072555,95487,PERSAN,95
28960.0,6542.0,3925.925925925926,3914.262579972347,11.66334595357921,95563,ST LEU LA FORET,95
24250.0,10938.0,3707.8651685393256,3524.213371409447,183.65179712987856,95582,SANNOIS,95
29420.0,523.0,3429.514457174032,3269.3558868460673,160.15857032796475,95628,VALMONDOIS,95
16190.0,9362.0,2898.550724637681,2390.673351255528,507.8773733821531,95680,VILLIERS-LE-BEL,95
21960.0,637.0,1142.6553672316386,1290.5268432540731,-147.87147602243454,71212,GENELARD,71
21130.0,3273.0,1846.938775510204,1885.0298037086322,-38.09102819842815,71263,LOUHANS,71
20050.0,628.0,2695.2380952380954,2010.4596142038124,684.778481034283,71295,MERVANS,71
23670.0,957.0,1315.025641025641,2143.3943805521235,-828.3687395264824,71309,MONTCENIS,71
23750.0,1367.0,1905.982905982906,2860.847788518241,-954.864882535335,71336,OUROUX-SUR-SAONE,71
21700.0,953.0,1743.9895470383276,1753.2845991118077,-9.295052073480065,71419,SAINT-GERMAIN-DU-BOIS,71
24790.0,310.0,1574.561403508772,1767.681370883145,-193.11996737437312,71439,SAINT-LEGER-LES-PARAY,71
22290.0,682.0,1703.1854838709678,1689.13710732444,14.048376546527834,71442,SAINT-LEGER-SUR-DHEUNE,71
22270.0,2739.0,2020.8333333333333,2139.7800237378046,-118.94669040447138,71445,SAINT-MARCEL,71
21760.0,1354.0,1660.0,1630.9323382214861,29.067661778513866,71512,SENNECEY-LE-GRAND,71
21380.0,1331.0,1516.8539325842696,1442.703966568166,74.14996601610369,72090,CONNERRE,72
19370.0,3217.0,2013.904761904762,1705.5268451353713,308.3779167693906,72095,COULAINES,72
23900.0,596.0,1648.4126984126983,1928.7324644016544,-280.3197659889561,72096,COULANS SUR GEE,72
23240.0,906.0,1594.3030973451328,1727.4418647061702,-133.13876736103748,72137,VILLENEUVE EN PERSEIGNE,72
24280.0,1258.0,2107.1428571428573,2235.2686741309303,-128.12581698807298,72146,GUECELARD,72
23810.0,495.0,1605.0824175824177,1741.9483714394541,-136.8659538570364,72147,LA GUIERCHE,72
22450.0,614.0,1548.202614379085,1470.3776525607243,77.82496181836063,72172,LE LUART,72
21180.0,68503.0,2057.1428571428573,2566.9154033513128,-509.7725462084554,72181,LE MANS,72
22510.0,619.0,1257.4257425742574,1528.4916947734255,-271.0659521991681,72243,PONTVALLAIN,72
23330.0,919.0,1620.1633287964223,1715.3633406605234,-95.20001186410104,72308,SAINT PATERNE - LE CHEVAIN,72
21420.0,365.0,1346.7571644042232,1607.1534597317618,-260.3962953275386,72315,SAINT REMY DE SILLE,72
25090.0,1757.0,1926.9554736245036,2201.0916538637703,-274.13618023926665,72329,SAVIGNE L EVEQUE,72
20110.0,182.0,1323.6301369863013,1556.4177839551585,-232.7876469688572,72330,SAVIGNE SOUS LE LUDE,72
23460.0,1255.0,1939.1304347826087,2085.536481452832,-146.4060466702233,72350,TELOCHE,72
21770.0,660.0,1380.7692307692307,1539.564987415418,-158.79575664618733,72358,THORIGNE SUR DUE,72
26780.0,2555.0,3526.116666666667,3389.439807123742,136.67685954292483,73010,ENTRELACS,73
27220.0,1518.0,3216.374269005848,3178.864602122428,37.50966688341987,73151,PORTE-DE-SAVOIE,73
27980.0,432.0,2110.0,2083.2892858425403,26.710714157459734,73160,MONTAGNOLE,73
28510.0,1212.0,3426.0896551724136,3241.8227411648613,184.26691400755226,73225,SAINT-BALDOPH,73
23360.0,704.0,1860.4794520547944,1884.9221444916957,-24.442692436901325,73226,SAINT-BERON,73
23200.0,1342.0,2053.979366249079,2112.941239065886,-58.961872816807045,73236,SAINT-GENIX-LES-VILLAGES,73
23620.0,1057.0,3098.9043369993774,2714.9544103431526,383.94992665622476,73285,SEEZ,73
22800.0,13655.0,4666.666666666667,4328.795982224774,337.870684441893,74012,ANNEMASSE,74
32160.0,2911.0,4194.166666666667,3897.9003090450396,296.2663576216273,74105,DOUVAINE,74
33530.0,1078.0,3198.0978260869565,3466.471479874904,-268.37365378794766,74154,LUGRIN,74
30790.0,734.0,3322.981366459627,3332.2617710789154,-9.28040461928822,74166,MARIN,74
44650.0,911.0,4377.111111111111,3932.747869325212,444.3632417858994,74180,MESSERY,74
29350.0,1033.0,3997.029702970297,3681.3970385754433,315.6326643948537,74183,MIEUSSY,74
24640.0,2778.0,4359.58485958486,3119.1427516904055,1240.4421078944547,74236,SAINT GERVAIS LES BAINS,74
34430.0,5924.0,4350.0,4268.579744978292,81.42025502170782,74243,SAINT-JULIEN-EN-GENEVOIS,74
31760.0,2014.0,3294.6428571428573,3468.0243987137815,-173.38154157092413,74311,VIUZ-EN-SALLAZ,74
22390.0,202.0,2400.358422939068,1830.6370480950732,569.7213748439949,76030,AUBERMESNIL-BEAUMAIS,76
20100.0,985.0,1067.8842905405404,1344.6600095097301,-276.7757189691897,76035,AUMALE,76
25600.0,3911.0,2983.8709677419356,3105.566497964481,-121.69553022254559,76095,BIHOREL,76
32370.0,5993.0,2928.6751361161523,4583.2777175831525,-1654.6025814670002,76108,BOIS GUILLAUME,76
25950.0,489.0,1973.3106351236147,2461.508082601058,-488.19744747744335,76169,CERLANGUE (LA),76
22020.0,853.0,1729.1666666666667,1688.6847567011664,40.481909965500336,76235,ENVERMEU,76
19850.0,8722.0,2103.448275862069,2294.529341090983,-191.0810652289142,76259,FECAMP,76
19390.0,2837.0,1646.6613672496026,1581.6027522654051,65.05861498419745,76312,GOURNAY-EN-BRAY,76
21990.0,372.0,1932.2916666666667,2046.9533906441284,-114.66172397746163,76315,GRAINVILLE-LA-TEINTURIERE,76
21100.0,3971.0,1969.2152678994785,1818.3504832311132,150.86478466836525,76319,GRAND-COURONNE,76
31100.0,1464.0,3156.25,3321.320880772253,-165.07088077225308,76377,ISNEAUVILLE,76
22900.0,1114.0,1882.2731383780524,2016.5120220644812,-134.23888368642884,76401,ARELAUNE-EN-SEINE,76
22540.0,2615.0,1989.3438057040999,2124.89802739123,-135.55422168712994,76402,MALAUNAY,76
23170.0,418.0,1773.5243482538121,1901.469473796431,-127.94512554261883,76418,MAULEVRIER-SAINTE-GERTRUDE,76
21680.0,259.0,1481.4814814814815,1699.7845217759655,-218.30304029448394,76441,MONCHAUX-SORENG,76
22570.0,3085.0,2214.788732394366,2429.693392870117,-214.90466047575092,76474,NOTRE-DAME-DE-BONDEVILLE,76
28970.0,2502.0,2475.509219554031,3255.74921425623,-780.239994702199,76475,FRANQUEVILLE-SAINT-PIERRE,76
24480.0,211.0,1909.1040062299903,1864.321903070561,44.782103159429425,76492,OUVILLE-LA-RIVIERE,76
28900.0,717.0,2544.2641118229467,2818.664585840163,-274.4004740172163,76509,PREAUX,76
30410.0,1270.0,2744.4444444444443,2910.5781913320984,-166.13374688765407,76517,QUINCAMPOIX,76
24750.0,416.0,2035.7716251638271,2069.9600744273534,-34.18844926352631,76556,SAINT-ANTOINE-LA-FORET,76
22430.0,490.0,1535.7142857142858,1638.8336353876643,-103.11934967337857,76576,SAINT-EUSTACHE-LA-FORET,76
25290.0,317.0,1881.790538847118,1919.8351770123836,-38.044638165265724,76592,SAINT-JEAN-DE-FOLLEVILLE,76
24510.0,1588.0,2298.0225988700568,2446.0451669885115,-148.02256811845473,76599,SAINT-LEGER-DU-BOURG-DENIS,76
24950.0,2014.0,2403.1746031746034,2423.0969791427597,-19.922375968156302,76647,SAINT-ROMAIN-DE-COLBOSC,76
21160.0,281.0,1285.4166666666665,1440.014733339222,-154.59806667255543,76652,ST VAAST D EQUIQUEVILLE,76
25000.0,397.0,2367.1287128712875,2255.768967935258,111.35974493602953,76675,SIERVILLE,76
26310.0,302.0,1750.0,1958.0231733252886,-208.02317332528855,77002,AMILLIS,77
31050.0,372.0,2719.5262738853503,2942.5773804369073,-223.05110655155704,77006,ARBONNE-LA-FORET,77
20940.0,371.0,3381.0241935483873,1591.703883146152,1789.3203104022352,77008,ARMENTIERES-EN-BRIE,77
27440.0,351.0,1718.5232483891564,2394.0808733742747,-675.5576249851183,77031,BERNAY VILBERT,77
25300.0,143.0,1484.2461989375342,1696.4335861009179,-212.18738716338362,77043,BOITRON,77
31160.0,1052.0,2897.6646341463415,3599.9187099288765,-702.254075782535,77096,CHARTRETTES,77
24650.0,8698.0,3135.0806451612902,3490.175643171722,-355.09499801043194,77122,COMBS LA VILLE,77
31060.0,637.0,3466.6666666666665,3413.51490120287,53.15176546379644,77124,CONCHES SUR GONDOIRE,77
24820.0,1171.0,2989.82683982684,2861.479230361434,128.3476094654061,77176,FAREMOUTIERS,77
28440.0,641.0,3046.626984126984,2751.2590576397843,295.36792648719984,77229,HOUSSAYE-EN-BRIE (LA),77
19220.0,1424.0,1974.3221523410202,1831.0834398876377,143.2387124533825,77257,LIZY-SUR-OURCQ,77
28250.0,567.0,2211.736641221374,2310.586138562039,-98.84949734066504,77264,LUMIGNY NESLES ORMEAUX,77
27900.0,731.0,2873.873873873874,2788.042285918641,85.83158795523286,77269,MAINCY,77
24000.0,676.0,1437.2503002070393,1501.0478040342955,-63.79750382725615,77279,MAROLLES-SUR-SEINE,77
28360.0,1500.0,3425.4166666666665,3309.8021731072154,115.61449355945115,77315,MONTRY,77
24940.0,2284.0,2333.3333333333335,2311.876037563381,21.457295769952452,77320,MOUROUX,77
27460.0,1202.0,2794.660194174757,2644.0849592228387,150.57523495191845,77322,MOUSSY-LE-NEUF,77
19890.0,3473.0,1965.3152024063165,1939.8963391474454,25.41886325887117,77327,NANGIS,77
27940.0,715.0,3024.7,2883.2957470851557,141.40425291484416,77352,OZOUER-LE-VOULGIS,77
25300.0,311.0,2318.541666666667,1779.6160244546884,538.9256422119786,77357,PECY,77
25010.0,14192.0,3477.7049180327867,3750.906448091509,-273.20153005872226,77373,PONTAULT COMBAULT,77
27610.0,270.0,2850.5882352941176,2552.2992258045006,298.289009489617,77376,PRECY-SUR-MARNE,77
19200.0,5289.0,1948.051948051948,1824.4278223363578,123.62412571559025,77379,PROVINS,77
23200.0,762.0,2300.453514739229,2110.8475353538297,189.60597938539922,77397,SAACY-SUR-MARNE,77
25030.0,1331.0,2960.0,2908.1163626148946,51.88363738510543,77437,SAINT-SOUPPLETS,77
26940.0,2532.0,3463.9217434786233,3469.688563790748,-5.766820312124764,77438,SAINT THIBAULT DES VIGNES,77
22240.0,9955.0,2756.4102564102564,2633.1330123649655,123.2772440452909,77445,SAVIGNY-LE-TEMPLE,77
21350.0,1466.0,2207.7922077922076,1499.1395727648758,708.6526350273318,77482,VARENNES-SUR-SEINE,77
26350.0,136.0,1914.25,2257.8411768581636,-343.59117685816364,77505,VILLEMAREUIL,77
28030.0,776.0,3523.4234234234236,3247.568057720282,275.8553657031416,77521,VILLIERS-SUR-MORIN,77
34380.0,492.0,3142.5,3258.714811145929,-116.21481114592916,78010,ALLUETS-LE-ROI (LES),78
22570.0,7594.0,3564.3564356435645,3415.8832424226594,148.47319322090516,78123,CARRIERES SOUS POISSY,78
26320.0,10703.0,3041.092694632065,3301.9184736891857,-260.8257790571206,78208,ELANCOURT,78
26330.0,2592.0,3050.8474576271187,3092.551539254234,-41.7040816271151,78217,EPONE,78
22930.0,1695.0,2640.740740740741,2592.196278387515,48.544462353225754,78255,FRENEUSE,78
31350.0,969.0,3278.5529906335278,3228.183714523633,50.3692761098946,78265,GARANCIERES,78
24720.0,11518.0,3959.0095713691217,3969.6451963112654,-10.63562494214375,78297,GUYANCOURT,78
24580.0,2213.0,2500.0,2624.83219605939,-124.83219605938984,78354,MAGNANVILLE,78
32980.0,5846.0,4782.378378378378,4615.665324154442,166.71305422393652,78418,MONTESSON,78
34800.0,3110.0,3738.125,3749.2846664341528,-11.159666434152768,78575,SAINT-REMY-LES-CHEVREUSE,78
28610.0,9998.0,4506.25,4299.839207789163,206.41079221083692,78640,VELIZY VILLACOUBLAY,78
28180.0,6481.0,3737.503905029678,3289.5356164854848,447.96828854419346,78642,VERNEUIL SUR SEINE,78
28980.0,3540.0,3430.1669919757105,3474.787417224172,-44.62042524846129,78643,VERNOUILLET,78
21530.0,842.0,1524.8864081472777,1700.3354438579306,-175.44903571065288,79076,LA CHAPELLE-SAINT-LAURENT,79
25270.0,1058.0,1917.0,1898.2636425087323,18.736357491267654,79100,COULON,79
22130.0,1019.0,1416.1918328584995,1602.8552653399165,-186.66343248141698,79101,COULONGES-SUR-L AUTIZE,79
24160.0,468.0,1673.076923076923,1721.3298157711852,-48.25289269426207,79133,GERMOND-ROUVRE,79
21310.0,2253.0,1333.3333333333333,1563.4614528537372,-230.12811952040397,79179,MONCOUTANT-SUR-SEVRE,79
24740.0,1924.0,1819.672131147541,2246.061253411543,-426.389122264002,79185,AIGONDIGNE,79
24620.0,909.0,1504.424778761062,2210.8106640456617,-706.3858852845997,79216,PRAHECQ,79
22070.0,574.0,1429.7619047619048,1598.4176479055452,-168.6557431436404,79235,SAINT AMAND SUR SEVRE,79
21720.0,710.0,2093.0232558139537,2076.256142208877,16.767113605076702,79257,SAINT-HILAIRE-LA-PALUD,79
20850.0,485.0,986.0294117647059,1171.3653524677186,-185.33594070301274,79268,SAINT-LOUP-LAMAIRE,79
23540.0,405.0,1384.6153846153845,1437.1564172002516,-52.541032584867025,79337,LE VANNEAU-IRLEAU,79
20320.0,752.0,1732.142857142857,1571.7231380554288,160.41971908742835,79339,VASLES,79
18430.0,2490.0,1354.2105263157896,1336.0383568356558,18.17216948013379,80253,DOULLENS,80
28240.0,368.0,2131.25,2152.4986313031677,-21.248631303167713,80260,DRUCAT,80
19070.0,495.0,1498.3627963037366,1105.9776269850472,392.38516931868935,80296,L'ETOILE,80
18520.0,1168.0,1559.4901719901718,1141.7969468254773,417.69322516469447,80373,GAMACHES,80
21200.0,670.0,970.0443786982248,1114.085250201212,-144.0408715029871,80443,HORNOY-LE-BOURG,80
20670.0,226.0,1125.0,1242.4211024123067,-117.42110241230671,80524,MEHARICOURT,80
25920.0,426.0,1529.5962902345882,1762.0003294502458,-232.40403921565758,80584,NAOURS,80
21110.0,534.0,1947.579792855633,1958.2342818520885,-10.654488996455484,80598,NOUVION,80
22790.0,289.0,1543.947994872734,1621.495038021895,-77.54704314916103,80652,LE QUESNEL,80
22960.0,1563.0,2640.2210338680925,2440.9708116966335,199.25022217145897,80674,RIVERY,80
20290.0,1328.0,2205.8823529411766,1935.1111731068593,270.7711798343173,80688,RUE,80
24690.0,123.0,804.5729076790337,1844.783042225974,-1040.2101345469403,80784,VAUX SUR SOMME,80
24000.0,1867.0,1820.8955223880596,2109.9400060587927,-289.04448367073314,80799,VILLERS-BRETONNEUX,80
19270.0,1434.0,1503.1590004422821,1776.021151175256,-272.86215073297376,81033,BLAYE LES MINES,81
17840.0,181.0,1827.25,1711.1114119367962,116.13858806320377,81045,LES CABANNES,81
20780.0,7174.0,2054.3956043956046,2102.211728882064,-47.81612448645956,81099,GAILLAC,81
22120.0,2100.0,1849.090909090909,1888.043804621248,-38.95289553033899,81145,LISLE-SUR-TARN,81
20780.0,506.0,1666.6666666666667,1642.2531233985014,24.413543268165313,81168,MIRANDOL-BOURGNOUNAC,81
21510.0,1473.0,1924.5283018867924,1956.8709205072255,-32.342618620433086,81219,PUYLAURENS,81
19970.0,5873.0,1729.0972222222222,1856.2671162048366,-127.16989398261444,82033,CASTELSARRASIN,82
19790.0,702.0,1051.3157894736842,1216.999940057839,-165.68415058415485,82038,CAYLUS,82
23580.0,1765.0,2040.0,2128.831676800318,-88.83167680031784,82075,GRISOLLES,82
21240.0,1557.0,1922.9596165933376,1791.025714821172,131.93390177216565,82079,LABASTIDE-ST-PIERRE,82
19300.0,665.0,1589.7435897435898,1550.9883148312338,38.75527491235607,82117,MONTAIGU-DE QUERCY,82
21630.0,28589.0,2119.0476190476193,2565.620571371478,-446.5729523238588,82121,MONTAUBAN,82
23110.0,1693.0,2066.0377358490564,2132.8567108098755,-66.8189749608191,82124,MONTBETON,82
19710.0,254.0,1339.3755656108597,1332.9416366719595,6.433928938900181,82170,ST PAUL D ESPIS,82
20010.0,1508.0,2991.2537917087966,2410.9301434470694,580.3236482617272,83012,BARJOLS,83
19240.0,406.0,3026.315789473684,2665.4877451786037,360.8280442950804,83045,CORRENS,83
21960.0,26423.0,4032.2580645161293,3697.004065066006,335.25399945012305,83061,FREJUS,83
24260.0,5226.0,4384.803921568628,3890.474839701058,494.3290818675696,83071,LA LONDE LES MAURES,83
22370.0,423.0,3631.5789473684213,2691.5874651694553,939.991482198966,83080,MONS,83
25850.0,2786.0,4112.5,3060.3485315979055,1052.1514684020945,83081,MONTAUROUX,83
21870.0,359.0,2600.0,2226.187361221954,373.8126387780462,83095,PONTEVES,83
24660.0,18905.0,4400.421743205248,4205.949611444811,194.47213176043715,83129,SIX-FOURS-LES-PLAGES,83
26030.0,2342.0,3736.244658119658,3413.4101329373675,322.8345251822907,83131,SOLLIES-TOUCAS,83
24970.0,673.0,4007.5,3340.021501138488,667.478498861512,83133,TANNERON,83
23740.0,1148.0,3602.734375,2752.402141339896,850.3322336601041,83136,LE THORONET,83
24780.0,2855.0,3486.206896551724,3244.308871325954,241.8980252257702,83141,TRANS-EN-PROVENCE,83
23080.0,1983.0,2807.7403129657228,2554.531570326964,253.20874263875885,83143,LE VAL,83
18860.0,4988.0,2745.4545454545455,2377.0128386921915,368.441706762354,84003,APT,84
22130.0,1133.0,2048.3870967741937,1911.3895050194603,136.99759175473332,84012,BEAUMES-DE-VENISE,84
25010.0,814.0,3289.7196261682243,2919.844659123298,369.8749670449265,84071,MAUBEC,84
22780.0,2309.0,2864.1176470588234,2644.352607831137,219.76503922768643,84091,PIOLENC,84
22200.0,2415.0,2638.8888888888887,2374.7929765356953,264.0959123531934,84122,SARRIANS,84
20430.0,8084.0,2891.975308641975,1983.803934919264,908.171373722711,84129,SORGUES,84
23880.0,3677.0,3004.424778761062,2783.2910032054046,221.1337755556574,84132,LE THOR,84
25630.0,1382.0,2536.231884057971,2561.6884135399646,-25.456529481993584,84147,VILLELAURE,84
22540.0,1049.0,2853.6585365853657,2728.5629453934957,125.09559119186997,85002,AIGUILLON-SUR- VIE (L'),85
21850.0,1015.0,2142.8571428571427,1881.888823521607,260.9683193355356,85029,BOUIN,85
21660.0,1319.0,909.0909090909091,1115.2435656295665,-206.15265653865742,85031,BOUPERE (LE),85
22660.0,1459.0,1673.731884057971,1962.0752799392003,-288.3433958812293,85034,BOURNEZEAU,85
22550.0,1588.0,2205.383038057743,2415.1722419097337,-209.7892038519908,85039,BRUFFIERE (LA),85
21810.0,816.0,1681.068524970964,1831.836162063152,-150.7676370921879,85042,CHAILLE-LES-MARAIS,85
21500.0,3806.0,1734.0425531914893,1737.0210691025193,-2.9785159110299446,85051,CHANTONNAY,85
21890.0,2601.0,1737.2171945701357,1850.5332987260977,-113.31610415596197,85090,SEVREMONT,85
20150.0,405.0,1507.3076923076924,1587.4981800203532,-80.1904877126608,85110,HERMENAULT (L ),85
23030.0,1054.0,1953.7037037037035,2076.6183683027393,-122.91466459903586,85119,LANDES GENUSSON (LES),85
22740.0,1482.0,1925.100806451613,2048.3529927365516,-123.25218628493872,85129,LUCS SUR BOULOGNE (LES),85
22110.0,1252.0,1666.6666666666667,1878.2836769384126,-211.6170102717458,85135,MAREUIL-SUR-LAY-DISSAIS,85
22560.0,394.0,1747.5728155339805,1750.4845232103005,-2.9117076763200203,85142,MERLATIERE (LA),85
24050.0,8365.0,2236.6597366597366,2559.7664309002093,-323.10669424047273,85146,MONTAIGU-VENDEE,85
21660.0,1010.0,1366.2476503759399,1381.2387202871378,-14.991069911197883,85159,NALLIERS,85
22750.0,1074.0,2011.904761904762,2075.942673137092,-64.03791123232986,85161,NIEUL-LE-DOLENT,85
22360.0,1411.0,2328.9473684210525,1947.3184071461862,381.62896127486624,85190,ROCHESERVIERE,85
23090.0,772.0,2088.5172413793102,1616.2778845469718,472.23935683233844,85218,SAINT-GEORGES-DE-POINTINDOUX,85
21560.0,415.0,1902.7777777777778,1868.7731819966386,34.00459578113919,85232,SAINT-HILAIRE-LE-VOUHIS,85
23630.0,1394.0,1795.9183673469388,2019.8615012340433,-223.94313388710452,85238,SAINT-LAURENT-SUR-SEVRE,85
21580.0,680.0,2643.75,2263.882508197744,379.86749180225615,85268,SAINT-REVEREND,85
21320.0,550.0,1140.892857142857,1345.1059888341485,-204.21313169129144,85289,TERVAL,85
22630.0,714.0,2075.8055503818214,2000.5227830967694,75.28276728505193,85301,VENDRENNES,85
24300.0,757.0,2340.5612244897957,2472.3218465536793,-131.7606220638836,86027,BIARD,86
23600.0,4740.0,2050.882658359294,2536.8166473713163,-485.93398901202227,86041,BUXEROLLES,86
21050.0,419.0,1125.604960677556,1205.8624824050248,-80.25752172746888,86042,BUXEUIL,86
21470.0,381.0,923.9130434782609,1677.7195532445653,-753.8065097663044,86153,MAZEROLLES,86
24800.0,2579.0,2022.4719101123596,2244.408598613143,-221.93668850078348,86158,MIGNE-AUXANCES,86
21660.0,1094.0,966.0377358490566,1406.0338218840188,-439.9960860349622,86213,ROUILLE,86
19900.0,753.0,1062.5,1233.1623128630335,-170.66231286303355,87059,LE DORAT,87
24410.0,4833.0,1829.6533371691598,2285.242654523955,-455.5893173547952,87114,PANAZOL,87
25000.0,1942.0,1814.90756302521,2880.9298680921347,-1066.0223050669247,87125,RILHAC RANCON,87
21820.0,1801.0,1373.134328358209,1762.930205961918,-389.7958776037092,87126,ROCHECHOUART,87
24230.0,710.0,1597.9381443298969,2217.7319795509857,-619.7938352210888,87152,SAINT-JOUVENT,87
23220.0,745.0,1776.2886597938145,1911.9733139994587,-135.68465420564416,87185,SAINT-VICTURNIEN,87
24210.0,533.0,1591.1217374366965,2077.3648086804915,-486.24307124379493,88012,ARCHETTES,88
24500.0,1605.0,2098.2428860208365,2255.4718929341043,-157.22900691326777,88087,CHANTRAINE,88
20150.0,409.0,1572.1733796769577,1479.7743305437314,92.3990491332263,88135,DOCELLES,88
25440.0,683.0,2239.5061728395062,2224.936795306471,14.569377533035095,88136,DOGNEVILLE,88
26430.0,836.0,2390.151515151515,2958.150104258738,-567.9985891072229,88178,LES FORGES,88
20430.0,4232.0,1711.2601748567981,1803.8594146719088,-92.59923981511065,88209,GOLBEY,88
23950.0,964.0,2613.0800340570454,2607.4187891152005,5.6612449418448705,88225,HADOL,88
20490.0,944.0,1878.0831571529247,1837.1906101899094,40.89254696301532,88327,NOMEXY,88
20800.0,1849.0,1948.051948051948,1873.2477415055298,74.8042065464183,88487,LE VAL D AJOL,88
23740.0,1402.0,1818.5501066098082,2105.4202750950453,-286.8701684852372,89013,APPOIGNY,89
20340.0,17037.0,1769.0196078431372,2636.1577281513682,-867.138120308231,89024,AUXERRE,89
19840.0,3073.0,1493.6708860759493,1603.7891045945842,-110.11821851863488,89025,AVALLON,89
24490.0,1009.0,1500.0,2528.511243005319,-1028.511243005319,89068,CHABLIS,89
21710.0,2405.0,1121.7948717948718,1706.674790496272,-584.8799187014001,89086,CHARNY OREE DE PUISAYE,89
20850.0,1041.0,1187.9988565178483,1257.8352988455085,-69.83644232766028,89099,CHENY,89
18260.0,3934.0,1354.1666666666667,1416.401829054624,-62.23516238795719,89206,JOIGNY,89
17930.0,2967.0,1409.6385542168675,1331.691558952494,77.94699526437353,89257,MIGENNES,89
19860.0,699.0,1178.4615384615386,1236.234682781432,-57.77314431989339,89344,SAINT FARGEAU,89
20730.0,1250.0,1356.25,1859.6357419487188,-503.38574194871876,89419,TOUCY,89
23060.0,1859.0,1793.4782608695652,1867.8361232183365,-74.35786234877128,90008,BAVILLIERS,90
25030.0,266.0,1694.915254237288,1979.481815285444,-284.566561048156,90091,SAINT-GERMAIN-LE-CHATELET,90
22130.0,1696.0,2243.5897435897436,2209.6185830554,33.97116053434365,91016,ANGERVILLE,91
23680.0,10857.0,3273.688811188811,3410.1150574936105,-136.4262463047994,91103,BRETIGNY SUR ORGE,91
33510.0,4001.0,3755.5555555555557,3764.054306395049,-8.498750839493368,91122,BURES SUR YVETTE,91
26290.0,136.0,3192.2751450676983,2801.9660665465403,390.30907852115797,91137,CHAMPMOTTEUX,91
23770.0,2506.0,3043.956043956044,3048.5798235646857,-4.623779608641598,91207,EGLY,91
18880.0,4215.0,2671.3615023474176,2449.1427756081043,222.2187267393133,91215,EPINAY-SOUS-SENART,91
30150.0,1636.0,3049.0990990990995,3078.728154899953,-29.62905580085362,91249,FORGES-LES-BAINS,91
28550.0,356.0,1799.3079584775087,2031.3935572934686,-232.08559881595988,91293,GUIGNEVILLE,91
28880.0,3407.0,3156.190476190476,3392.2347977828745,-236.04432159239832,91363,MARCOUSSIS,91
24560.0,22023.0,4418.018435834654,4319.215927174639,98.80250866001552,91377,MASSY,91
26310.0,3818.0,3723.333333333333,3649.958682639158,73.37465069417522,91425,MONTLHERY,91
26790.0,1870.0,3180.3278688524592,3036.0869201619857,144.2409486904735,91461,OLLAINVILLE,91
21390.0,11642.0,3469.1011235955057,2939.8772171749865,529.2239064205191,91657,VIGNEUX SUR SEINE,91
29140.0,907.0,3875.4134615384614,3555.0817073584785,320.3317541799829,91666,VILLEJUST,91
28170.0,11880.0,3750.0,3639.557789621873,110.44221037812713,91691,YERRES,91
29920.0,23312.0,4187.5,4163.13336939703,24.366630602969963,92023,CLAMART,92
25100.0,34936.0,4603.062913907284,4428.9376363110405,174.1252775962439,92025,COLOMBES,92
21620.0,37608.0,4137.931034482759,3754.4429436520672,383.4880908306918,92050,NANTERRE,92
32980.0,34179.0,4079.136690647482,4251.478410036706,-172.34171938922418,92063,RUEIL-MALMAISON,92
18710.0,28734.0,3816.326530612245,3466.9313539946943,349.39517661755053,93005,AULNAY SOUS BOIS,93
25800.0,11354.0,4298.538011695906,3994.7294684024027,303.80854329350313,94016,CACHAN,94
26100.0,8101.0,4411.594761171033,3659.581033189024,752.0137279820087,94059,LE PLESSIS-TREVISE,94
17690.0,5069.0,3145.8438456827926,2444.5269713908083,701.3168742919843,94074,VALENTON,94
29910.0,769.0,3220.9161706349205,3151.453508403028,69.46266223189241,95042,BAILLET-EN-FRANCE,95
22220.0,3880.0,3277.777777777778,2522.9742128543417,754.8035649234362,95052,BEAUMONT-SUR-OISE,95
26460.0,2583.0,3522.422480620155,3404.628211066372,117.79426955378312,95183,COURDIMANCHE,95
24940.0,12392.0,4427.692307692308,3897.8781354806138,529.8141722116939,95219,ERMONT,95
31130.0,1924.0,4888.888888888889,3434.165455792667,1454.7234330962215,95257,LA FRETTE-SUR-SEINE,95
28610.0,5748.0,3830.955713094245,3706.733357231185,124.22235586305987,95313,L'ISLE-ADAM,95
28790.0,508.0,3482.1428571428573,3176.483271259004,305.6595858838532,95409,MOISSELLES,95
26100.0,5999.0,3247.2215541165588,3471.371012777705,-224.14945866114613,95476,OSNY,95
28950.0,2131.0,2911.5726227795194,3003.870225868418,-92.29760308889854,95480,PARMAIN,95
28550.0,3428.0,4189.219416386083,3718.1838328196004,471.0355835664827,95491,PLESSIS-BOUCHARD (LE),95
22340.0,12071.0,3598.127281021898,3127.3220507608053,470.8052302610927,95500,PONTOISE,95
21350.0,9574.0,3125.2631578947367,1937.069880150772,1188.1932777439647,95572,ST OUEN L AUMONE,95
